StudentID,Age,StudyHours,Attendance,PreviousGPA,AssignmentsCompleted,SleepHours,InternetHours,Scholarship_si,Program_contador auditor,Program_ingenieria civil,Program_ingenieria industrial,Program_ingenieria informatica,FinalGrade
STU-10522,-0.3870951161637552,-0.2643429395620457,-0.1002099478585553,0.5249152570992267,-1.1603609970117534,-0.6016825236465203,-0.5775660807466133,1.0,0.0,0.0,1.0,0.0,3.96
STU-10947,8.909592375756553,-0.406168844539769,1.461586932809776,1.4556942023898072,-0.6003729500073086,-0.3967953757478692,0.4834197921055834,0.0,0.0,0.0,0.0,1.0,5.09
STU-11352,0.47771302261952925,0.19659125161555516,0.7776242156928956,0.49713081097115025,0.7665722313984127,-0.24927662926083988,-0.00043640265668198663,0.0,1.0,0.0,0.0,0.0,4.37
STU-12298,0.6939150573153504,1.435879516539947,-0.2970337513454277,-0.864307049304625,0.4054517344199052,-0.6918328687219264,-0.16366499848009702,0.0,1.0,0.0,0.0,0.0,4.02
STU-13527,-0.8194991855553975,-1.0123057479564674,-1.4346753354995503,-1.211612625905588,-1.5157380268414975,-0.577096065898682,-0.6620951750123103,0.0,0.0,1.0,0.0,0.0,3.24
STU-11440,-0.6032971508595764,0.2607505895816682,0.06659822559656975,1.3584486409415384,0.6107806849882016,-1.0524342490235528,-0.35604155784340724,1.0,0.0,0.0,1.0,0.0,4.65
STU-11553,-0.3870951161637552,2.2530668737925432,1.2263824876429634,1.789107555926732,1.0544635222301855,0.8489184834759294,-0.9972967557211087,1.0,0.0,0.0,0.0,1.0,6.63
STU-13546,0.26151098792370814,0.4194605308662633,-2.128479242790776,1.094496402724806,-0.016693101014214482,0.20967058203213837,0.792388205628476,1.0,0.0,0.0,1.0,0.0,4.97
STU-14415,11.071612722714764,-0.7050162871714002,0.33969125293460434,-1.267181518161742,0.4126310683558602,0.012978920049433091,-0.16657979483408653,0.0,1.0,0.0,0.0,0.0,4.17
STU-11738,0.26151098792370814,-1.415834215690704,-0.8579815912830142,-0.364187018999238,-2.488537775163322,1.0538056313745805,1.6289347592234775,1.0,0.0,0.0,0.0,0.0,2.83
STU-11735,-1.2519032549470397,-0.5243570986878716,0.41743665531191815,-0.7531692647923168,-0.21197098407217468,1.1767379201137715,-0.8049201963577983,0.0,0.0,0.0,0.0,1.0,4.32
STU-10686,0.47771302261952925,-1.2655662925595448,-1.1266460830425953,0.4415619187149961,-1.9536773969347172,2.6601208709000064,0.43095345773377153,0.0,0.0,0.0,0.0,1.0,3.11
STU-14277,1.7749252307944559,0.6457066173783457,-0.10316230491085851,-0.3919714651273156,0.1735592482885781,0.5456855045859264,-1.4724085614214055,0.0,1.0,0.0,0.0,0.0,3.73
STU-11715,1.3425211614028136,0.3991996872980172,-1.1433761063389798,0.4832385879071108,0.3846316660056379,-0.3476224602521925,-0.48137780106495814,0.0,0.0,1.0,0.0,0.0,4.24
STU-14530,-0.8194991855553975,-0.2221328487948661,-0.039194568777625824,0.7471908261238431,0.19222551652205894,-1.4458175729889624,-1.041018701030952,0.0,0.0,0.0,1.0,0.0,4.09
STU-14655,0.6939150573153504,-0.8265813485808772,0.14680392551746863,0.691621933867689,-0.5996550166137139,0.09493377920889398,0.1598773968127433,0.0,0.0,0.0,1.0,0.0,4.62
STU-13555,0.47771302261952925,-1.0443854169395237,0.06659822559656975,-1.419995971866165,-0.8451882372233542,0.02117440596537969,0.019967171821244956,0.0,0.0,1.0,0.0,0.0,3.05
STU-12994,-0.6032971508595764,-0.41629926632389186,-1.0931860364498267,-0.8226303801125091,-1.0720551895995147,1.3734295820964768,0.7370070749026747,1.0,1.0,0.0,0.0,0.0,2.58
STU-10322,0.26151098792370814,-0.08537215470920427,-0.5214128873204623,-0.19748034223077562,-0.17751018117959316,0.14410669470456994,1.663912315471352,0.0,1.0,0.0,0.0,0.0,2.61
STU-10564,1.1263191267069925,0.7723368896798843,-0.4663022223441378,0.23317857275441786,1.0544635222301855,-0.9049155025365234,-1.151780962482555,0.0,0.0,1.0,0.0,0.0,4.25
STU-13999,-1.2519032549470397,-0.3740891755567123,-1.2929621969890024,1.4695864254538455,-1.2687689394446655,0.36538481443511356,0.17445137858269102,0.0,0.0,0.0,0.0,0.0,4.52
STU-10173,0.26151098792370814,0.31309110213297064,0.889813783680413,1.789107555926732,-0.6872428906323578,-0.16732177010137972,0.2298325093084926,0.0,0.0,0.0,0.0,0.0,4.76
STU-14145,0.04530895322788702,2.1618930777354355,1.500951693507151,1.6085086560942314,0.7278038281442594,0.9390688285513369,0.7632402420885805,0.0,0.0,1.0,0.0,0.0,6.2
STU-13109,0.26151098792370814,-0.5496831531481794,-0.41611215245498623,-0.44754035738346976,0.1426881123639736,-0.27386308700867823,-0.6650099713662998,0.0,0.0,1.0,0.0,0.0,3.91
STU-12215,-1.0357012202512186,0.22360570970655008,1.3533338408919968,0.1081485651780714,1.0544635222301855,-1.7162686082151821,-1.3295835400759175,1.0,0.0,1.0,0.0,0.0,4.99
STU-11673,0.26151098792370814,-0.9650304462972262,-1.7279428026949903,-1.1838281797775103,-3.1318060958248384,1.4062115257602616,0.8798320962481627,0.0,0.0,0.0,1.0,0.0,2.57
STU-12193,-0.6032971508595764,-0.5378643277333691,0.4971502957241017,0.26096301888249557,-0.9126739762213266,0.7505726524845775,-0.3997635031532506,0.0,0.0,0.0,1.0,0.0,4.32
STU-14617,0.04530895322788702,0.14593914269493988,-0.28128784706647825,0.1498252343701873,1.0544635222301855,-1.7818324955427505,0.8856616889561417,1.0,0.0,0.0,0.0,1.0,3.71
STU-10533,-0.6032971508595764,0.1543811608483756,0.3268977057079567,-1.114367064457318,0.1735592482885781,-0.5197276644870594,0.5358861264773958,0.0,0.0,0.0,0.0,1.0,3.98
STU-14192,-0.3870951161637552,-0.87892186113218,-0.8176327115682057,-1.961792671363668,-2.052034271857293,1.6110986736589128,0.3901463087779179,0.0,0.0,0.0,1.0,0.0,2.52
STU-11985,-0.3870951161637552,-1.9020944613286124,-1.7486093020611113,-0.9754448338169333,-0.9378016449971667,0.33260287077132933,-0.702902323968164,1.0,0.0,0.0,0.0,0.0,3.46
STU-13649,0.26151098792370814,0.8854599329359258,-0.5076352210763811,1.3584486409415384,1.0544635222301855,1.2504972933572858,-1.51030091402327,0.0,0.0,1.0,0.0,0.0,5.11
STU-14038,-1.0357012202512186,0.22529411333723723,0.729402383838611,-0.558678141895778,1.0544635222301855,-0.5525096081508436,0.34642436346807454,1.0,0.0,0.0,1.0,0.0,4.29
STU-13059,0.6939150573153504,0.10372905192776032,-2.4955556362937923,1.0111430643405754,-0.27873878967655025,0.045760863713217304,0.777814223858528,1.0,0.0,0.0,0.0,0.0,3.58
STU-13506,0.04530895322788702,-0.048227274834086155,0.06659822559656975,-0.5725703649598162,0.3752985318888975,0.8407229975599835,0.4222090686718031,0.0,0.0,1.0,0.0,0.0,2.74
STU-11411,0.9101170920111715,0.012555255870652312,-0.6552530736915354,1.5807242099661536,-1.8316287200234924,-2.347321023743028,0.8681729108322043,0.0,0.0,0.0,0.0,0.0,4.03
STU-13000,-0.6032971508595764,0.7942861368788176,0.5256897472296987,-0.10023478078250683,1.0544635222301855,0.9800462581310663,-0.761198251047955,0.0,0.0,0.0,0.0,1.0,4.38
STU-10378,-0.17089308146793408,-0.4922774297048152,-0.7576014515047097,1.1222808488528826,0.3078127928909251,-1.167171051846797,-1.0555926828008997,0.0,1.0,0.0,0.0,0.0,3.89
STU-13326,-1.2519032549470397,0.6541486355317817,0.3416594909694727,0.9972508412765361,0.9510811135524418,-0.536118636318952,-0.5192701536668223,1.0,1.0,0.0,0.0,0.0,5.15
STU-11192,0.9101170920111715,-1.6589643385096582,0.3967701559457971,-0.2252647883588533,-1.1029263255241182,0.07854280737700152,-1.172184536960482,0.0,0.0,0.0,1.0,0.0,3.69
STU-12137,0.9101170920111715,-0.35720513924984054,-1.5655631648183201,0.5804841493553808,-0.6412951534422494,-1.4458175729889624,1.7338674279671014,0.0,0.0,0.0,0.0,1.0,4.01
STU-10611,-0.8194991855553975,0.8111701731856896,0.4528649399395551,1.136173071916922,1.0544635222301855,-0.5279231504030053,-0.14326142400217007,1.0,0.0,1.0,0.0,0.0,5.26
STU-10420,-0.3870951161637552,-0.9498348136210416,0.287532945010583,-1.225504848969626,-0.8107274343307737,-0.5033366926551677,-0.7757722328179028,0.0,0.0,0.0,0.0,0.0,2.66
STU-11914,0.26151098792370814,0.3553011929001502,1.500951693507151,1.3723408640055768,1.0544635222301855,-1.0360432771916601,-0.6650099713662998,0.0,0.0,0.0,0.0,1.0,5.1
STU-12156,1.3425211614028136,0.18983763709280657,-0.9465523028521073,0.31653191113864965,-0.24643178696475618,0.15230218062051654,-0.344382372427449,1.0,0.0,0.0,0.0,1.0,4.04
STU-13582,-0.17089308146793408,0.8398730349073714,0.478452034392849,0.024795226793840854,1.0544635222301855,-1.3474717419976099,-0.930256439579349,1.0,0.0,1.0,0.0,0.0,4.6
STU-12642,0.04530895322788702,0.25906218595098107,0.19896223344148992,0.21928634969037966,0.8555959722042482,1.488166384919722,1.462791367046073,0.0,1.0,0.0,0.0,0.0,4.92
STU-13706,-0.17089308146793408,-0.048227274834086155,-0.6591895497612735,-0.8781992723686632,1.0544635222301855,-0.27386308700867823,-1.5394488775631654,0.0,0.0,0.0,1.0,0.0,3.76
STU-14913,-0.6032971508595764,-0.2542125177779225,0.06659822559656975,-1.2393970720336644,-0.35627559618485893,-1.1589755659308512,-0.9710635885352027,1.0,0.0,1.0,0.0,0.0,3.12
STU-10549,0.47771302261952925,1.4696475891536904,1.500951693507151,-0.8226303801125091,1.0544635222301855,-0.5934870377305738,1.0226571175936507,0.0,1.0,0.0,0.0,0.0,4.55
STU-10758,-1.2519032549470397,0.6136269483952893,-0.6769036920750913,-0.05855811159039094,1.0544635222301855,-1.126193622267067,1.7601005951530073,0.0,0.0,0.0,0.0,1.0,4.2
STU-11896,0.26151098792370814,-0.13940107089119416,-0.7113478576852948,-0.6003548110878927,-1.6851703077300217,0.5129035609221422,-0.18115377660403423,0.0,1.0,0.0,0.0,0.0,2.94
STU-12682,-1.0357012202512186,0.16282317900181162,0.853401380035341,0.024795226793840854,0.24463465425452652,-0.9376974462003076,0.12781463691885814,0.0,0.0,1.0,0.0,0.0,4.91
STU-10071,1.3425211614028136,-0.9532116208824158,-1.806672324089739,-1.1421515105853957,-1.0447737206428873,-0.9950658476119302,-1.0322743119689832,1.0,0.0,1.0,0.0,0.0,2.87
STU-12224,-1.2519032549470397,0.0412581175923344,1.2411442729044795,-0.6837081494721244,1.0544635222301855,-0.4787502349073294,-0.554247709914697,0.0,0.0,0.0,1.0,0.0,3.61
STU-13314,-1.2519032549470397,0.4566054107413814,0.06659822559656975,-0.6837081494721244,-0.11863964290476739,0.31621189893943685,-0.6096288406404983,0.0,0.0,0.0,1.0,0.0,3.88
STU-11726,-1.0357012202512186,-0.87892186113218,-0.8333786158471551,-0.7253848186642391,-0.17822811457318896,-0.3066450306724624,0.96144639415987,0.0,1.0,0.0,0.0,0.0,2.99
STU-14904,1.1263191267069925,-1.9020944613286124,-0.11005113803289977,-1.614487094762705,-0.9406733785715489,0.48012161725835795,-1.5511080629791236,0.0,1.0,0.0,0.0,0.0,2.51
STU-14527,-1.2519032549470397,-0.750603185199954,0.9990509946156271,-1.3366426334819344,0.1735592482885781,-0.19190822784921804,-0.5192701536668223,0.0,1.0,0.0,0.0,0.0,3.38
STU-13050,-0.3870951161637552,0.19659125161555516,-0.40823920031551153,-0.6281392572159703,0.4032979342391198,0.045760863713217304,1.8825220420205684,0.0,0.0,0.0,0.0,1.0,5.09
STU-12544,-0.17089308146793408,-0.7657988178761386,-2.047781483361158,-1.0865826183292415,-1.284563474103765,0.5948584200816031,0.05202993171512986,0.0,0.0,0.0,0.0,1.0,3.19
STU-10627,0.26151098792370814,0.6997355335603356,-1.4494371207610661,-0.04466588852635272,0.5590894806493298,0.3489938426032211,1.171311731647118,1.0,0.0,0.0,0.0,1.0,3.98
STU-10691,-0.6032971508595764,-0.8434653848877491,-3.3773262759149807,-0.2252647883588533,-1.415945285131731,0.9800462581310663,-1.3033503728900115,0.0,0.0,1.0,0.0,0.0,1.65
STU-10450,0.47771302261952925,0.1661999862631859,0.6004827925547094,-1.767301548467128,0.1735592482885781,-1.0524342490235528,-0.35021196513542824,0.0,0.0,1.0,0.0,0.0,3.93
STU-14977,-0.17089308146793408,0.3958228800366426,0.6870852660889342,0.42766969565095664,0.1735592482885781,0.48012161725835795,-0.16657979483408653,1.0,0.0,0.0,1.0,0.0,5.5
STU-13284,-0.17089308146793408,-1.334790841417719,-0.7585855705221431,-2.364667140220785,-0.7705231642894288,-0.019803023614350393,-1.3120947619519803,0.0,0.0,0.0,0.0,1.0,2.24
STU-13671,0.04530895322788702,-0.3285022775281584,-0.22814542012502206,0.3582085803307643,-1.9242421277973043,0.8571139693918767,-0.6271176187644357,0.0,0.0,0.0,0.0,0.0,3.39
STU-13436,0.26151098792370814,-0.2981110121757892,-1.5261984041209464,-0.4892170265755844,-0.5077595422334972,0.2342570397799767,-0.8428125489596625,1.0,0.0,0.0,1.0,0.0,4.75
STU-10371,-1.2519032549470397,0.8331194203846228,0.44597610681751526,0.31653191113864965,0.2424808540737401,1.4963618708356679,-0.6504359895963522,1.0,0.0,1.0,0.0,0.0,4.81
STU-14491,-0.6032971508595764,-0.6695598109269691,0.5207691521425273,-0.1835881191667374,0.1735592482885781,1.6356851314067504,-0.5192701536668223,0.0,0.0,0.0,0.0,1.0,4.01
STU-10787,-0.3870951161637552,-0.8282697522115644,-0.04214692582992902,-0.7948459339844327,-1.5186097604158797,1.275083751105125,-0.9419156249953071,0.0,0.0,0.0,1.0,0.0,3.54
STU-11541,-0.8194991855553975,-1.7552033454588274,-1.4435324066564599,-0.1280192269105833,-1.756963647089566,-0.40499086166381504,-1.422857023403583,1.0,0.0,0.0,1.0,0.0,2.94
STU-13577,0.26151098792370814,-0.6611177927735334,-0.9622982071310567,-0.961552610752895,1.0544635222301855,-0.7082238405538188,0.14238861868880612,0.0,0.0,0.0,0.0,1.0,3.54
STU-13293,0.9101170920111715,-0.06511131114095792,-0.11989232820724283,-0.21137256529481507,0.6832919577413417,-0.27386308700867823,-0.9069380687474327,0.0,0.0,0.0,0.0,0.0,4.05
STU-11502,-1.2519032549470397,0.6018081229804789,-0.2734148949270035,-0.2669414575509692,0.23458358674419028,1.8815497088851325,-0.904023272393443,0.0,0.0,0.0,0.0,0.0,4.38
STU-11248,-0.3870951161637552,-0.10732140190813748,-1.6698797806663628,1.386233087069615,-0.16458738009487572,0.32440738485538345,-0.5367589317907595,0.0,0.0,0.0,1.0,0.0,3.95
STU-11483,-0.3870951161637552,-0.048227274834086155,-1.4258182643426407,-1.5311337563784733,-1.940036662456404,0.7423771665686316,-0.16657979483408653,1.0,0.0,0.0,0.0,0.0,2.97
STU-11197,0.6939150573153504,-0.048227274834086155,-0.33836675007767103,0.5526997032273043,-0.9823135154000844,-1.257321396922204,3.0513553799703788,1.0,0.0,0.0,1.0,0.0,4.03
STU-12355,-0.6032971508595764,-1.0139941515871544,-1.4159770741682975,0.03868744985787907,0.18432824919250912,-0.43777280532759927,0.46884581033563594,0.0,0.0,0.0,1.0,0.0,2.9
STU-13295,-0.17089308146793408,-0.5479947495174923,-1.0931860364498267,0.024795226793840854,-0.4941188077551829,-0.5279231504030053,-0.638776804180394,1.0,1.0,0.0,0.0,0.0,4.48
STU-11954,0.04530895322788702,-0.9549000245131031,-0.11595585213750616,0.6360530416115349,-0.3914543324710352,0.6768132792410632,-0.1840685729580237,1.0,0.0,0.0,0.0,1.0,4.98
STU-10190,-1.2519032549470397,-1.657275934878971,-2.1944152169588773,0.6360530416115349,-3.068627957188439,0.24245252569592257,-0.5163553573128328,0.0,0.0,0.0,0.0,1.0,2.12
STU-14114,-0.17089308146793408,1.8664224423651785,0.06659822559656975,1.789107555926732,1.0544635222301855,0.816136539812146,-0.16657979483408653,0.0,0.0,0.0,1.0,0.0,4.76
STU-12753,0.6939150573153504,-0.35045152472709196,-0.0864322816144742,-0.558678141895778,-0.6089881507304543,1.0947830609543114,-0.9535748104112654,0.0,0.0,1.0,0.0,0.0,3.73
STU-10158,-1.0357012202512186,-0.048227274834086155,-1.1512490584784545,-1.3366426334819344,-1.1151311932152408,1.1603469482818798,-0.5046961718968745,0.0,1.0,0.0,0.0,0.0,2.73
STU-13760,-0.6032971508595764,-0.12927064910707098,-0.6621419068135768,-0.5725703649598162,-0.4740166727345115,0.14410669470456994,0.9497872087439121,0.0,1.0,0.0,0.0,0.0,3.44
STU-14372,-1.2519032549470397,0.519076345076807,-0.1641776839917894,1.0250352874046138,1.0544635222301855,1.1275650046180963,-0.7466242692780072,0.0,0.0,0.0,0.0,1.0,5.85
STU-12012,-0.8194991855553975,-0.08368375107851712,-0.3373826310602376,-0.030773665462313266,0.8168275689500939,0.8243320257280918,-0.7349650838620491,0.0,0.0,1.0,0.0,0.0,4.85
STU-14911,-1.2519032549470397,-0.2187560415334915,-0.35903324944379345,-0.461432580447508,-1.2515385379983752,-0.5033366926551677,-1.4024534489256562,1.0,1.0,0.0,0.0,0.0,3.61
STU-10960,-0.3870951161637552,0.0412581175923344,0.4735314393056775,0.8444363875721131,-0.690114624206739,0.4637306454264662,0.17153658222870152,0.0,0.0,0.0,0.0,1.0,4.98
STU-10689,-0.6032971508595764,0.34854757837740163,1.3936827206068052,0.5804841493553808,0.1735592482885781,0.3489938426032211,0.5708636827252701,0.0,0.0,1.0,0.0,0.0,4.63
STU-14852,-0.17089308146793408,0.7199963771285819,0.06659822559656975,-0.35029479593519974,-0.5027340084783286,0.2998209271075451,-0.7699426401099236,0.0,1.0,0.0,0.0,0.0,4.2
STU-12737,0.04530895322788702,0.610250141133915,0.889813783680413,-1.9479004482996296,1.0544635222301855,1.5045573567516137,-1.3150095583059698,0.0,0.0,1.0,0.0,0.0,4.34
STU-13404,1.3425211614028136,-0.5327991168413077,-1.2211215087162934,-0.6976003725361627,0.5705764149468577,-1.4376220870730165,-0.761198251047955,1.0,0.0,0.0,0.0,1.0,4.47
STU-11485,-0.8194991855553975,-0.4872122188127535,-1.0164247530899464,-0.5170014727036621,-1.2903069412525285,0.7013997369889016,-0.767027843755934,1.0,0.0,0.0,1.0,0.0,2.87
STU-11178,0.47771302261952925,-0.4703281825058817,-1.0941701554672616,0.5804841493553808,-0.838726836680996,0.02117440596537969,3.3894717570331667,1.0,0.0,0.0,0.0,0.0,4.31
STU-14613,-1.0357012202512186,-0.19005317981180944,-1.7003874702068282,-0.767061487856355,0.1735592482885781,-0.15093079826948724,1.2354372514348877,0.0,0.0,1.0,0.0,0.0,2.59
STU-11696,1.1263191267069925,-1.5205152407933091,0.11334387892470138,-1.1421515105853957,-2.212851352022672,-0.8721335588727391,-0.3706155396133552,1.0,1.0,0.0,0.0,0.0,3.09
STU-12164,0.6939150573153504,1.0053365907147154,0.7303865028560459,-0.808738157048471,1.0544635222301855,-0.8147651574611173,1.9320735800383908,1.0,0.0,0.0,1.0,0.0,4.93
STU-11377,-0.17089308146793408,0.5528444176905505,-0.005734522184857188,0.8722208337001897,-0.5099133424142835,0.9472643144672828,0.4571866249196777,0.0,0.0,1.0,0.0,0.0,4.64
STU-14598,-1.0357012202512186,0.3164679093943452,-0.12874939936415242,1.441801979325769,-0.0863326401929723,0.644031335577279,1.0459754884255672,0.0,0.0,0.0,1.0,0.0,5.37
STU-14485,0.47771302261952925,0.6710326718386531,0.8632425702096842,-0.16969589610269917,-0.3799673981735084,-0.7655922419654406,-1.0468482937389312,1.0,1.0,0.0,0.0,0.0,4.77
STU-11929,0.9101170920111715,-0.19849519796524548,-2.6047928472290063,-0.711492595600201,0.1735592482885781,2.365083377925949,-0.7582834546939654,1.0,0.0,0.0,0.0,0.0,3.46
STU-14822,-0.17089308146793408,0.7622064678957614,1.500951693507151,1.05281973353269,1.0544635222301855,0.9062868848875519,-0.4085078922152193,0.0,0.0,0.0,1.0,0.0,5.69
STU-12423,-0.3870951161637552,-0.4770817970286306,1.500951693507151,0.03868744985787907,1.0544635222301855,-0.9295019602843617,0.13655902598082686,0.0,0.0,1.0,0.0,0.0,4.17
STU-13876,0.9101170920111715,1.5287417162277421,1.500951693507151,0.1081485651780714,1.0544635222301855,-0.04438948136218873,0.35225395617605376,0.0,1.0,0.0,0.0,0.0,4.59
STU-10355,-0.17089308146793408,1.4460099383240699,0.910480283046534,1.789107555926732,1.0544635222301855,-0.9458929321162541,0.6058412389731446,0.0,1.0,0.0,0.0,0.0,5.03
STU-10941,-0.6032971508595764,-1.37024731766215,-0.8009026882718214,-0.808738157048471,-0.46683733879855643,-0.5934870377305738,0.31144680722020013,1.0,0.0,0.0,1.0,0.0,2.99
STU-10730,0.04530895322788702,0.38738086188320686,0.1300739022210843,0.4554541417790343,1.0544635222301855,-0.3558179461681384,2.223553215437346,1.0,0.0,0.0,0.0,1.0,4.3
STU-10223,0.47771302261952925,1.5067924690288088,1.500951693507151,1.789107555926732,1.0544635222301855,0.18508412428430074,0.7894734092744865,1.0,0.0,0.0,0.0,0.0,5.85
STU-14173,-0.17089308146793408,-0.012770798589655482,0.41743665531191815,0.19150190356230198,0.1060735092906067,-0.5279231504030053,-1.4053682452796459,1.0,0.0,0.0,0.0,1.0,5.19
STU-10721,1.5587231960986347,-0.3116182412212867,0.5965463164849727,0.39988524952288024,1.0544635222301855,-0.8147651574611173,-0.7320502875080596,0.0,1.0,0.0,0.0,0.0,4.42
STU-11340,0.47771302261952925,-0.048227274834086155,0.6280381250428716,0.5804841493553808,0.5791916156700023,-0.5115321785711135,-0.16657979483408653,0.0,1.0,0.0,0.0,0.0,5.25
STU-10781,0.04530895322788702,-0.7674872215068259,-0.5637300050701405,-0.4892170265755844,-0.38714673210946243,-0.8967200166205775,1.1888005097710548,0.0,0.0,0.0,0.0,1.0,3.69
STU-14310,-0.3870951161637552,-1.4462254810430732,-1.0085518009504717,-1.3227504104178962,-1.2572820051471387,0.1604976665364624,-1.664785120784716,1.0,0.0,0.0,0.0,0.0,3.09
STU-13245,0.26151098792370814,-0.8603494211946209,-0.5814441473839583,-0.16969589610269917,-0.23638071945441996,0.004783434133487219,-0.43474105940112523,1.0,0.0,1.0,0.0,0.0,3.43
STU-13712,-0.8194991855553975,-0.13602426362981956,-0.3423032261474091,0.17760968049826376,-0.20766338371060186,0.2752344693597068,3.0805033435102747,1.0,0.0,0.0,0.0,1.0,3.85
STU-11966,-0.3870951161637552,-0.6222845092677282,0.038550833599689374,-0.6003548110878927,0.9474914465844648,0.5866629341656564,-1.2479692421642101,0.0,0.0,0.0,1.0,0.0,4.7
STU-13046,-0.6032971508595764,-0.5040962551196255,-3.1509789019050776,-2.0312537866838603,-1.3297932779002777,-0.33942697433624663,-0.7407946765700282,0.0,1.0,0.0,0.0,0.0,2.49
STU-13878,0.6939150573153504,-1.0528274350929596,-1.14140786830411,-1.4338881949302045,-1.1079518592792867,1.0456101454586346,-1.4724085614214055,1.0,0.0,0.0,0.0,1.0,3.76
STU-12575,-0.3870951161637552,0.36036640379221196,0.06659822559656975,1.789107555926732,0.24607052104171712,-0.5279231504030053,-0.9098528651014222,0.0,0.0,0.0,1.0,0.0,4.81
STU-14891,-0.3870951161637552,-0.9987985189109699,1.3493973648222586,-0.864307049304625,1.0544635222301855,0.7095952229048474,2.509203258128322,0.0,0.0,1.0,0.0,0.0,4.67
STU-14665,-1.2519032549470397,-0.8096973122740054,-1.1512490584784545,-0.8365226031765474,-0.38714673210946243,-2.544012685725733,-0.35021196513542824,1.0,0.0,0.0,0.0,1.0,3.24
STU-10690,2.2073293001860983,-0.7083930944327744,-1.1286143210774637,-0.7948459339844327,-0.5357589445837194,-0.42957731941165267,-1.4286866161115623,0.0,0.0,0.0,0.0,1.0,3.04
STU-10531,-0.8194991855553975,-1.1524432493035033,-0.7182366908073347,-2.1284993481321304,-2.514383377332758,-1.2819078546700415,1.0430606920715773,0.0,0.0,1.0,0.0,0.0,1.58
STU-13733,-1.2519032549470397,-0.01783600948171692,-0.07659109144013113,0.3304241342026879,-0.7626258969598789,-0.44596829124354515,-0.638776804180394,1.0,0.0,1.0,0.0,0.0,3.56
STU-12911,0.6939150573153504,0.3384171565932784,1.3149531992120567,0.31653191113864965,0.93241484531896,0.8980913989716061,0.5154825519994688,0.0,0.0,0.0,1.0,0.0,5.12
STU-12694,-0.6032971508595764,0.286076644041976,-0.9278540415208547,0.024795226793840854,0.35950399722979687,1.2259108356094481,-1.6676999171387055,0.0,0.0,0.0,0.0,0.0,3.92
STU-12843,0.04530895322788702,-0.6239729128984153,-2.0900986011108356,-0.6142470341519322,0.1735592482885781,-0.4951412067392211,-0.7058171203221535,1.0,0.0,0.0,0.0,1.0,2.26
STU-11959,0.47771302261952925,-1.1186751766897598,-0.8875051618060448,-1.5450259794425127,-1.3577926802505,-0.5115321785711135,-1.2042472968543667,0.0,0.0,1.0,0.0,0.0,2.91
STU-11479,-0.6032971508595764,0.5984313157191047,-0.2301136581598918,-0.9337681646248174,0.5002189423745041,0.9144823708034978,0.2269177129545031,0.0,0.0,0.0,0.0,1.0,4.25
STU-13252,-1.0357012202512186,0.9293584273337923,0.6683870047576815,0.024795226793840854,1.0544635222301855,0.9390688285513369,0.11907024785688967,0.0,1.0,0.0,0.0,0.0,4.9
STU-14695,0.04530895322788702,0.8753295111518024,1.500951693507151,0.6082685954834585,1.0544635222301855,-0.7573967560494947,0.786558612920497,1.0,1.0,0.0,0.0,0.0,5.64
STU-11213,-1.2519032549470397,-0.1664155289821891,0.09956621268062026,-0.5447859188317385,-0.46468353861777006,2.0782413708678362,0.3056172145122209,0.0,0.0,0.0,0.0,0.0,4.51
STU-12050,0.26151098792370814,-0.6307265274211642,-0.40430272424577346,-1.211612625905588,-0.718831959950557,0.6276403637453866,0.5912672572031971,0.0,1.0,0.0,0.0,0.0,3.61
STU-12957,-1.2519032549470397,-0.32174866300540983,-1.0420118475432403,-1.3366426334819344,-1.5710188981483466,-0.37220891800003086,0.031626357237203175,0.0,0.0,0.0,0.0,0.0,3.36
STU-10954,-1.2519032549470397,0.16451158263249877,-1.626578543899251,1.5251553177099995,-1.5315325615005977,0.685008765157009,-0.8136645854197669,1.0,1.0,0.0,0.0,0.0,3.96
STU-14044,-1.2519032549470397,1.7904442789842554,0.4046431080852719,-0.6420314802800086,1.0544635222301855,-0.3148405165884083,-0.13160223858621187,0.0,0.0,0.0,0.0,1.0,4.69
STU-14633,0.26151098792370814,0.9901409580385306,1.500951693507151,1.789107555926732,0.09602244178027047,-0.5607050940667895,1.6988898717192265,0.0,0.0,1.0,0.0,0.0,5.16
STU-10032,-1.2519032549470397,-0.048227274834086155,0.29048530206288625,0.21928634969037966,-0.9679548475281754,1.0783920891224197,0.03745594994518216,0.0,0.0,0.0,0.0,1.0,3.45
STU-13265,-0.17089308146793408,1.1100176158173207,1.4645392898620793,0.46934636484307257,-1.7942961835565292,-0.0034120517824586514,0.19485495306061795,0.0,0.0,0.0,0.0,0.0,4.55
STU-12774,-1.2519032549470397,0.08684501562088824,-0.9317905175905914,-2.0868226789400146,0.7141630936659461,1.4635799271718828,-1.0235299229070147,0.0,0.0,0.0,0.0,1.0,4.26
STU-10335,-0.3870951161637552,-0.32174866300540983,-0.27243077590956866,-1.1699359567134722,-1.25225647139197,1.5209483285835053,-0.9710635885352027,0.0,0.0,0.0,0.0,1.0,4.09
STU-14735,0.04530895322788702,-0.6087772802222307,-0.4062709622806418,0.7749752722519196,0.13909844539599658,-0.21649468559705567,0.63790399886703,1.0,0.0,0.0,0.0,1.0,3.61
STU-14356,-0.6032971508595764,0.05138853937645758,0.10153445071548858,0.3304241342026879,-0.5249899436797875,0.0539563496291639,1.0284867103016297,0.0,0.0,1.0,0.0,0.0,4.49
STU-14102,0.6939150573153504,-0.1478430890446299,0.7904177629195419,-0.9893370568809715,1.0544635222301855,-0.7573967560494947,-1.1838437223764398,1.0,0.0,0.0,0.0,1.0,3.66
STU-10451,-0.6032971508595764,0.1104826664505089,1.0207016129991828,-0.2669414575509692,0.24176292068014532,-0.6262689813943579,-1.1634401478985132,0.0,0.0,0.0,0.0,1.0,4.3
STU-14669,0.26151098792370814,1.2501551171643572,0.5758798171188503,0.024795226793840854,1.0544635222301855,-1.5605543758122076,0.38140191971594917,0.0,0.0,0.0,0.0,1.0,5.0
STU-10343,0.9101170920111715,0.6237573701794125,0.07889971331449787,0.024795226793840854,1.0142592521888405,-0.5607050940667895,-0.015010384426629693,0.0,0.0,0.0,0.0,0.0,4.59
STU-13461,1.3425211614028136,0.4430981816958839,1.0954946583241936,0.26096301888249557,1.0544635222301855,0.8243320257280918,-0.3414675760734595,0.0,1.0,0.0,0.0,0.0,5.65
STU-11464,-0.6032971508595764,0.9006555656121105,1.0256222080863544,-0.9754448338169333,-0.3476603954617133,-0.9295019602843617,-0.22196092555988786,0.0,0.0,1.0,0.0,0.0,3.83
STU-10469,-1.2519032549470397,-1.1507548456728163,-1.3382316717909823,-0.7809537109203932,-2.1984926841507635,-0.15912628418543384,0.12489984056486865,1.0,0.0,0.0,0.0,1.0,3.18
STU-11632,-1.2519032549470397,-0.16810393261287623,-0.6050630038023839,-0.32251034980712207,-0.45965800486260244,0.685008765157009,0.28521364003429395,1.0,0.0,0.0,1.0,0.0,4.15
STU-13963,-0.6032971508595764,2.578928774515169,1.4045080297985832,1.789107555926732,1.0544635222301855,-1.003261333527876,3.3894717570331667,1.0,0.0,0.0,0.0,1.0,5.72
STU-11684,-1.2519032549470397,0.725061588020643,0.49518205768923335,1.3584486409415384,1.0544635222301855,-0.8229606433770632,-0.9477452177032862,0.0,1.0,0.0,0.0,0.0,4.81
STU-12133,0.04530895322788702,-1.9020944613286124,-1.0774401321708773,-1.419995971866165,-1.8940889252662958,-1.2819078546700415,-0.9681487921812132,0.0,1.0,0.0,0.0,0.0,1.59
STU-12172,0.6939150573153504,0.6389530028555971,0.7461324071349953,-1.3366426334819344,1.0544635222301855,0.045760863713217304,-0.554247709914697,0.0,0.0,1.0,0.0,0.0,4.36
STU-14374,0.6939150573153504,0.5545328213212379,1.1643829895445992,-1.1282592875213562,1.0544635222301855,-1.6589002068035594,-0.9273416432253595,1.0,0.0,0.0,1.0,0.0,4.68
STU-12123,0.26151098792370814,-0.43656010989213817,1.500951693507151,-0.6420314802800086,-0.6161674846664082,-0.6180734954784121,-0.26859766722372075,0.0,0.0,1.0,0.0,0.0,3.36
STU-12763,-1.2519032549470397,-0.17992275802768656,0.33575477686486627,-1.3922115257380885,0.1735592482885781,0.03756537779727143,1.9787103217022237,0.0,0.0,1.0,0.0,0.0,3.91
STU-12016,2.423531334881919,0.30633748761022206,1.500951693507151,0.9138975028923055,1.0544635222301855,1.4062115257602616,1.3840918654883547,1.0,0.0,0.0,1.0,0.0,5.16
STU-12803,0.47771302261952925,-0.10225619101607604,0.7736877396231575,0.7332986030598049,0.1735592482885781,-0.29025405884057,-0.44057065210910423,0.0,0.0,0.0,0.0,0.0,4.27
STU-13558,0.47771302261952925,1.1387204775390032,1.1407641331261749,1.2750953025573066,1.0544635222301855,-0.8065696715451715,2.503373665420343,0.0,0.0,0.0,0.0,1.0,6.53
STU-10831,-0.3870951161637552,-0.06004610024889648,1.009876303807405,0.05257967292191729,-0.10643477521364475,-1.7490505518789663,1.5997867956835816,0.0,0.0,0.0,0.0,1.0,4.7
STU-13988,-0.6032971508595764,-1.7535149418281404,-0.4525245561000567,-1.0865826183292415,0.1735592482885781,2.2257601173548665,-0.45222983752506246,0.0,0.0,0.0,0.0,1.0,2.44
STU-11998,2.423531334881919,0.09697543740501142,-0.27144665689213515,0.8583286106361514,-1.524353227564643,-0.3558179461681384,-0.6037992479325193,1.0,0.0,0.0,0.0,0.0,3.58
STU-14295,-1.0357012202512186,-0.2069372161186815,1.500951693507151,-0.8226303801125091,1.0544635222301855,0.3817757862670053,-1.0468482937389312,1.0,1.0,0.0,0.0,0.0,4.41
STU-13945,0.26151098792370814,-0.07017652203301965,0.8071477862159262,-0.19748034223077562,1.0544635222301855,-0.7164193264697647,-0.23362011097584606,1.0,0.0,1.0,0.0,0.0,4.6
STU-14290,0.6939150573153504,0.6963587262989612,0.8120683813030978,0.024795226793840854,1.0544635222301855,-0.5197276644870594,-1.3616462999698027,0.0,0.0,0.0,1.0,0.0,4.98
STU-11925,-0.8194991855553975,-0.07693013655576823,-0.6906813583191724,-0.2947259036790456,0.21089178475554082,-0.15093079826948724,0.3085320108662104,0.0,0.0,0.0,1.0,0.0,4.39
STU-13280,1.3425211614028136,0.7301267989127048,-0.2921131562582561,-0.1419114499746215,1.0544635222301855,-1.9867196434414016,1.3782622727803757,1.0,0.0,0.0,0.0,1.0,4.22
STU-10011,0.04530895322788702,-1.5745441569752991,-3.283834969258716,-1.1282592875213562,-0.9650831139537932,1.1193695187021488,-0.618373229702467,0.0,0.0,0.0,0.0,1.0,2.23
STU-10869,-0.3870951161637552,1.018843819760213,-0.1641776839917894,1.4556942023898072,0.8060585680461628,-0.08536691094191881,-1.2100768895623457,1.0,0.0,0.0,0.0,1.0,6.17
STU-12058,0.47771302261952925,-1.0865955077067033,-1.8293070614907299,-0.9893370568809715,-1.507122826118353,1.5045573567516137,-0.254023685453773,0.0,0.0,1.0,0.0,0.0,2.51
STU-12912,1.7749252307944559,-0.06679971477164535,0.6870852660889342,-0.2669414575509692,0.9087230433303105,-0.26566760109273235,-0.7378798802160387,0.0,0.0,0.0,1.0,0.0,4.8
STU-10407,-0.17089308146793408,-0.6628061964042206,0.9823209713192427,-3.045386070358672,-0.011667567259045856,1.7586174201459415,0.5183973483534583,0.0,1.0,0.0,0.0,0.0,3.54
STU-12684,0.6939150573153504,-1.084907104076016,0.39381779889349394,-1.1282592875213562,1.0544635222301855,0.19327961020024662,-0.44640024481708346,0.0,1.0,0.0,0.0,0.0,4.36
STU-10246,-0.6032971508595764,-0.323437066636097,-0.7802361889057005,-0.558678141895778,-0.19689438280667085,-0.8885245307046317,0.5533749046013327,1.0,0.0,0.0,1.0,0.0,4.17
STU-10250,-0.17089308146793408,-1.7484497309360787,-0.5519205768609278,-0.08634255771846738,-1.7935782501629338,0.19327961020024662,1.2820739930987206,0.0,0.0,1.0,0.0,0.0,3.97
STU-14631,0.26151098792370814,-0.3825311937101483,-0.46827046037900755,-0.6142470341519322,-0.7934970328844825,1.1685424341978257,-0.7990906036498192,1.0,0.0,0.0,0.0,1.0,3.9
STU-10434,-0.6032971508595764,-0.5496831531481794,-0.6355706933428479,-1.3644270796100109,-2.067110873122797,1.5947077018270197,-0.16657979483408653,0.0,1.0,0.0,0.0,0.0,2.86
STU-13703,1.1263191267069925,-0.39097321186358436,1.500951693507151,0.024795226793840854,0.48227060753461803,0.6194448778294407,1.346199512886491,1.0,0.0,1.0,0.0,0.0,4.51
STU-13724,-1.2519032549470397,0.9766337289930335,-0.35903324944379345,-1.0032292799450098,1.0544635222301855,0.2998209271075451,-0.676669156782258,0.0,0.0,0.0,0.0,0.0,4.34
STU-11326,-0.3870951161637552,0.09022182288226284,-1.0331547763863307,0.42766969565095664,0.16279024738464606,-0.4705547489913835,0.16862178587471202,1.0,0.0,0.0,0.0,1.0,4.27
STU-14661,1.1263191267069925,-0.41967607358526643,1.500951693507151,0.42766969565095664,1.0544635222301855,-0.4131863475797609,0.2298325093084926,1.0,0.0,0.0,1.0,0.0,4.6
STU-11627,0.6939150573153504,-0.12082863095363494,0.06659822559656975,-0.9893370568809715,-0.6987298249298846,0.6112493919134948,-1.157610555190534,0.0,0.0,1.0,0.0,0.0,3.27
STU-12306,1.3425211614028136,-0.048227274834086155,0.06659822559656975,-2.170176017324245,-1.5954286335305914,-0.25747211517678575,-0.5396737281447492,0.0,0.0,1.0,0.0,0.0,1.44
STU-12405,0.47771302261952925,-1.5188268371626221,-1.851941798891719,1.1083886257888442,-1.935011128701236,1.1931288919456646,1.2704148076827626,1.0,0.0,1.0,0.0,0.0,5.05
STU-12139,0.6939150573153504,-1.0629578568770828,-1.0744877751185742,-1.7950859945952056,-1.7964499837373156,-1.7900279814586963,0.8885764853101312,0.0,0.0,0.0,0.0,0.0,2.67
STU-11358,0.26151098792370814,-0.23395167420967614,1.1200976337600526,0.08036411904999374,-0.12869071041510363,-0.03619399544624286,2.418844571154646,0.0,1.0,0.0,0.0,0.0,4.3
STU-10956,-1.0357012202512186,1.8444731951662452,1.500951693507151,0.3443163572667261,1.0544635222301855,0.7095952229048474,-0.2452792963918043,0.0,1.0,0.0,0.0,0.0,5.03
STU-12457,-0.17089308146793408,0.1577579681097499,0.2550570174352493,0.08036411904999374,0.49806514219371767,1.668467075070534,0.3289355853441373,0.0,0.0,1.0,0.0,0.0,4.52
STU-10938,0.04530895322788702,-0.5969584548074204,1.4035239107811497,0.8166519414440355,0.7988792341102078,-0.5525096081508436,0.3201911962821686,0.0,0.0,0.0,0.0,0.0,5.41
STU-14234,1.1263191267069925,-1.3668705104007757,0.06659822559656975,-1.3644270796100109,-0.323250660079468,0.644031335577279,0.7544958530266122,1.0,0.0,0.0,0.0,0.0,1.84
STU-11535,1.5587231960986347,-0.048227274834086155,0.0021384299546175385,-1.8784393329794362,-0.955032046443457,1.062001117290528,2.060324619613931,1.0,0.0,0.0,1.0,0.0,3.42
STU-10222,0.26151098792370814,-1.7974134362260068,-0.7310302380339824,-0.9476603876888556,-0.250739387326329,-1.2655168828381498,-1.4607493760054473,0.0,0.0,0.0,1.0,0.0,2.21
STU-11859,-0.17089308146793408,1.1488508993231261,-0.19173301647995164,1.080604179660768,1.0544635222301855,-0.3066450306724624,0.8710877071861938,1.0,0.0,0.0,1.0,0.0,5.18
STU-11717,0.04530895322788702,-0.5513715567788665,0.3003264922372293,-0.11412700384654506,-1.6693757730709222,0.9964372299629595,-1.2275656676862832,0.0,0.0,1.0,0.0,0.0,3.41
STU-13844,0.47771302261952925,0.2050332697689912,0.14877216355233835,-1.1699359567134722,-0.03320556906690994,-1.126193622267067,-0.0674767187984418,0.0,1.0,0.0,0.0,0.0,4.0
STU-10403,-0.8194991855553975,1.0745611395728898,0.6870852660889342,-0.5170014727036621,1.0544635222301855,-1.7080731222992362,-1.1605253515445235,0.0,0.0,1.0,0.0,0.0,4.02
STU-14294,-0.6032971508595764,-0.3133066448519738,-0.3777315107750461,-0.7948459339844327,1.0544635222301855,1.9553090821286467,0.03745594994518216,1.0,0.0,0.0,0.0,1.0,5.01
STU-13642,0.04530895322788702,1.5760170178869832,1.2834613906541577,0.19150190356230198,1.0544635222301855,0.02117440596537969,-1.3791350780937401,0.0,0.0,1.0,0.0,0.0,4.85
STU-14159,-1.2519032549470397,-0.23395167420967614,0.6034351496070126,-1.5867026486346274,-0.5867322155289955,-0.40499086166381504,2.00202869253414,1.0,0.0,0.0,0.0,1.0,3.26
STU-13801,0.26151098792370814,0.6676558645772789,0.9823209713192427,0.024795226793840854,1.0544635222301855,-1.9703286716095099,-0.7816018255258819,0.0,0.0,0.0,0.0,0.0,5.44
STU-11445,-1.2519032549470397,0.795974540509505,1.2657472483403385,-0.5308936957677003,1.0544635222301855,-2.1998022772559986,-0.4114226885692088,0.0,0.0,0.0,0.0,0.0,5.08
STU-12410,-0.8194991855553975,-1.1980301473320574,-2.23771645372599,-1.572810425570589,-1.8660895229160734,0.5620764764178188,-0.29191603805563715,0.0,0.0,0.0,1.0,0.0,2.43
STU-10763,-0.3870951161637552,1.873176056887927,-0.11300349508520297,1.789107555926732,1.0544635222301855,0.6768132792410632,0.4163794759638238,1.0,0.0,0.0,0.0,1.0,6.32
STU-13533,-1.2519032549470397,0.566351646736048,-0.3688744396181365,0.5804841493553808,-0.8624186386696454,0.02117440596537969,-1.1284625916506386,0.0,0.0,1.0,0.0,0.0,4.63
STU-13296,-0.6032971508595764,0.4143953199742018,-0.48007988858821893,1.0250352874046138,1.0544635222301855,0.22606155386403082,1.5939572029756026,0.0,0.0,0.0,0.0,0.0,5.18
STU-12894,1.1263191267069925,-1.0123057479564674,-0.20551068272403275,-0.25304923448692973,0.645959421274379,-0.454163777159491,-0.7174763057381117,0.0,0.0,0.0,0.0,1.0,3.5
STU-10582,-0.3870951161637552,0.7503876424809511,-0.051988116004272084,1.5807242099661536,0.6272931530408971,-1.2409304250903113,0.7195182967787372,1.0,0.0,0.0,1.0,0.0,5.13
STU-13500,-0.17089308146793408,-0.9346391809448569,-0.4928734358148666,-0.016881442398275045,-0.9442630455395259,0.3817757862670053,-0.16657979483408653,1.0,0.0,0.0,0.0,1.0,3.71
STU-12433,1.3425211614028136,0.8668874929983663,0.06216969001811355,0.03868744985787907,-0.1882791820835252,-0.5197276644870594,-0.3327231870114908,0.0,0.0,0.0,1.0,0.0,4.85
STU-14955,-0.3870951161637552,0.42790254901969926,1.472412242001554,0.5804841493553808,0.7680080981856043,-1.2655168828381498,-0.6854135458442268,0.0,0.0,0.0,0.0,1.0,5.18
STU-14679,0.04530895322788702,1.94915422026885,1.500951693507151,1.1222808488528826,1.0544635222301855,-0.3885998898319226,0.0724335061930568,0.0,0.0,0.0,0.0,0.0,5.74
STU-13169,0.9101170920111715,-0.048227274834086155,-1.2319468179080715,-1.267181518161742,1.0544635222301855,0.5948584200816031,0.38140191971594917,1.0,0.0,1.0,0.0,0.0,2.76
STU-11412,0.6939150573153504,-0.043162063942024716,1.3621909120489064,-0.6281392572159703,0.021357368846344035,-0.9868703616959843,-0.44348544846309396,0.0,0.0,0.0,0.0,1.0,3.88
STU-12317,-0.3870951161637552,0.23035932422929897,-0.47614341251848225,-0.08634255771846738,0.1735592482885781,1.6356851314067504,3.3894717570331667,1.0,0.0,0.0,0.0,1.0,4.83
STU-11060,0.9101170920111715,1.3362637023294033,1.500951693507151,0.024795226793840854,1.0544635222301855,0.8817004271397143,-1.2071620932083562,1.0,0.0,0.0,1.0,0.0,5.18
STU-14385,-1.2519032549470397,-1.1895881291786214,-1.0429959665606738,0.09425634211403319,-0.8049839671820103,2.1683917159432435,-0.5775660807466133,0.0,0.0,0.0,0.0,1.0,3.74
STU-13828,0.9101170920111715,-0.7202119198475848,-0.5725870762270487,-1.4755648641223191,-2.11234067691931,-0.9540884180322,-0.6096288406404983,0.0,0.0,0.0,1.0,0.0,2.62
STU-13248,-0.6032971508595764,-0.48214700792069204,-1.382517027575529,0.1081485651780714,-1.646401904475868,-1.2409304250903113,1.448217385276125,1.0,0.0,1.0,0.0,0.0,3.15
STU-12357,0.6939150573153504,-0.6780018290804052,0.7303865028560459,-0.8365226031765474,-0.4941188077551829,0.3571893285191677,-0.42308187398516706,1.0,0.0,0.0,0.0,0.0,4.57
STU-13520,-0.3870951161637552,-0.5547483640402409,0.6378793152172161,-0.07245033465442915,-0.2830463900381231,0.5292945327540346,0.3289355853441373,0.0,0.0,0.0,0.0,1.0,3.99
STU-10419,-1.0357012202512186,-0.3724007719260251,-0.869791019492227,-1.1977204028415498,1.0544635222301855,0.3489938426032211,-0.8340681598976939,0.0,0.0,0.0,0.0,1.0,4.13
STU-12020,-0.3870951161637552,1.398734636664829,0.7353070979432174,1.6918619944784619,1.0544635222301855,1.7340309623981023,-0.43474105940112523,0.0,1.0,0.0,0.0,0.0,5.65
STU-13435,-1.2519032549470397,1.2332710808574852,1.500951693507151,0.21928634969037966,0.19294344991565476,0.6276403637453866,-0.6999875276141744,0.0,0.0,0.0,0.0,1.0,4.29
STU-12526,0.6939150573153504,0.6693442682079663,0.7471165261524302,0.6360530416115349,0.1735592482885781,-0.21649468559705567,0.49507897752154184,0.0,0.0,0.0,0.0,0.0,5.49
STU-11431,1.5587231960986347,-0.029654834896527243,-1.828322942473295,-1.767301548467128,0.736419028867404,2.029068455372161,-1.1605253515445235,0.0,0.0,1.0,0.0,0.0,3.08
STU-14371,0.04530895322788702,-1.0123057479564674,-1.4435324066564599,-2.1840682403882843,-2.1482373465990823,0.045760863713217304,-0.3706155396133552,1.0,0.0,0.0,0.0,1.0,2.39
STU-10270,0.04530895322788702,-1.3162184014801601,1.259842534235732,-0.8504148262405868,-2.2286458866817713,0.9062868848875519,-0.3298083906575013,1.0,0.0,0.0,0.0,1.0,3.21
STU-11124,-0.17089308146793408,0.32828673480915554,0.9468926866916058,-0.461432580447508,0.052228504770948536,-0.37220891800003086,1.643508740993425,0.0,0.0,0.0,1.0,0.0,4.38
STU-10852,-1.2519032549470397,1.0914451758797619,0.19699399540662157,1.539047540774039,1.0544635222301855,0.18508412428430074,0.9905943576997654,1.0,0.0,1.0,0.0,0.0,5.42
STU-10901,0.04530895322788702,-0.8856754756549287,-0.4416992469082788,0.3304241342026879,0.15920058041666907,2.447038237085409,-1.1488661661285653,1.0,0.0,0.0,1.0,0.0,5.58
STU-13491,0.26151098792370814,0.8533802639528691,0.16353394881385294,0.7610830491878814,1.0544635222301855,-1.2655168828381498,0.2997876218042419,1.0,0.0,0.0,0.0,1.0,4.48
STU-14751,-0.17089308146793408,0.5173879414461199,0.6427999103043877,0.6082685954834585,-0.002334433142305435,0.930873342635391,0.022881968175234448,0.0,1.0,0.0,0.0,0.0,5.04
STU-14014,1.1263191267069925,-0.6881322508645283,-0.7300461190165475,0.05257967292191729,0.1735592482885781,-0.8967200166205775,-0.7728574364639131,0.0,0.0,1.0,0.0,0.0,3.09
STU-10593,-0.17089308146793408,1.083003157726326,0.382992489701716,1.3584486409415384,1.0544635222301855,-1.3638627138295023,-0.16657979483408653,1.0,0.0,0.0,1.0,0.0,4.91
STU-11687,0.26151098792370814,-1.0680230677691442,-1.0233135862119878,-0.9198759415607791,-1.6140949017640733,0.012978920049433091,-0.4930369864809163,0.0,0.0,0.0,0.0,1.0,2.19
STU-13121,-0.17089308146793408,-0.9312623736834825,-1.807656443107174,-3.0037094011665566,-1.092875258013782,0.17688863836835414,-1.0468482937389312,0.0,0.0,0.0,0.0,1.0,2.84
STU-11498,-1.2519032549470397,0.14593914269493988,-1.690546280032485,0.05257967292191729,0.1728413148949823,0.43094870176268196,1.509428108709906,0.0,0.0,0.0,1.0,0.0,3.69
STU-10510,1.1263191267069925,1.2839231897781007,1.1712718226666403,1.0111430643405754,1.0544635222301855,-1.3146897983338257,-0.7932610109418401,1.0,0.0,0.0,0.0,0.0,5.89
STU-14183,0.26151098792370814,1.2721043643632903,1.500951693507151,0.26096301888249557,0.5964220171162936,1.365234096180531,-0.702902323968164,0.0,1.0,0.0,0.0,0.0,5.13
STU-13581,-0.3870951161637552,0.2607505895816682,0.11235975990726652,-1.767301548467128,1.0544635222301855,-1.1098026504351746,-1.3849646708017191,0.0,1.0,0.0,0.0,0.0,3.09
STU-12129,0.26151098792370814,-1.0545158387236468,-1.1118842977810794,0.6360530416115349,-0.2801746564637419,-0.0034120517824586514,0.6728815551149043,0.0,0.0,0.0,0.0,0.0,3.19
STU-10390,0.47771302261952925,0.38738086188320686,-0.5617617670352708,0.2470707958184561,1.0544635222301855,1.6438806173226963,-1.0439334973849415,1.0,0.0,0.0,0.0,1.0,4.61
STU-10574,-0.17089308146793408,0.26919260773510395,-0.25176427654344763,-0.3780792420632762,0.4126310683558602,-0.019803023614350393,0.6874555368848523,0.0,0.0,1.0,0.0,0.0,4.49
STU-12767,-0.8194991855553975,-1.1963417437013701,-0.21535187289837582,-0.16969589610269917,-0.25289318750711437,-0.3066450306724624,0.806962187398424,1.0,0.0,0.0,0.0,0.0,4.08
STU-11937,0.04530895322788702,-0.048227274834086155,0.337723014899736,0.21928634969037966,-0.29740505791003213,-1.4458175729889624,0.34350956711408503,0.0,0.0,0.0,0.0,1.0,4.77
STU-14010,-0.8194991855553975,0.8077933659243153,-0.8875051618060448,1.789107555926732,1.0544635222301855,-0.4787502349073294,-0.8020054000038087,0.0,0.0,0.0,0.0,1.0,4.61
STU-14848,-0.8194991855553975,-0.48552381518206633,0.12318506909904443,-1.017121503009048,-0.21197098407217468,-1.5769453476440993,0.08117789525502553,1.0,0.0,1.0,0.0,0.0,4.19
STU-14011,0.26151098792370814,-1.06464626050777,-0.3196684887464184,-0.44754035738346976,-0.736780294790443,-1.044238763107606,-0.5163553573128328,1.0,1.0,0.0,0.0,0.0,3.77
STU-11150,-0.3870951161637552,0.21854049881448864,0.980352733284373,0.9277897259563437,0.0012552338256715718,0.5866629341656564,1.6872306863032684,1.0,0.0,0.0,0.0,1.0,5.96
STU-13651,0.26151098792370814,1.167423339260685,-1.8450529657696793,-0.6420314802800086,1.0544635222301855,0.2752344693597068,-0.2511088890997835,0.0,0.0,0.0,0.0,0.0,4.74
STU-14882,0.6939150573153504,1.2923652079315369,1.214573059433752,1.789107555926732,1.0544635222301855,-0.29025405884057,-0.7816018255258819,0.0,1.0,0.0,0.0,0.0,5.05
STU-13794,0.26151098792370814,0.3654316146842734,-0.13268587543388907,-1.5589182025065509,1.0544635222301855,-0.454163777159491,0.04911513536114037,0.0,0.0,1.0,0.0,0.0,3.99
STU-10494,-1.2519032549470397,-1.0021753261723443,-0.034273973690452895,-0.5031092496396239,-1.8323466534170878,-0.667246410974088,-0.592140062516561,0.0,0.0,0.0,0.0,0.0,2.97
STU-10435,1.1263191267069925,0.4177721272355761,0.19207340031945005,0.23317857275441786,-0.9758521148577252,0.9718507722151204,-0.6358620078264041,0.0,0.0,0.0,0.0,1.0,4.41
STU-13045,-0.8194991855553975,-0.048227274834086155,0.35051656212638227,-0.1419114499746215,0.41047726817507385,-0.07717142502597295,-1.0381039046769625,0.0,0.0,0.0,0.0,1.0,4.3
STU-13425,0.04530895322788702,-1.3162184014801601,0.4499125828872519,1.386233087069615,-0.3648907969080035,1.7422264483140497,-0.6970727312601849,0.0,0.0,0.0,1.0,0.0,4.58
STU-11146,0.26151098792370814,-0.1562851071980659,-0.9278540415208547,0.5665919262913426,0.925235511383006,-0.3476224602521925,0.46593101398164616,1.0,0.0,0.0,0.0,1.0,4.21
STU-12411,0.04530895322788702,1.5658865961028599,0.6575616955659036,-0.08634255771846738,1.0544635222301855,0.8653094553078226,-0.624202822410446,0.0,1.0,0.0,0.0,0.0,5.95
STU-13476,0.6939150573153504,0.6760978827307149,0.7825448107800671,-0.30861812674308386,1.0544635222301855,-0.9622839039481459,-0.3677007432593654,1.0,0.0,0.0,1.0,0.0,4.37
STU-13130,-1.0357012202512186,-0.4804586042900049,0.06659822559656975,0.6777297108036509,-0.4115564674917077,-0.7655922419654406,0.08409269160901502,1.0,0.0,0.0,0.0,1.0,3.9
STU-13931,0.26151098792370814,-1.9020944613286124,-1.65118151933511,-1.7256248792750133,-2.2954136922861474,-0.8475471011249015,1.357858698302449,1.0,0.0,0.0,0.0,1.0,2.38
STU-13115,-1.0357012202512186,0.05814215389920616,-0.4259533426293293,-0.669815926408085,-0.20694545031700606,0.9390688285513369,0.08409269160901502,0.0,0.0,0.0,0.0,0.0,3.66
STU-10294,-0.8194991855553975,0.42790254901969926,0.403658989067837,0.010903003729801398,1.0544635222301855,1.578316729995128,-1.1488661661285653,1.0,0.0,1.0,0.0,0.0,4.82
STU-14185,-0.8194991855553975,0.4768662543096274,-0.6965860724237788,-1.6005948716986669,0.41909246889821944,1.7422264483140497,0.3318503816981268,0.0,0.0,0.0,0.0,1.0,4.08
STU-11784,0.04530895322788702,-0.8029436977512567,-1.5350554752778547,0.010903003729801398,0.47652714038585464,1.143955976449988,-1.215906482270325,1.0,1.0,0.0,0.0,0.0,3.89
STU-11157,0.04530895322788702,-1.1676388819796881,-0.9524570169567137,0.8027597183799973,-1.8366542537786605,-0.22469017151300152,-0.8020054000038087,0.0,0.0,0.0,0.0,1.0,3.08
STU-12760,-0.17089308146793408,-0.048227274834086155,-0.5410952676691498,-1.2393970720336644,1.0544635222301855,-1.085216192687337,-0.22196092555988786,1.0,0.0,0.0,0.0,1.0,3.88
STU-13823,-1.2519032549470397,0.5545328213212379,0.8209254524600074,1.0250352874046138,0.4068876012070968,-0.6754418968900346,-1.542363673917155,0.0,0.0,0.0,1.0,0.0,3.97
STU-11147,-1.2519032549470397,0.38906926551389404,0.06659822559656975,0.8027597183799973,0.11684251019453773,2.111023314531621,-1.4141126343416146,0.0,0.0,0.0,1.0,0.0,4.89
STU-11063,-0.3870951161637552,-0.2896689940223532,0.49026146260206177,-0.9754448338169333,0.38893926636721077,-0.7328102983016564,2.156512899295586,1.0,0.0,0.0,1.0,0.0,3.7
STU-10491,0.47771302261952925,-0.3825311937101483,-0.5519205768609278,-2.4480204786050157,-0.5436562119132693,-1.4540130589049083,-0.6883283421982163,0.0,0.0,1.0,0.0,0.0,3.48
STU-10746,1.1263191267069925,-0.35889354288052766,-1.6088644015854319,-0.5725703649598162,0.019203568665557627,-0.7082238405538188,-1.105144220818722,0.0,0.0,0.0,0.0,0.0,3.65
STU-11923,0.9101170920111715,-0.6324149310518513,-1.0833448462754838,-0.30861812674308386,-0.5056057420527108,1.7586174201459415,-0.3706155396133552,0.0,0.0,1.0,0.0,0.0,3.53
STU-10815,-1.2519032549470397,1.9592846420529737,0.06659822559656975,0.385993026458842,1.0544635222301855,0.5702719623337646,1.267500011328773,0.0,0.0,0.0,1.0,0.0,6.14
STU-12060,-1.2519032549470397,-1.0612694532463955,-0.8953781139455195,-1.6422715408907815,-0.6771918231220215,0.8817004271397143,-0.8544717343756206,0.0,0.0,1.0,0.0,0.0,3.33
STU-11930,-0.3870951161637552,-0.7337191488930822,0.08283618938423594,0.024795226793840854,-0.8157529680859413,0.6112493919134948,0.17736617493668075,0.0,0.0,0.0,0.0,0.0,3.56
STU-12658,0.9101170920111715,1.0576771032660184,0.005090787006920736,0.3443163572667261,1.0544635222301855,-1.4048401434092324,-1.2188212786243147,1.0,0.0,0.0,0.0,0.0,3.76
STU-10790,-1.0357012202512186,1.1488508993231261,1.500951693507151,0.010903003729801398,1.0544635222301855,0.36538481443511356,0.946872412389922,0.0,0.0,1.0,0.0,0.0,4.72
STU-11849,-0.6032971508595764,-0.6189077020063539,-0.9376952316951978,-0.2252647883588533,-0.9579037800178392,0.8079410538962001,0.8944060780181102,1.0,0.0,0.0,1.0,0.0,4.16
STU-12070,-0.17089308146793408,0.9563728854247872,1.420253934077534,1.789107555926732,1.0544635222301855,-0.12634434052164964,-0.12285784952424314,1.0,0.0,0.0,1.0,0.0,6.45
STU-14782,-0.8194991855553975,-1.1693272856103754,-0.32163672678128674,-1.017121503009048,0.460732605726755,-0.6918328687219264,-0.7320502875080596,0.0,1.0,0.0,0.0,0.0,3.67
STU-13614,0.26151098792370814,0.6912935154068995,-0.21436775388094234,0.1081485651780714,1.0544635222301855,-1.5195769462324769,-0.7990906036498192,0.0,0.0,0.0,0.0,1.0,4.76
STU-11176,-0.6032971508595764,0.4785546579403146,1.1240341098297906,0.9000052798282673,1.0544635222301855,-0.09356239685786541,-1.3324983364299072,0.0,0.0,0.0,0.0,1.0,4.68
STU-10932,-1.2519032549470397,0.9800105362544078,0.2914694210803197,-0.2252647883588533,1.0544635222301855,0.9062868848875519,1.0430606920715773,0.0,0.0,0.0,0.0,0.0,4.63
STU-12499,1.991127265490277,0.3147795057636581,-0.46728634136157265,-0.05855811159039094,0.1735592482885781,-1.4785995166527468,-0.3822747250293134,0.0,0.0,0.0,0.0,0.0,4.46
STU-12876,-1.2519032549470397,-1.0578926459850213,1.500951693507151,-0.9754448338169333,-2.5316137787790485,-0.5279231504030053,0.031626357237203175,0.0,0.0,0.0,0.0,0.0,3.08
STU-13111,-1.0357012202512186,9.278146380243482,0.06659822559656975,0.2470707958184561,0.3200176605820477,-0.536118636318952,-0.3968487067992611,0.0,0.0,1.0,0.0,0.0,4.94
STU-10339,-0.3870951161637552,-1.6167542477424786,-1.5960708543587856,-1.572810425570589,-2.1274172781848146,1.2504972933572858,-0.8049201963577983,1.0,0.0,0.0,0.0,0.0,2.91
STU-13548,1.1263191267069925,0.7740252933105718,0.5847368882757599,1.080604179660768,0.1735592482885781,0.07034732146105564,-0.851556938021631,1.0,0.0,0.0,0.0,0.0,5.91
STU-14328,0.04530895322788702,1.5439373489039268,0.33083418177769475,-0.30861812674308386,1.0544635222301855,0.7997455679802542,1.4919393305859685,1.0,1.0,0.0,0.0,0.0,5.58
STU-10822,-0.8194991855553975,0.31309110213297064,1.500951693507151,0.6638374877396126,0.7852384996318945,-0.29025405884057,-0.4668038192950104,0.0,0.0,0.0,0.0,1.0,4.65
STU-11127,-0.17089308146793408,0.3840040546218323,-0.24585956243884124,-1.3644270796100109,1.0544635222301855,-1.1425845940989587,-0.9972967557211087,0.0,0.0,0.0,0.0,0.0,3.44
STU-14694,0.04530895322788702,-0.048227274834086155,-0.17500299318356732,0.3582085803307643,0.1757130484693645,-0.9376974462003076,-0.2248757219138776,0.0,0.0,1.0,0.0,0.0,4.29
STU-14247,0.04530895322788702,0.9850757471464695,0.8553696180702094,1.080604179660768,1.0544635222301855,-0.32303600250435416,-0.9390008286413177,1.0,0.0,1.0,0.0,0.0,4.75
STU-14642,-0.8194991855553975,-0.061734503879583624,-0.2478278004737096,-0.4753248035115462,0.6631898227206692,0.42275321584673536,-0.2773420562856895,0.0,1.0,0.0,0.0,0.0,3.96
STU-12207,-1.0357012202512186,-1.4242762338441397,-0.70347490554582,-0.4058636881913539,-1.2242570690417478,1.8487677652213474,-1.0876554426947849,0.0,0.0,0.0,0.0,0.0,3.0
STU-12214,-0.3870951161637552,-0.3285022775281584,-0.28030372804904335,-1.058798172201164,-0.5163747429566418,-0.6426599532262504,-0.9360860322873281,0.0,0.0,1.0,0.0,0.0,2.3
STU-10197,-1.2519032549470397,-0.8687914393480568,-0.7310302380339824,-1.072690395265202,0.1735592482885781,-1.298298826501934,1.9845399144102025,1.0,0.0,0.0,0.0,0.0,3.85
STU-12613,1.1263191267069925,-0.16810393261287623,-1.0508689187001499,1.0250352874046138,-0.011667567259045856,0.02117440596537969,-1.4665789687134265,0.0,1.0,0.0,0.0,0.0,4.01
STU-11536,-0.3870951161637552,-0.3065530303292252,0.016900215216133524,-0.905983718496741,0.19078964973486834,0.42275321584673536,1.6201903701615086,0.0,0.0,0.0,0.0,1.0,4.06
STU-11392,1.1263191267069925,0.27088101136579107,1.3612067930314715,1.6224008791582696,1.0544635222301855,-0.4623592630754369,-0.26276807451574175,1.0,0.0,1.0,0.0,0.0,5.28
STU-12358,0.47771302261952925,0.39413447640595545,1.500951693507151,0.4554541417790343,1.0544635222301855,-0.18371274193327145,-1.0847406463407954,0.0,0.0,0.0,1.0,0.0,5.29
STU-10930,-1.2519032549470397,-0.9768492717120364,0.22848580396452048,-0.2947259036790456,-0.686524957238762,0.2834299552756527,1.9379031727463698,0.0,0.0,0.0,0.0,1.0,3.05
STU-14461,0.9101170920111715,-0.06511131114095792,-0.42693746164676416,-0.1419114499746215,-0.6010908834009044,0.2670389834437609,-0.16657979483408653,0.0,1.0,0.0,0.0,0.0,4.06
STU-14432,-0.3870951161637552,0.0851566119902011,1.500951693507151,0.49713081097115025,-0.3483783288553091,0.10312926512483986,-0.20447214743595066,0.0,0.0,0.0,0.0,1.0,4.57
STU-14920,-1.0357012202512186,0.5646632431053609,-0.5637300050701405,0.024795226793840854,0.7723156985471761,-1.3720581997454482,1.6988898717192265,0.0,0.0,0.0,0.0,1.0,5.25
STU-13444,-1.0357012202512186,-0.7573567997227028,-0.6050630038023839,0.9416819490203819,-1.4827130907361075,1.8897451948010784,-0.07913590421440002,0.0,0.0,0.0,1.0,0.0,4.57
STU-13339,0.6939150573153504,0.08684501562088824,0.6988946942981455,0.08036411904999374,0.35304259668743865,1.3242566666008,-0.19864255472797143,1.0,0.0,0.0,1.0,0.0,4.79
STU-12474,-1.0357012202512186,-0.048227274834086155,0.06659822559656975,0.09425634211403319,-0.051871837300390786,-0.536118636318952,1.392836254550324,0.0,0.0,1.0,0.0,0.0,4.22
STU-14599,1.1263191267069925,0.2573737823202936,1.1565100374051245,0.46934636484307257,0.2733519899983446,-0.4623592630754369,-0.4842925974189476,0.0,0.0,0.0,1.0,0.0,5.03
STU-13366,0.6939150573153504,-0.5902048402846718,-0.5627458860527057,0.8444363875721131,-1.8495770548633785,-0.8311561292930091,-1.3937090598636879,1.0,1.0,0.0,0.0,0.0,3.82
STU-14986,0.9101170920111715,1.077937946834264,1.500951693507151,1.0667119565967296,1.0544635222301855,-0.14273531235354137,0.19194015670662848,0.0,0.0,0.0,0.0,1.0,5.96
STU-12257,-0.3870951161637552,0.3553011929001502,0.7274341458037427,-0.5447859188317385,-0.2629442550174506,-0.5525096081508436,1.1858857134170653,0.0,0.0,0.0,0.0,1.0,4.59
STU-14566,0.04530895322788702,0.2742578186271657,-1.0223294671945529,0.691621933867689,1.0544635222301855,1.8979406807170243,-0.2569384818077625,1.0,0.0,0.0,0.0,1.0,4.84
STU-14554,-1.2519032549470397,0.2016564625076169,0.248168184313208,-1.0865826183292415,0.28483892429587143,-1.6097272913078835,-0.5950548588705505,0.0,0.0,0.0,1.0,0.0,3.9
STU-10969,1.991127265490277,0.6794746899920892,1.500951693507151,-0.0029892193342368227,-0.5702197474763,0.10312926512483986,-1.326668743721928,0.0,0.0,0.0,0.0,1.0,4.68
STU-11429,0.9101170920111715,-0.6104656838529179,1.3021596519854104,1.1083886257888442,0.16853371453340948,-0.08536691094191881,-0.2277905182678671,0.0,0.0,0.0,1.0,0.0,5.62
STU-14042,0.6939150573153504,-1.7433845200440172,-1.166010843739969,-0.961552610752895,-2.5323317121726436,0.39816675809889773,-0.6533507859503416,1.0,0.0,1.0,0.0,0.0,3.19
STU-14688,0.26151098792370814,-0.12082863095363494,-1.2348991749603746,0.8305441645080737,0.3860675327928285,0.47192613134241207,2.541266018022207,1.0,0.0,0.0,0.0,1.0,4.38
STU-12048,-1.0357012202512186,0.7486992388502637,-0.2192883489681139,-0.1280192269105833,1.041540721145467,2.545384068076761,-1.300435576536022,0.0,1.0,0.0,0.0,0.0,5.01
STU-10551,-1.0357012202512186,-0.17654595076631197,0.337723014899736,0.594376372419419,0.25683952194564913,0.5784674482497105,-0.3822747250293134,0.0,0.0,1.0,0.0,0.0,4.24
STU-11468,-0.8194991855553975,0.1104826664505089,-0.5371587915994117,0.385993026458842,-0.16099771312689873,1.1275650046180963,0.5213121447074478,0.0,0.0,0.0,1.0,0.0,3.64
STU-12832,-0.3870951161637552,-1.0578926459850213,0.5630862698922041,-0.1280192269105833,-0.3433527951001405,0.7751591102324158,-0.16657979483408653,1.0,0.0,1.0,0.0,0.0,3.93
STU-12407,0.26151098792370814,0.1256782991266935,0.9862574473889794,-0.8365226031765474,0.725650027963473,1.3078656947689085,-1.268372816642137,1.0,1.0,0.0,0.0,0.0,5.35
STU-13587,0.6939150573153504,0.11385947371188318,0.06659822559656975,-0.8920914954327015,0.4076055346006916,-1.5277724321484234,-0.9448304213492968,0.0,0.0,0.0,0.0,1.0,4.03
STU-10888,-1.2519032549470397,0.8500034566914949,1.500951693507151,-0.558678141895778,1.0544635222301855,-0.25747211517678575,-0.7495390656319969,0.0,0.0,0.0,0.0,0.0,5.56
STU-11277,0.26151098792370814,-0.6965742690179642,1.114192919655446,-0.07245033465442915,0.045049170834993504,-0.0525849672781346,0.6029264426191551,1.0,0.0,1.0,0.0,0.0,5.1
STU-11635,-0.3870951161637552,0.8651990893676794,1.3051120090377135,1.789107555926732,1.0544635222301855,1.3078656947689085,0.8011325946904445,0.0,0.0,1.0,0.0,0.0,6.39
STU-12751,-0.6032971508595764,0.015932063132026605,1.3818732923975938,0.49713081097115025,-0.20120198316824264,-1.6343137490557218,-0.9972967557211087,1.0,0.0,1.0,0.0,0.0,5.12
STU-13197,0.9101170920111715,1.3295100878066546,1.0827011110975473,0.594376372419419,1.0544635222301855,0.8817004271397143,0.26481006555636727,1.0,0.0,0.0,1.0,0.0,5.97
STU-12679,1.5587231960986347,2.187219132195743,1.327746746438703,0.024795226793840854,1.0544635222301855,-1.4130356293251782,-1.1080590171727116,0.0,0.0,0.0,0.0,1.0,5.45
STU-12341,0.04530895322788702,-0.2727849577154814,-0.027385140568413038,1.2334186333651909,-1.6535812384118225,0.8243320257280918,2.5179476471902906,0.0,0.0,1.0,0.0,0.0,3.95
STU-13510,-1.2519032549470397,-0.019524413112404066,-0.10513054294572684,0.8027597183799973,-0.6613972884629219,0.9554598003832286,0.7224330931327267,0.0,0.0,0.0,1.0,0.0,4.78
STU-14780,1.3425211614028136,1.0424814705898338,-0.10414642392829337,0.3026396880746102,1.0544635222301855,0.5866629341656564,0.2444064910784403,1.0,0.0,1.0,0.0,0.0,5.3
STU-12827,0.04530895322788702,1.130278459385567,0.2914694210803197,-0.4058636881913539,1.0544635222301855,-0.06897593911002707,-0.48137780106495814,0.0,0.0,0.0,1.0,0.0,5.01
STU-11867,0.47771302261952925,2.0605888598942044,0.8160048573728358,1.4973708715819232,1.0544635222301855,0.7997455679802542,2.943507914872765,0.0,0.0,0.0,0.0,1.0,6.43
STU-11926,0.9101170920111715,-0.3926616154942715,0.1645180678312878,0.024795226793840854,-0.9701086477089618,-0.17551725601732557,1.9903695071181815,1.0,0.0,0.0,1.0,0.0,4.47
STU-11291,-0.17089308146793408,0.3147795057636581,1.0443204694176071,-0.364187018999238,1.0544635222301855,0.4555351595105196,0.5796080717872386,0.0,0.0,0.0,0.0,0.0,4.52
STU-11177,-1.0357012202512186,-0.048227274834086155,0.7608941923965113,0.3721008033948038,-1.179745198638831,2.012677483540269,0.19485495306061795,1.0,0.0,0.0,0.0,1.0,4.86
STU-11912,-0.3870951161637552,1.530430119858429,0.3918495608586256,1.5112630946459613,1.0544635222301855,-1.9539376997776174,-0.16657979483408653,1.0,0.0,0.0,0.0,1.0,5.8
STU-14344,0.6939150573153504,1.001959783453341,0.38496072773658435,-0.19748034223077562,1.0472841882942314,-1.462208544820855,-0.513440560958843,1.0,0.0,1.0,0.0,0.0,3.42
STU-13954,1.5587231960986347,-1.1271171948431957,0.035598476547386175,-1.3922115257380885,-0.4309406691187843,-1.6015318053919376,0.5766932754332491,0.0,0.0,0.0,0.0,0.0,3.58
STU-14734,-1.2519032549470397,-0.6104656838529179,-0.2704625378747003,0.3721008033948038,-0.05402563748117719,-1.7900279814586963,-0.16657979483408653,0.0,0.0,0.0,0.0,1.0,3.82
STU-14835,0.6939150573153504,0.8955903547200487,0.909496164029099,-0.016881442398275045,0.6998044257940371,0.15230218062051654,-0.11411346046227441,0.0,0.0,0.0,1.0,0.0,4.39
STU-13104,0.6939150573153504,0.12736670275738066,1.500951693507151,0.7194063799957667,1.0544635222301855,-0.02799850953029699,-0.9768931812431818,1.0,0.0,0.0,0.0,0.0,5.62
STU-11605,2.8559354042735614,-1.9020944613286124,-1.7456569450088082,-1.6700559870188592,-3.2186760364498865,0.5047080750061963,-1.2479692421642101,0.0,0.0,0.0,0.0,1.0,1.12
STU-10916,-0.6032971508595764,-0.048227274834086155,1.0649869687837281,0.010903003729801398,1.0544635222301855,-0.3967953757478692,-0.7203911020921013,0.0,0.0,0.0,1.0,0.0,5.14
STU-10233,1.7749252307944559,-0.30317622306785064,0.4843567484974554,0.9555741720844214,1.0307717202415358,-0.839351615208955,-0.8282385671897148,1.0,1.0,0.0,0.0,0.0,4.62
STU-14411,1.3425211614028136,0.48699667609375064,1.500951693507151,0.385993026458842,1.0544635222301855,-0.5443141222348977,1.9116700055604638,0.0,0.0,0.0,0.0,1.0,4.72
STU-14653,0.47771302261952925,0.610250141133915,1.4281268862170087,1.789107555926732,1.0544635222301855,-0.5443141222348977,-0.6562655823043311,1.0,0.0,1.0,0.0,0.0,5.75
STU-13052,-1.0357012202512186,0.9749453253623461,-0.38560446291452083,0.010903003729801398,0.1735592482885781,-0.32303600250435416,-0.10245427504631645,0.0,0.0,0.0,1.0,0.0,5.15
STU-12450,0.47771302261952925,0.6980471299296481,0.06659822559656975,-0.7809537109203932,0.02638290260151266,-3.15047864350574,-0.7262206948000804,0.0,0.0,0.0,0.0,1.0,4.14
STU-12570,1.3425211614028136,0.9631264999475357,0.4843567484974554,0.6360530416115349,1.0544635222301855,-0.5115321785711135,-0.169494591188076,0.0,0.0,0.0,0.0,1.0,5.23
STU-10657,0.6939150573153504,-0.24239369236311217,-1.6177214727423415,-1.0310137260730874,-2.417462369197373,0.7997455679802542,-0.2277905182678671,0.0,1.0,0.0,0.0,0.0,2.16
STU-10762,0.04530895322788702,-0.5192918877958101,0.2570252554701176,0.08036411904999374,-0.19689438280667085,0.25884349752781505,0.6058412389731446,1.0,0.0,1.0,0.0,0.0,4.5
STU-14652,0.04530895322788702,0.14256233543356528,-1.641340329160767,1.1500652949809602,-0.5034519418719243,1.7258354764821564,2.2876787352251164,0.0,0.0,0.0,0.0,1.0,4.46
STU-10502,0.47771302261952925,0.25906218595098107,-0.2074789207589011,1.789107555926732,-0.9830314487936792,-0.33942697433624663,1.299562771222658,0.0,0.0,1.0,0.0,0.0,4.22
STU-12195,0.6939150573153504,-0.048227274834086155,-0.5853806234536963,0.5804841493553808,0.1735592482885781,1.791399363809725,-0.3939339104452716,0.0,0.0,1.0,0.0,0.0,5.0
STU-12386,0.26151098792370814,0.5444023995371148,1.500951693507151,-0.6420314802800086,1.015695118976031,0.33260287077132933,0.25606567649439854,0.0,1.0,0.0,0.0,0.0,4.85
STU-14283,1.5587231960986347,-0.12082863095363494,1.0807328730626788,0.05257967292191729,0.1735592482885781,-1.462208544820855,0.21817332389253438,0.0,0.0,0.0,1.0,0.0,4.54
STU-10445,0.6939150573153504,-0.6357917383132257,1.2637790103054702,0.12204078824210964,-0.07987123965061307,-0.3558179461681384,0.34642436346807454,0.0,0.0,0.0,0.0,1.0,3.89
STU-10056,0.6939150573153504,0.5916777011963558,-1.240803889064981,-0.43364813431943033,1.0544635222301855,0.48831710317430377,-0.6650099713662998,1.0,0.0,0.0,0.0,1.0,4.16
STU-11043,-0.3870951161637552,-0.5446179422561179,0.04248730966942744,1.427909756261731,-1.0139025847182837,1.3406476384326933,-0.8865344942695057,0.0,0.0,1.0,0.0,0.0,4.03
STU-13264,-0.17089308146793408,0.4228373381276376,0.6467363863741242,1.4140175331976925,0.1735592482885781,-0.27386308700867823,-1.0031263484290878,0.0,0.0,0.0,0.0,1.0,7.82423796163143
STU-10330,0.26151098792370814,0.30802589124090923,0.3465800860566442,-0.6837081494721244,0.9001078426071649,-0.6016825236465203,-0.9681487921812132,0.0,0.0,0.0,0.0,1.0,3.43
STU-12168,-1.2519032549470397,-0.703327883540713,-0.38166798684478276,0.08036411904999374,-0.3182251263243004,-1.6425092349716677,2.998889045598567,0.0,0.0,0.0,0.0,1.0,4.35
STU-11825,0.04530895322788702,-0.11238661280019921,0.4115319412073131,1.094496402724806,1.0544635222301855,2.3896698356737867,-0.7320502875080596,0.0,0.0,0.0,0.0,0.0,4.8
STU-12660,-0.17089308146793408,-0.46019776072175883,-0.002782165132553991,-1.3505348565459727,0.10033004214184227,-0.364013432084085,0.9235540415580056,0.0,0.0,0.0,1.0,0.0,4.18
STU-14923,0.6939150573153504,0.5680400503667354,-0.4899210787625634,1.2473108564292301,0.8785698407993019,-0.48694572082327525,-1.0585074791548892,1.0,0.0,1.0,0.0,0.0,4.28
STU-11723,0.47771302261952925,-1.4512906919351347,-1.421881788272904,-1.058798172201164,-1.481277223948916,-0.6508554391421962,0.09283708067098376,1.0,0.0,0.0,0.0,1.0,2.47
STU-14833,-0.8194991855553975,-0.14953149267531704,0.8740678794014621,1.747430886734616,0.29919759216778047,-0.06897593911002707,0.31436160357418963,0.0,0.0,1.0,0.0,0.0,5.27
STU-13094,-1.0357012202512186,1.2315826772267977,0.5355309374040418,1.5668319869021154,0.38822133297361494,-0.6098780095624662,0.6320744061590504,1.0,0.0,0.0,0.0,0.0,5.16
STU-10292,-0.6032971508595764,0.5410255922757405,-2.010384960698653,-1.5867026486346274,0.5870888829995522,0.7505726524845775,-0.1840685729580237,0.0,1.0,0.0,0.0,0.0,3.78
STU-14066,-0.6032971508595764,-0.1478430890446299,1.500951693507151,1.789107555926732,0.7945716337486349,0.19327961020024662,1.4336434035061771,1.0,0.0,0.0,0.0,1.0,6.11
STU-11913,0.9101170920111715,-1.7585801527202019,-2.717966534233958,-2.267421578772515,-0.7654976305342601,0.7997455679802542,1.340369920178512,1.0,1.0,0.0,0.0,0.0,2.48
STU-13458,0.6939150573153504,-0.3014878194371635,0.5128962000030511,1.4973708715819232,0.5913964833611249,-0.5689005799827361,-0.9331712359333386,0.0,0.0,0.0,1.0,0.0,4.85
STU-14788,-0.6032971508595764,-1.4293414447362012,0.09070914152371067,0.6360530416115349,0.1735592482885781,-0.8639380729567933,-0.31814920524154305,0.0,1.0,0.0,0.0,0.0,3.8
STU-12851,0.47771302261952925,-0.6104656838529179,0.1822322101451056,-0.5031092496396239,0.05294643816454333,-0.43777280532759927,-0.9156824578094013,0.0,0.0,0.0,0.0,0.0,4.38
STU-10123,-1.2519032549470397,0.6186921592873507,1.500951693507151,1.1778497411090367,1.0544635222301855,-1.4130356293251782,-1.0730814609248371,0.0,0.0,0.0,0.0,1.0,5.01
STU-14959,0.04530895322788702,-0.4686397788751946,-0.7300461190165475,-0.5725703649598162,-1.3240498107515142,1.143955976449988,0.4018054941938761,0.0,0.0,0.0,1.0,0.0,3.1
STU-12975,-0.3870951161637552,0.8415614385380589,1.2942866998459357,1.789107555926732,1.0544635222301855,-0.04438948136218873,0.2997876218042419,0.0,1.0,0.0,0.0,0.0,5.3
STU-14110,-0.17089308146793408,-0.03134323852721439,-0.9229334464336818,-1.2949659642898186,-0.3433527951001405,0.7669636243164699,-0.9623191994732341,0.0,0.0,0.0,0.0,1.0,3.07
STU-14561,-0.6032971508595764,0.12398989549600636,-2.19047874088914,-0.10023478078250683,0.15345711326790565,-0.91311098845247,0.4746754030436149,0.0,0.0,1.0,0.0,0.0,3.48
STU-11010,-0.3870951161637552,-0.5918932439153589,0.06659822559656975,-0.32251034980712207,-0.7784204316189786,0.9964372299629595,0.008307986405286742,0.0,0.0,0.0,0.0,0.0,3.56
STU-14747,-1.0357012202512186,-0.41292245906251757,0.6329587201300445,-0.1835881191667374,0.22381458584025926,0.004783434133487219,-1.0497630900929207,0.0,0.0,0.0,0.0,1.0,4.79
STU-11906,0.6939150573153504,-1.1642620747183137,-2.200319931063484,-2.170176017324245,-0.13874177792543985,0.02117440596537969,-0.5192701536668223,0.0,0.0,0.0,0.0,1.0,3.24
STU-13914,-0.6032971508595764,0.777402100571946,1.0689234448534661,0.9416819490203819,1.0544635222301855,1.8897451948010784,-0.16657979483408653,1.0,0.0,0.0,0.0,1.0,5.98
STU-10644,1.1263191267069925,0.26581580047372966,0.21273989968557103,0.8027597183799973,0.6911892250708914,-2.396493939238704,-0.6708395640742788,1.0,0.0,0.0,1.0,0.0,5.28
STU-11200,-0.6032971508595764,-0.9903565007575339,0.48042027242771734,-1.1560437336494338,-0.48263187345765607,0.8571139693918767,-0.6533507859503416,0.0,0.0,0.0,0.0,1.0,3.95
STU-12099,0.26151098792370814,-1.4310298483668886,-1.8735924172752763,-1.114367064457318,-1.1740017314900677,0.02117440596537969,-0.6504359895963522,0.0,0.0,1.0,0.0,0.0,2.2
STU-14621,0.04530895322788702,-0.9059363192231747,0.03461435752995131,-0.2252647883588533,-0.08417884001218588,0.6604223074091707,0.2356621020164716,0.0,0.0,0.0,1.0,0.0,4.29
STU-14416,0.6939150573153504,-0.8434653848877491,0.06659822559656975,1.789107555926732,-1.7727581817486662,-0.21649468559705567,-0.9069380687474327,0.0,0.0,0.0,1.0,0.0,3.49
STU-12530,0.6939150573153504,-0.5226686950571845,-0.18189182630560718,0.13593301130614785,-0.319660993111491,1.2177153496935023,0.7020295186547998,0.0,0.0,0.0,0.0,1.0,4.59
STU-10006,1.3425211614028136,0.30633748761022206,-0.11497173312007129,0.4832385879071108,-0.5242720102861916,0.48831710317430377,0.8885764853101312,0.0,0.0,0.0,0.0,1.0,5.49
STU-11470,0.26151098792370814,-0.6239729128984153,-0.4633498652918346,0.17760968049826376,-1.542301562404529,0.816136539812146,0.6320744061590504,0.0,0.0,0.0,0.0,0.0,3.09
STU-10726,0.26151098792370814,-0.6020236656994821,0.43121432155599926,-1.1560437336494338,-2.291106091924575,-0.24927662926083988,-0.9127676614554117,0.0,0.0,0.0,1.0,0.0,2.46
STU-13160,0.47771302261952925,-0.9025595119618005,-1.3087081012679518,-0.5725703649598162,-0.36058319654643073,0.2342570397799767,0.454271828565688,0.0,0.0,0.0,0.0,1.0,3.47
STU-13554,0.04530895322788702,0.6170037556566635,0.24226347020860162,0.8305441645080737,1.0544635222301855,-0.23288565742894812,-1.198417704146388,0.0,0.0,0.0,0.0,1.0,5.21
STU-12678,-0.8194991855553975,-0.048227274834086155,1.500951693507151,0.6082685954834585,0.19796898367082236,1.0701966032064738,-0.19864255472797143,1.0,0.0,0.0,1.0,0.0,4.95
STU-14511,0.26151098792370814,-1.9020944613286124,-0.4328421757513706,0.7194063799957667,-1.6047617676473325,-0.4787502349073294,2.25853077168522,0.0,0.0,1.0,0.0,0.0,2.6
STU-12326,0.26151098792370814,-0.16135031809012734,0.6910217421586708,-2.0451460097478984,1.0544635222301855,0.19327961020024662,-0.04415834796652537,0.0,1.0,0.0,0.0,0.0,3.29
STU-14560,-1.0357012202512186,0.1104826664505089,-0.20255832567172954,0.19150190356230198,1.0544635222301855,-0.8311561292930091,-0.35021196513542824,0.0,0.0,0.0,0.0,1.0,4.63
STU-13377,0.6939150573153504,-0.048227274834086155,0.5640703889096389,1.2612030794932685,1.0544635222301855,-0.91311098845247,-0.513440560958843,0.0,0.0,0.0,1.0,0.0,5.18
STU-12976,1.1263191267069925,0.08853341925157539,0.903591449924494,1.441801979325769,-0.6104240175176449,0.43094870176268196,0.43678305044175075,0.0,0.0,1.0,0.0,0.0,4.83
STU-14316,0.26151098792370814,-1.2436170453606112,-0.023448664498674974,-1.7811937715311674,-0.7999584334268417,-0.364013432084085,-0.35895635419739697,0.0,0.0,0.0,0.0,0.0,2.9
STU-12348,0.04530895322788702,1.1066408085559465,-0.1671300410440926,0.6221608185474967,1.0544635222301855,-0.6590509250581421,0.7428366676106536,1.0,0.0,0.0,1.0,0.0,5.36
STU-10597,0.04530895322788702,0.1797072153086834,0.17435925800563087,-0.3919714651273156,0.5318080116927034,-0.20010371376516392,-1.3237539473679385,0.0,0.0,0.0,0.0,1.0,3.74
STU-12505,0.6939150573153504,-0.2542125177779225,0.6831487900191962,-0.05855811159039094,0.35160672990024705,-0.241081143344894,3.0455257872623998,0.0,0.0,1.0,0.0,0.0,4.66
STU-11144,0.04530895322788702,0.0412581175923344,1.4173015770252309,1.4556942023898072,-1.3441519457721867,0.6768132792410632,-0.7961758072958296,0.0,0.0,0.0,0.0,1.0,5.43
STU-13058,-1.2519032549470397,0.2675042041044168,-1.045948323612977,-1.267181518161742,0.6732408902310054,0.012978920049433091,-0.35312676148941774,0.0,0.0,1.0,0.0,0.0,3.55
STU-11734,-0.3870951161637552,-0.11745182369226065,-0.5775076713142216,-1.8089782176592437,-0.16674118027566215,0.9144823708034978,-0.5892252661625715,1.0,0.0,0.0,1.0,0.0,2.73
STU-10488,-1.2519032549470397,-1.6606527421403454,-2.441429090334903,-1.6422715408907815,-1.1208746603640043,0.02936989188132556,-0.8923640869774848,0.0,0.0,0.0,1.0,0.0,1.65
STU-13005,-0.8194991855553975,-0.2542125177779225,-0.41217567638524816,0.46934636484307257,-0.40509506694934844,0.03756537779727143,-0.23362011097584606,1.0,0.0,0.0,0.0,1.0,4.47
STU-10295,-0.17089308146793408,-0.4044804409090818,-0.7635061656093161,-1.1560437336494338,-0.8588289717016685,0.02117440596537969,0.22400291660051336,1.0,0.0,0.0,1.0,0.0,4.12
STU-11870,1.3425211614028136,-0.043162063942024716,-0.4230009855770261,-0.3780792420632762,-0.4101206007045171,-0.6754418968900346,1.331625531116543,1.0,0.0,0.0,1.0,0.0,4.07
STU-10446,0.47771302261952925,-0.048227274834086155,0.6044192686244474,-0.2808336806150074,0.3709909315273247,0.6768132792410632,2.042835841489994,1.0,0.0,0.0,1.0,0.0,4.45
STU-13513,-0.3870951161637552,-0.048227274834086155,-2.1196221716338663,0.9000052798282673,-0.8868283740518907,0.22606155386403082,-1.2654580202881476,0.0,0.0,0.0,0.0,1.0,3.41
STU-11704,-0.6032971508595764,0.4684242361561914,0.1930575193368835,-0.4753248035115462,0.06443337246207016,-1.626118263139776,-0.16657979483408653,0.0,0.0,0.0,1.0,0.0,3.66
STU-14615,-0.8194991855553975,0.4684242361561914,-0.3541126543566205,0.1081485651780714,1.0544635222301855,0.4145577299307895,-1.0759962572788266,0.0,0.0,0.0,0.0,1.0,4.51
STU-13676,1.1263191267069925,0.8162353840777513,0.0779155942970644,0.010903003729801398,1.0544635222301855,0.7833545961483617,0.19485495306061795,1.0,0.0,0.0,0.0,1.0,4.96
STU-14776,-0.3870951161637552,-1.3280372268949703,0.6742917188622866,0.9972508412765361,-0.6743200895476393,-1.4540130589049083,-1.5773412301650296,0.0,0.0,0.0,1.0,0.0,2.67
STU-14592,0.04530895322788702,0.9242932164417305,-0.3934774150539955,0.26096301888249557,0.9762087823282819,0.7751591102324158,-0.5717364880386341,0.0,0.0,0.0,0.0,1.0,4.43
STU-12037,-0.17089308146793408,-0.048227274834086155,0.27572351680137025,-2.670296047629632,-0.9062125756789674,1.3980160398443158,2.1681720847115447,0.0,0.0,0.0,1.0,0.0,2.2
STU-10399,-0.3870951161637552,-0.5040962551196255,0.06659822559656975,0.05257967292191729,-0.6829352902707849,0.521099046838088,-0.05873232973647307,0.0,0.0,1.0,0.0,0.0,3.53
STU-13897,-0.8194991855553975,-0.048227274834086155,-2.1452092660871593,0.385993026458842,-0.7059091588658386,-0.11814885460570303,-1.067251868216858,1.0,1.0,0.0,0.0,0.0,3.87
STU-11185,-0.17089308146793408,0.40933010908214007,0.6142604587987905,0.5388074801632649,1.0544635222301855,-0.6836373828059805,-0.9390008286413177,0.0,0.0,0.0,0.0,1.0,4.94
STU-13345,-0.17089308146793408,0.09359863014363713,-0.6355706933428479,-0.8226303801125091,0.1735592482885781,0.7423771665686316,-0.11994305317025365,1.0,0.0,0.0,0.0,1.0,4.35
STU-11606,0.04530895322788702,0.2539969750589193,0.3564212762309886,-2.7536493860138633,0.3293507946987892,-0.536118636318952,-0.6300324151184252,0.0,0.0,0.0,0.0,1.0,3.33
STU-10352,-1.2519032549470397,-1.0798418931839546,0.49518205768923335,-0.5031092496396239,-0.5659121471147271,-0.09356239685786541,-0.16657979483408653,1.0,0.0,0.0,1.0,0.0,3.45
STU-10808,0.26151098792370814,-0.21706763790280437,-0.34427146418227744,1.0111430643405754,-1.5767623652971101,-0.09356239685786541,0.5854376644952181,0.0,0.0,1.0,0.0,0.0,3.14
STU-12178,-0.17089308146793408,-0.5682555930857383,-0.31179553660694365,-0.2669414575509692,0.12689357770487394,0.4555351595105196,0.2706396582643462,0.0,0.0,0.0,0.0,1.0,3.79
STU-13330,0.26151098792370814,0.9985829761919667,-0.07855932947499947,-1.4338881949302045,-0.23853451963520636,-0.02799850953029699,-1.4199422270495936,0.0,0.0,1.0,0.0,0.0,3.88
STU-14945,-0.6032971508595764,0.9462424636406643,0.262929969574724,1.2473108564292301,0.7708798317599855,-0.4623592630754369,-0.5367589317907595,1.0,0.0,0.0,1.0,0.0,4.55
STU-13438,-0.8194991855553975,0.09866384103569857,1.500951693507151,1.2473108564292301,0.7306755617186406,-1.257321396922204,0.17736617493668075,0.0,0.0,0.0,0.0,1.0,5.07
STU-14182,0.26151098792370814,1.0391046633284595,0.8022271911287546,-0.04466588852635272,-0.5027340084783286,0.644031335577279,-1.1605253515445235,0.0,0.0,0.0,0.0,1.0,4.85
STU-14929,-1.2519032549470397,1.055988699635331,0.06659822559656975,1.789107555926732,1.0544635222301855,-0.03619399544624286,-0.16657979483408653,0.0,0.0,0.0,0.0,1.0,5.18
STU-13079,-0.3870951161637552,-1.594805000543545,-1.5596584507137137,-2.267421578772515,-0.9808776486128928,-0.16732177010137972,-0.16657979483408653,1.0,0.0,0.0,0.0,0.0,2.61
STU-11598,1.1263191267069925,-0.4956542369661895,0.30229473027209763,-0.5308936957677003,-0.4137102676724941,-1.380253685661394,0.4775901993976044,1.0,0.0,0.0,0.0,1.0,4.23
STU-12486,0.6939150573153504,-0.5902048402846718,1.1269864668820937,-0.6003548110878927,0.33940186220912544,0.17688863836835414,0.9964239504077445,0.0,0.0,1.0,0.0,0.0,3.95
STU-10544,-0.8194991855553975,-0.25252411414723536,1.500951693507151,0.6082685954834585,0.4908858082577637,-0.25747211517678575,1.6551679264093835,1.0,0.0,0.0,0.0,1.0,5.31
STU-13261,0.47771302261952925,0.10204064829707286,-1.3165810534074265,0.9555741720844214,0.01704976848477122,0.4063622440148436,-0.1549206094181283,1.0,0.0,0.0,1.0,0.0,3.79
STU-11251,0.6939150573153504,0.6457066173783457,0.06659822559656975,-0.0029892193342368227,0.5382694122350626,-0.9950658476119302,-0.2802568526396789,0.0,0.0,1.0,0.0,0.0,4.24
STU-12488,0.9101170920111715,0.10372905192776032,0.8120683813030978,1.0250352874046138,1.0544635222301855,0.32440738485538345,-0.8398977526056728,0.0,0.0,0.0,0.0,0.0,4.21
STU-13303,-0.3870951161637552,-1.0697114713998315,0.12810566418621597,-0.6559237033440468,-0.36130112994002656,-0.37220891800003086,0.38431671606993895,0.0,0.0,0.0,0.0,0.0,3.0
STU-11620,-1.2519032549470397,-1.1423128275193803,-0.8264897827251153,-1.4894570871863586,-0.9787238484321064,0.2834299552756527,-0.9943819593671192,0.0,0.0,0.0,1.0,0.0,2.61
STU-13526,-0.8194991855553975,-0.4990310442275638,0.06659822559656975,-0.07245033465442915,0.24176292068014532,0.3407983566872752,-0.6883283421982163,0.0,0.0,1.0,0.0,0.0,4.21
STU-12442,0.6939150573153504,-0.08030694381714283,0.6880693851063676,1.427909756261731,0.11325284322656072,-0.9213064743684158,0.25315088014040904,0.0,0.0,0.0,1.0,0.0,4.14
STU-14048,1.991127265490277,1.1741769537834335,1.500951693507151,0.7610830491878814,1.0544635222301855,0.2014750961161925,0.005393190051296993,0.0,1.0,0.0,0.0,0.0,5.56
STU-13456,-1.0357012202512186,0.5697284539974226,0.06659822559656975,1.2612030794932685,1.0544635222301855,-0.8885245307046317,-0.32397879794952233,1.0,0.0,0.0,1.0,0.0,4.9
STU-12778,0.04530895322788702,-0.2069372161186815,-0.05100399698683722,0.5249152570992267,-1.5997362338921643,0.06215183554510977,0.011222782759276231,1.0,0.0,0.0,0.0,0.0,3.84
STU-12166,-0.3870951161637552,1.4831548181991883,-0.8087756404112961,0.5249152570992267,1.0544635222301855,0.9472643144672828,0.17153658222870152,0.0,0.0,0.0,0.0,1.0,5.35
STU-12490,-0.3870951161637552,-0.048227274834086155,0.21077166165070269,0.3026396880746102,-0.28376432343171887,0.2342570397799767,-1.3295835400759175,0.0,0.0,1.0,0.0,0.0,4.04
STU-10891,-0.6032971508595764,0.40426489819007866,-0.049035758951968884,0.024795226793840854,0.134072911640829,2.6601208709000064,-0.5659068953306551,1.0,0.0,0.0,0.0,1.0,4.47
STU-10893,0.9101170920111715,0.6085617375032275,1.2529537011136922,1.747430886734616,1.0544635222301855,-0.7410057842176031,-0.851556938021631,1.0,0.0,0.0,0.0,0.0,5.65
STU-10049,0.6939150573153504,0.9732569217316592,0.06659822559656975,-0.5447859188317385,0.892210575277615,-2.822659206867898,0.5300565337694162,1.0,0.0,0.0,0.0,1.0,4.19
STU-12582,-0.3870951161637552,-0.5192918877958101,-0.8058232833589929,0.3721008033948038,-0.8897001076262719,-0.6754418968900346,0.09283708067098376,0.0,0.0,1.0,0.0,0.0,3.36
STU-13034,-0.8194991855553975,-0.5496831531481794,-1.8962271546762657,-0.1280192269105833,-0.22704758533767852,0.48012161725835795,-0.8573865307296101,0.0,1.0,0.0,0.0,0.0,3.27
STU-11976,-0.6032971508595764,-0.5040962551196255,-1.2782004117274863,-1.8506548868513597,-0.9356478448163803,0.685008765157009,-0.7816018255258819,0.0,0.0,0.0,0.0,0.0,3.23
STU-12011,1.7749252307944559,-0.41967607358526643,-0.9268699225034198,-0.905983718496741,-2.2286458866817713,1.0128282017948511,0.44261264314972976,0.0,0.0,1.0,0.0,0.0,3.03
STU-12083,0.6939150573153504,-1.62181945863454,-1.4858495244061367,-0.8504148262405868,-2.0936744086858288,0.6522268214932249,0.31727639992817913,0.0,0.0,0.0,1.0,0.0,2.44
STU-12302,1.3425211614028136,-0.7134583053248362,-1.3382316717909823,-0.2252647883588533,-0.798522566639651,1.0292191736267429,-1.0060411447830773,1.0,0.0,0.0,0.0,0.0,3.2
STU-13936,0.47771302261952925,0.3164679093943452,0.13401037829082235,0.9833586182124978,-0.10356304163926254,0.7505726524845775,0.1482182113967851,0.0,0.0,0.0,1.0,0.0,4.64
STU-14288,-1.0357012202512186,-0.5766976112391743,1.1978430361373678,-0.2669414575509692,-1.5437374291917196,0.8325275116440376,-0.8136645854197669,0.0,0.0,0.0,0.0,0.0,4.32
STU-11237,-0.17089308146793408,-0.4146108626932047,-2.5231109687819546,-2.1423915711961685,-0.07197397232106324,0.33260287077132933,-0.07913590421440002,1.0,0.0,0.0,0.0,1.0,3.27
STU-14836,1.3425211614028136,0.0632073647912679,-0.7910614980974784,0.6499452646755731,0.09817624196105688,1.4635799271718828,1.797992947754871,1.0,1.0,0.0,0.0,0.0,4.04
STU-11955,1.3425211614028136,0.5308951704916173,-0.0805275675098678,1.789107555926732,0.2762237235727258,-1.085216192687337,0.2618952692023775,1.0,0.0,0.0,1.0,0.0,4.88
STU-11765,-1.2519032549470397,-0.09212576923195286,-1.2526133172741938,0.05257967292191729,0.5353976786606804,-1.3474717419976099,-0.6562655823043311,1.0,0.0,0.0,1.0,0.0,4.41
STU-14095,-0.3870951161637552,0.7183079734978944,-0.6729672160053546,-1.3366426334819344,0.5720122817340483,-0.7573967560494947,-0.554247709914697,0.0,0.0,0.0,0.0,0.0,4.09
STU-13647,-0.8194991855553975,-0.4669513752445074,-1.000678848810997,-1.072690395265202,-0.8444703038297594,-0.1345398264375955,-0.44931504117107296,1.0,1.0,0.0,0.0,0.0,2.9
STU-12707,-0.3870951161637552,0.08853341925157539,0.6861011470714993,0.19150190356230198,0.36381159759136966,-0.7246148123857106,-0.7990906036498192,0.0,0.0,0.0,0.0,1.0,3.5
STU-11787,-1.2519032549470397,-0.09212576923195286,-1.4602624299528442,-0.4753248035115462,-0.18397158172195238,0.02117440596537969,0.5708636827252701,1.0,0.0,1.0,0.0,0.0,3.37
STU-12867,1.7749252307944559,0.08346820835951395,1.330699103491006,0.23317857275441786,1.0544635222301855,1.3734295820964768,-0.8107497890657774,0.0,0.0,1.0,0.0,0.0,4.36
STU-10780,0.6939150573153504,-1.074776682291893,-0.3787156297924795,-0.558678141895778,-0.8028301670012239,-1.1425845940989587,-0.8136645854197669,1.0,0.0,1.0,0.0,0.0,3.28
STU-14426,1.1263191267069925,-0.34707471746571733,-0.37576327274017635,1.7335386636705779,-1.2206674020737707,-0.48694572082327525,-0.19572775837398193,1.0,0.0,0.0,0.0,1.0,3.54
STU-11806,0.04530895322788702,0.6254457738100996,-0.10119406687599018,-0.04466588852635272,0.4585788055459686,-0.02799850953029699,-0.09370988598434772,0.0,0.0,0.0,0.0,1.0,4.43
STU-10188,0.6939150573153504,2.703870643186021,1.0147968988945766,1.4695864254538455,1.0544635222301855,0.2014750961161925,-0.3064900198255849,1.0,0.0,0.0,0.0,0.0,5.55
STU-12489,-0.8194991855553975,-0.6341033346825385,-0.9189969703639451,0.19150190356230198,0.1319191114600426,-1.1507800800149053,0.786558612920497,0.0,1.0,0.0,0.0,0.0,3.17
STU-13446,-0.3870951161637552,-0.16979233624356338,-0.12382880427698088,0.5526997032273043,1.0544635222301855,-0.33942697433624663,0.7515810566726221,0.0,0.0,0.0,0.0,0.0,5.23
STU-12453,-1.0357012202512186,-1.3314140341563447,-0.7733473557836591,-1.0310137260730874,-1.7835271826525976,0.4145577299307895,2.042835841489994,0.0,0.0,0.0,0.0,0.0,2.89
STU-14789,1.3425211614028136,-1.177769303763811,0.06659822559656975,-1.1838281797775103,-0.7561644964175197,-0.536118636318952,0.7078591113627792,1.0,0.0,0.0,0.0,0.0,3.39
STU-11253,-0.6032971508595764,-0.44500212804557393,-0.6385230503951511,-1.4338881949302045,-0.20120198316824264,0.6768132792410632,-0.19572775837398193,0.0,0.0,0.0,0.0,0.0,3.68
STU-13545,0.26151098792370814,0.3181563130250324,0.5552133177527293,0.6360530416115349,0.9410300460421056,-0.7164193264697647,1.489024534231979,1.0,0.0,0.0,1.0,0.0,3.68
STU-14824,0.04530895322788702,-0.11407501643088636,-0.5450317437388879,-0.1419114499746215,0.5856530162123615,-0.9786748757800384,-0.2977456307636164,0.0,0.0,0.0,0.0,1.0,3.56
STU-13072,0.26151098792370814,0.061518961160580754,-0.13170175641645562,1.789107555926732,1.0544635222301855,0.3571893285191677,2.1331945284636697,0.0,0.0,1.0,0.0,0.0,5.27
STU-14289,-1.0357012202512186,0.42621414538901187,0.06659822559656975,-0.558678141895778,0.33581219524114736,1.2996702088529626,2.960996692996703,0.0,0.0,0.0,0.0,1.0,5.21
STU-13961,0.26151098792370814,-0.4770817970286306,0.021820810303305054,0.010903003729801398,-0.9299043776676169,-2.003110615273294,-0.3094048161795746,0.0,0.0,1.0,0.0,0.0,3.81
STU-13237,0.47771302261952925,-0.6763134254497181,0.3928336798760591,-0.8504148262405868,-1.7296821781329395,0.31621189893943685,-0.4551446338790522,0.0,0.0,1.0,0.0,0.0,3.59
STU-12631,0.26151098792370814,0.8753295111518024,-0.12874939936415242,0.3443163572667261,0.8555959722042482,-1.167171051846797,0.5592044973093117,0.0,0.0,0.0,0.0,0.0,4.66
STU-13187,0.26151098792370814,-0.04147366031133757,0.7146405985770964,0.5388074801632649,1.0544635222301855,1.455384441255937,0.43969784679574025,0.0,0.0,0.0,0.0,0.0,5.3
STU-12813,-0.3870951161637552,0.5595980322132994,1.500951693507151,1.2056341872371144,0.1735592482885781,-0.6836373828059805,-0.6999875276141744,1.0,0.0,1.0,0.0,0.0,4.75
STU-13764,-0.8194991855553975,0.34348236748534017,-0.6837925251971325,-0.32251034980712207,1.0544635222301855,-1.0360432771916601,-0.16657979483408653,0.0,0.0,0.0,1.0,0.0,4.24
STU-11204,0.04530895322788702,-0.048227274834086155,-0.9485205408869757,-1.656163763954821,-0.09566577430971271,1.7176399905662105,-0.20738694378994016,1.0,0.0,0.0,0.0,0.0,3.88
STU-13588,-1.2519032549470397,0.519076345076807,-0.02443278351610984,0.8027597183799973,0.990567450200191,-0.7246148123857106,-0.5484181172067176,0.0,0.0,0.0,1.0,0.0,5.12
STU-14105,1.1263191267069925,0.7149311662365202,1.1525735613353862,0.16371745743422553,1.0544635222301855,1.5291438144994511,-0.702902323968164,0.0,0.0,1.0,0.0,0.0,5.38
STU-14697,-0.17089308146793408,0.3519243856387759,1.1643829895445992,0.42766969565095664,1.0544635222301855,1.1931288919456646,1.0663790629034937,0.0,0.0,0.0,1.0,0.0,4.61
STU-12293,0.47771302261952925,0.039569713961647254,0.4243254884339594,0.23317857275441786,1.0544635222301855,-0.21649468559705567,-0.061647126090462565,0.0,0.0,0.0,1.0,0.0,4.36
STU-10707,1.1263191267069925,-0.011082394958968336,-0.8599498293178826,-0.864307049304625,0.2740699233919394,-0.2984495447565166,-0.9069380687474327,0.0,0.0,1.0,0.0,0.0,4.13
STU-11612,0.26151098792370814,-0.509161466011687,-0.8884892808234797,0.024795226793840854,-1.0907214578329956,0.8407229975599835,0.20068454576859693,0.0,0.0,0.0,0.0,1.0,3.73
STU-12773,1.991127265490277,-1.67584837481653,0.06659822559656975,-0.5308936957677003,-2.6730466573173506,-0.23288565742894812,0.36974273429999094,0.0,0.0,1.0,0.0,0.0,2.69
STU-14757,0.9101170920111715,0.8736411075211155,1.500951693507151,1.4140175331976925,-0.14520317846779807,-0.454163777159491,0.3201911962821686,0.0,0.0,0.0,1.0,0.0,5.43
STU-12286,-1.2519032549470397,-0.4466905316762614,-2.2711765003187576,-1.2810737412257802,-2.1826981494916637,0.2752344693597068,0.3930611051319074,0.0,0.0,0.0,0.0,1.0,2.03
STU-11458,-0.8194991855553975,1.596277861455229,-0.040178687795059294,1.344556417877499,1.0544635222301855,-0.15912628418543384,-0.592140062516561,1.0,0.0,0.0,0.0,1.0,5.63
STU-11400,0.6939150573153504,-0.4331833026307639,-0.0716704963529596,-0.07245033465442915,-0.18109984814757019,-0.0034120517824586514,0.2414916947244508,0.0,0.0,0.0,0.0,0.0,4.13
STU-14510,1.3425211614028136,-0.5682555930857383,-0.9701711592705315,-0.9198759415607791,-1.2895890078589338,0.6768132792410632,0.35225395617605376,0.0,0.0,0.0,0.0,0.0,2.99
STU-11891,0.6939150573153504,-1.9020944613286124,-1.081376608240614,-0.7809537109203932,-2.6256630533400513,0.4555351595105196,-0.6912431385522058,0.0,0.0,1.0,0.0,0.0,2.16
STU-10717,0.47771302261952925,-1.260501081667483,-1.4691195011097538,0.024795226793840854,-0.8229323020218964,2.0700458849518903,1.293733178514679,0.0,0.0,0.0,0.0,1.0,3.99
STU-12273,-1.0357012202512186,-0.048227274834086155,0.25210466038294604,-0.44754035738346976,0.1735592482885781,1.5209483285835053,1.9437327654543488,1.0,0.0,0.0,0.0,0.0,4.3
STU-14151,-1.0357012202512186,-1.9020944613286124,0.06807440412271995,1.2889875256213448,0.1735592482885781,0.6030539059975489,0.15113300775077457,0.0,0.0,1.0,0.0,0.0,4.64
STU-11292,2.2073293001860983,0.7149311662365202,-0.24487544342140638,1.0667119565967296,0.16853371453340948,-2.339125537827081,-0.17823898025004473,1.0,0.0,0.0,0.0,0.0,4.82
STU-13829,-0.3870951161637552,0.24724336053617074,1.500951693507151,0.09425634211403319,0.6488311548487602,-0.0525849672781346,1.1742265280011075,0.0,0.0,0.0,1.0,0.0,4.79
STU-10723,1.991127265490277,-1.0713998750305187,-0.8215691876379424,0.31653191113864965,-2.113058610312905,0.6276403637453866,-0.9827227739511609,0.0,1.0,0.0,0.0,0.0,2.92
STU-14951,0.47771302261952925,-0.8384001739956876,-0.1120193760677681,-1.3505348565459727,1.0544635222301855,1.7176399905662105,-0.9215120505173804,0.0,0.0,1.0,0.0,0.0,4.29
STU-14779,-0.3870951161637552,0.6203805629180379,0.949845043743909,-0.5864625880238544,-0.1207934430855538,-0.4705547489913835,0.8798320962481627,0.0,0.0,1.0,0.0,0.0,3.81
STU-14407,-1.2519032549470397,0.14256233543356528,0.7628624304313797,0.6082685954834585,1.0544635222301855,0.7833545961483617,-0.19281296201999243,0.0,0.0,1.0,0.0,0.0,5.42
STU-10457,-1.2519032549470397,-0.4635745679831331,0.44007139271290885,-1.3644270796100109,0.580627482457194,0.2916254411915993,0.20651413847657618,1.0,0.0,0.0,0.0,1.0,4.25
STU-12079,-0.8194991855553975,-0.048227274834086155,1.500951693507151,0.1498252343701873,1.0544635222301855,-0.7819832137973332,-0.8398977526056728,1.0,0.0,0.0,1.0,0.0,4.93
STU-10915,0.26151098792370814,-0.15797351082875305,-2.68450648764119,-0.6976003725361627,-0.12869071041510363,-1.2327349391743654,0.2764692509723255,0.0,1.0,0.0,0.0,0.0,3.11
STU-10038,-0.17089308146793408,0.8077933659243153,1.500951693507151,1.3167719717494226,1.0544635222301855,1.2013243778616105,0.1307294332728479,1.0,0.0,0.0,0.0,1.0,6.48
STU-14240,-0.8194991855553975,-0.25252411414723536,1.4300951242518771,-0.5864625880238544,0.8132379019821169,-1.2737123687540957,-0.015010384426629693,0.0,1.0,0.0,0.0,0.0,4.47
STU-13336,-1.2519032549470397,-0.06342290751027077,1.3474291267873904,0.8861130567642278,0.8800057075864924,1.143955976449988,0.623330017097082,1.0,0.0,0.0,1.0,0.0,5.7
STU-10566,0.47771302261952925,0.19152604072349372,0.4292460835211309,-0.8920914954327015,0.7751874321215584,1.275083751105125,2.095302175861806,0.0,0.0,0.0,1.0,0.0,4.55
STU-10432,0.26151098792370814,-0.38084279007946115,0.5207691521425273,-1.1838281797775103,0.44852773803563234,-0.6016825236465203,0.34933915982206426,0.0,0.0,1.0,0.0,0.0,3.95
STU-11161,-1.2519032549470397,0.061518961160580754,-0.6424595264648892,-1.2949659642898186,0.18576411597970074,-0.8639380729567933,1.3899214581963344,0.0,0.0,0.0,0.0,1.0,3.68
STU-11482,-1.2519032549470397,-0.0026403768055323043,-1.7456569450088082,0.20539412662634143,0.134072911640829,0.17688863836835414,0.6524779806369774,1.0,0.0,0.0,0.0,0.0,4.07
STU-11931,-0.17089308146793408,1.0998871940331978,-0.10709878098059657,1.7335386636705779,1.0544635222301855,0.17688863836835414,-0.4551446338790522,0.0,1.0,0.0,0.0,0.0,4.64
STU-12590,0.6939150573153504,-0.6273497201597896,-0.12382880427698088,-1.3366426334819344,-0.02889796870533712,1.062001117290528,2.4509073310485308,1.0,0.0,0.0,0.0,1.0,3.86
STU-11404,-0.6032971508595764,-0.2474589032551736,0.10842328383752844,0.024795226793840854,-0.0597691046299406,-1.7736370096268046,-0.32106400159553283,0.0,0.0,0.0,0.0,1.0,3.7
STU-12301,0.47771302261952925,-1.2588126780367959,-0.7448079042780621,-1.4894570871863586,0.3774523320696829,-0.33942697433624663,2.1215353430477117,0.0,0.0,0.0,1.0,0.0,2.8
STU-12604,-0.17089308146793408,0.3654316146842734,0.29048530206288625,1.747430886734616,0.7342652286866186,1.2586927792732316,-1.0497630900929207,1.0,0.0,1.0,0.0,0.0,5.72
STU-13692,0.26151098792370814,-0.41798766995457926,-1.562610807766017,-0.9198759415607791,-0.9579037800178392,-1.208148481426527,-0.7961758072958296,0.0,1.0,0.0,0.0,0.0,2.53
STU-13040,-1.2519032549470397,1.0357278560670846,1.476348718071292,1.7196464406065397,1.0544635222301855,0.07854280737700152,-0.48137780106495814,0.0,0.0,0.0,0.0,1.0,6.15
STU-12015,0.6939150573153504,0.795974540509505,-2.0025120085591768,0.6638374877396126,-0.12007550969195799,1.1193695187021488,-0.16657979483408653,1.0,0.0,0.0,0.0,1.0,4.08
STU-12153,1.991127265490277,0.36374321105358626,1.1781606557886801,1.2889875256213448,0.9704653151795185,-0.6836373828059805,-0.169494591188076,0.0,0.0,0.0,1.0,0.0,4.35
STU-10456,2.423531334881919,0.09359863014363713,0.7982907150590166,0.7610830491878814,1.0544635222301855,0.6932042510729549,0.2706396582643462,0.0,0.0,0.0,1.0,0.0,6.25
STU-13251,-0.17089308146793408,0.3265983311784681,1.199811274172236,-0.10023478078250683,1.0544635222301855,1.1603469482818798,-1.5248748957932177,1.0,0.0,0.0,1.0,0.0,4.94
STU-12329,2.2073293001860983,-0.5716324003471126,-3.097836474963622,-2.628619378437517,-0.08920437376735452,0.8243320257280918,1.0896974337354102,0.0,0.0,0.0,1.0,0.0,2.36
STU-14799,0.9101170920111715,-0.000951973174845158,0.7126723605422267,0.39988524952288024,0.45355327179079996,-1.4785995166527468,2.0195174706580774,0.0,0.0,1.0,0.0,0.0,4.98
STU-12703,-1.2519032549470397,-0.5479947495174923,-0.3836362248796525,-0.6142470341519322,0.1735592482885781,0.25884349752781505,-0.7524538619859863,0.0,0.0,1.0,0.0,0.0,3.79
STU-10789,-0.17089308146793408,0.19996805887692945,0.6979105752807121,1.789107555926732,0.11899631037532413,0.12771572287267818,-0.05290273702849384,0.0,0.0,0.0,1.0,0.0,4.74
STU-10493,-1.2519032549470397,-0.17148073987425053,-0.12874939936415242,-1.8645471099153978,-0.3203789265050868,0.13591120878862406,1.191715306125045,0.0,0.0,0.0,0.0,1.0,3.27
STU-12206,0.26151098792370814,-0.5479947495174923,-1.250645079239324,0.024795226793840854,-0.8954435747750353,-1.3310807701657181,0.26772486191035677,1.0,0.0,0.0,1.0,0.0,3.44
STU-13883,-0.3870951161637552,-0.03978525668065042,-0.15040001774770828,-2.0590382328119365,0.9159023772662646,-1.5605543758122076,-0.25985327816175197,1.0,0.0,0.0,1.0,0.0,3.26
STU-12564,0.9101170920111715,-0.42811809173870213,-0.7093796196504251,0.6360530416115349,-1.524353227564643,-0.91311098845247,0.25023608378641954,1.0,0.0,0.0,1.0,0.0,3.44
STU-11407,0.6939150573153504,-0.47539339339794345,-1.3933423367673068,-0.2391570114228915,-0.9528782462626705,0.8653094553078226,-0.6271176187644357,0.0,0.0,0.0,0.0,0.0,3.77
STU-12727,0.26151098792370814,0.34854757837740163,1.0246380890689195,0.024795226793840854,-0.5163747429566418,-0.4623592630754369,-0.1840685729580237,0.0,1.0,0.0,0.0,0.0,4.15
STU-12330,-0.3870951161637552,-0.048227274834086155,0.829782523616917,-1.0449059491371255,-1.0878497242586143,-0.8065696715451715,0.2356621020164716,1.0,1.0,0.0,0.0,0.0,3.95
STU-14266,-0.6032971508595764,0.46673583252550427,-0.6887131202843041,-0.15580367303866097,0.18361031579891435,-1.4294266011570707,1.0284867103016297,1.0,0.0,1.0,0.0,0.0,4.72
STU-13443,0.04530895322788702,-0.03303164215790154,0.6821646710017626,0.16371745743422553,0.1735592482885781,-0.9950658476119302,0.4222090686718031,0.0,0.0,0.0,0.0,1.0,4.11
STU-12637,-1.2519032549470397,-0.048227274834086155,-0.3058908225023373,0.39988524952288024,0.5325259450862992,0.02117440596537969,-0.7728574364639131,0.0,0.0,0.0,0.0,0.0,5.57
STU-10466,11.071612722714764,0.4127069163435147,0.30327884928953247,0.6499452646755731,0.4155028019302414,-0.6180734954784121,0.2968728254502522,0.0,1.0,0.0,0.0,0.0,4.24
STU-13170,-0.3870951161637552,-0.10394459464676319,0.3888972038063224,-0.35029479593519974,0.11253490983296491,-2.4620578265662725,-0.3327231870114908,0.0,0.0,0.0,0.0,0.0,3.73
STU-12109,1.3425211614028136,0.01762046676271375,0.6516569814612972,-0.44754035738346976,1.0544635222301855,0.18508412428430074,-0.26859766722372075,0.0,0.0,0.0,0.0,1.0,5.14
STU-12055,-1.2519032549470397,0.286076644041976,0.5010867717938398,1.789107555926732,1.0544635222301855,-0.7492012701335489,1.9320735800383908,0.0,0.0,0.0,0.0,1.0,4.67
STU-10845,0.9101170920111715,0.5646632431053609,-0.4003662481760354,-0.25304923448692973,1.0544635222301855,-1.2655168828381498,-0.16657979483408653,1.0,0.0,0.0,1.0,0.0,4.83
STU-14399,0.26151098792370814,-0.5311107132106205,-1.0174088721073813,-0.2808336806150074,-1.507122826118353,-0.5197276644870594,1.0634642665495042,0.0,1.0,0.0,0.0,0.0,3.53
STU-11258,0.6939150573153504,-0.5699439967164255,0.1241691881164793,-1.8784393329794362,0.9891315834130003,-0.27386308700867823,1.771759780568965,0.0,0.0,0.0,1.0,0.0,2.82
STU-10681,-1.2519032549470397,0.05476534663783187,-0.2419230863691032,-0.25304923448692973,0.28771065787025263,-0.454163777159491,0.8827468926021522,1.0,0.0,0.0,0.0,0.0,3.91
STU-14870,-0.8194991855553975,0.7993513477708792,1.395650958641675,1.0250352874046138,0.5878068163931479,-0.536118636318952,0.7195182967787372,1.0,0.0,0.0,1.0,0.0,5.87
STU-12231,1.1263191267069925,-0.12420543821500954,0.33083418177769475,-0.558678141895778,0.1441239791511642,0.5456855045859264,-0.35604155784340724,0.0,0.0,0.0,0.0,1.0,3.7
STU-13946,0.47771302261952925,-1.7940366289646326,-3.5170711763906604,-1.5311337563784733,-3.642974672064793,-1.8555918687862647,0.6641371660529358,1.0,0.0,1.0,0.0,0.0,1.0
STU-11293,0.04530895322788702,-0.2288864633176147,-0.6562371927089703,-1.308858187353858,-0.8430344370425689,0.7751591102324158,-0.513440560958843,0.0,0.0,0.0,0.0,1.0,3.13
STU-14211,-1.2519032549470397,0.44816339258794535,0.9380356155346962,0.26096301888249557,0.44278427088686895,0.48831710317430377,0.6903703332388418,1.0,0.0,0.0,1.0,0.0,4.69
STU-11766,0.47771302261952925,-0.6104656838529179,-0.18878065942764843,-0.5725703649598162,0.5045265427360769,0.8980913989716061,-0.14326142400217007,1.0,0.0,0.0,1.0,0.0,3.67
STU-13457,0.6939150573153504,-1.5323340662081195,0.026741405390476584,-2.4619127016690543,-1.331947078081064,-0.02799850953029699,0.9731055795758284,0.0,0.0,0.0,0.0,1.0,1.46
STU-13840,-1.2519032549470397,1.3886042148807056,-1.3077239822505182,1.789107555926732,1.0544635222301855,1.4062115257602616,-0.6999875276141744,0.0,0.0,0.0,0.0,1.0,5.68
STU-10275,-0.17089308146793408,-0.24914730688586106,1.3385720556304808,0.23317857275441786,0.13766257860880599,-0.8885245307046317,-0.8865344942695057,0.0,0.0,0.0,0.0,0.0,4.37
STU-13523,0.47771302261952925,0.9310468309644797,0.21077166165070269,0.6638374877396126,0.812519968588521,1.2013243778616105,-0.9448304213492968,0.0,0.0,0.0,0.0,1.0,3.69
STU-12095,0.9101170920111715,-0.10732140190813748,0.2304540419993902,-1.3366426334819344,-0.21125305067857886,-0.7082238405538188,0.04328554265316113,1.0,0.0,0.0,0.0,1.0,3.97
STU-11007,-0.17089308146793408,-0.6796902327110923,-0.8353468538820235,-0.5308936957677003,-1.53584016186217,-0.10175788277381129,0.6874555368848523,0.0,0.0,1.0,0.0,0.0,3.55
STU-11011,0.47771302261952925,-1.0899723149680778,-0.7782679508708307,0.16371745743422553,-1.419534952099708,-1.0524342490235528,-0.5746512843926236,1.0,0.0,0.0,1.0,0.0,3.08
STU-12381,-1.2519032549470397,-0.703327883540713,1.1496212042830845,1.2334186333651909,-0.20120198316824264,1.5865122159110738,0.2152585275385449,0.0,0.0,1.0,0.0,0.0,4.39
STU-14588,-0.6032971508595764,-0.16135031809012734,-1.5547378556265423,-0.9893370568809715,0.12402184413049276,-0.16732177010137972,0.04911513536114037,0.0,1.0,0.0,0.0,0.0,2.64
STU-13793,0.26151098792370814,0.9141627946576076,1.500951693507151,0.8305441645080737,1.0544635222301855,0.5374900186699805,-0.682498749490237,0.0,0.0,0.0,1.0,0.0,4.87
STU-10499,0.04530895322788702,0.6777862863614024,0.09661385562831706,-0.2808336806150074,-0.29596919112284154,-0.5197276644870594,0.4571866249196777,0.0,1.0,0.0,0.0,0.0,3.55
STU-14357,-1.0357012202512186,-1.3381676486790934,-1.1758520339143135,-0.8920914954327015,-0.6628331552501124,-2.183411305424107,-0.7437094729240178,0.0,0.0,0.0,0.0,1.0,2.62
STU-13439,-0.6032971508595764,-0.012770798589655482,-0.2999861083977309,0.13593301130614785,0.1735592482885781,-0.4213818334957068,-0.09079508963035823,1.0,0.0,1.0,0.0,0.0,3.65
STU-12030,-0.6032971508595764,-0.11069820916951206,-0.7211890478596379,-0.5170014727036621,-0.5529893460300097,-0.3148405165884083,-1.0235299229070147,1.0,0.0,0.0,0.0,0.0,4.16
STU-14004,-0.6032971508595764,1.4037998475568902,1.0561298976268199,-0.16969589610269917,1.0544635222301855,0.02117440596537969,-0.8398977526056728,0.0,0.0,0.0,0.0,1.0,5.03
STU-13788,-1.0357012202512186,-1.176080900133124,-1.0065835629156032,1.3584486409415384,-1.8122445183964153,-1.0688252208554445,-0.23362011097584606,1.0,0.0,1.0,0.0,0.0,3.69
STU-14438,0.47771302261952925,1.8090167189218143,1.475364599053857,1.789107555926732,1.0544635222301855,-1.3146897983338257,-0.1549206094181283,0.0,0.0,0.0,0.0,1.0,5.64
STU-12061,0.9101170920111715,-0.7556683960920156,-0.30982729857207536,-0.10023478078250683,-0.2629442550174506,0.7587681384005234,0.3056172145122209,0.0,1.0,0.0,0.0,0.0,3.94
STU-10497,-0.17089308146793408,-0.5057846587503126,0.2137240187030059,0.23317857275441786,0.9797984492962589,-0.10995336868975716,1.2412668441428671,0.0,0.0,0.0,0.0,1.0,4.42
STU-12973,1.5587231960986347,-0.36227035014190223,-0.6070312418372522,1.2473108564292301,-0.6714483559732581,0.8653094553078226,-0.1840685729580237,0.0,0.0,0.0,0.0,1.0,4.45
STU-13098,-0.3870951161637552,-0.5040962551196255,0.3515006811438157,-0.961552610752895,-0.37637773120553136,0.6768132792410632,-0.2307053146218566,0.0,0.0,0.0,0.0,1.0,3.81
STU-11809,0.6939150573153504,0.6946703226682738,1.1565100374051245,0.9138975028923055,-0.09710164109690433,-0.5279231504030053,0.22108812024652388,1.0,0.0,0.0,0.0,1.0,4.65
STU-12439,-1.0357012202512186,-1.2537474671447344,-1.3234698865294678,0.19150190356230198,-1.0921573246201872,0.7013997369889016,-0.16657979483408653,0.0,0.0,0.0,0.0,1.0,3.78
STU-10797,-1.2519032549470397,0.5258299595995559,0.06659822559656975,0.024795226793840854,1.0544635222301855,1.7668129060618873,-1.0468482937389312,0.0,0.0,1.0,0.0,0.0,5.96
STU-11936,-0.6032971508595764,-0.0499156784647733,0.22946992298195534,-1.114367064457318,1.0544635222301855,0.06215183554510977,1.506513312355916,0.0,0.0,0.0,1.0,0.0,3.31
STU-11034,0.26151098792370814,-1.083218700445329,0.12318506909904443,1.6918619944784619,-2.370078765220074,-0.26566760109273235,0.046200339007150884,1.0,0.0,1.0,0.0,0.0,4.14
STU-11104,-0.8194991855553975,-0.17992275802768656,-1.086297203327787,0.385993026458842,0.15776471362947847,-0.7328102983016564,-0.72913549115407,0.0,0.0,1.0,0.0,0.0,3.9
STU-12868,-1.2519032549470397,-1.9020944613286124,-2.0074326036463495,-0.2947259036790456,-0.9701086477089618,-1.3638627138295023,-0.2744272599317,0.0,0.0,0.0,0.0,0.0,2.45
STU-12087,-0.8194991855553975,-0.40279203727839435,1.4694598849492522,-0.2391570114228915,-0.42591513536361675,0.03756537779727143,-1.3762202817397504,0.0,0.0,1.0,0.0,0.0,4.03
STU-12686,-0.17089308146793408,0.04970013574577043,1.1988271551548026,-0.864307049304625,1.0544635222301855,0.15230218062051654,-1.3645610963237924,0.0,1.0,0.0,0.0,0.0,4.76
STU-11184,-0.3870951161637552,0.02268567765477549,-1.8854018454844879,1.4834786485178848,-0.31319959256913177,0.09493377920889398,0.76615503844257,1.0,0.0,0.0,0.0,0.0,4.73
STU-12937,0.6939150573153504,-0.4466905316762614,-2.346953664661204,1.789107555926732,-1.5853775660202558,0.25884349752781505,0.5417157191853748,1.0,0.0,1.0,0.0,0.0,3.46
STU-13928,1.7749252307944559,0.0007364304558419882,0.7756559776580259,0.9694663951484597,1.0544635222301855,1.455384441255937,2.2614455680392105,0.0,0.0,1.0,0.0,0.0,5.31
STU-11823,-0.3870951161637552,-0.5074730623809999,-2.5437774681480763,-1.0449059491371255,-0.37278806423755334,0.7751591102324158,-0.3939339104452716,0.0,1.0,0.0,0.0,0.0,2.92
STU-13543,0.04530895322788702,0.8094817695550022,0.5001026527764049,-1.0449059491371255,1.0544635222301855,-0.20010371376516392,0.40763508690185507,0.0,0.0,0.0,0.0,1.0,4.47
STU-11821,-1.2519032549470397,-0.5581251713016151,0.3682307044402,-1.211612625905588,-0.3210968598986816,-1.117998136351121,0.3959759014858971,0.0,0.0,1.0,0.0,0.0,3.42
STU-12053,1.1263191267069925,0.2641273968430425,0.3780718946145445,-0.8504148262405868,-0.43309446929957074,1.1275650046180963,0.12489984056486865,0.0,0.0,0.0,1.0,0.0,4.51
STU-13979,0.9101170920111715,-0.011082394958968336,-1.0823607272580489,0.4415619187149961,-0.5673480139019188,0.8325275116440376,-0.12868744223222237,0.0,0.0,1.0,0.0,0.0,4.42
STU-12697,-0.6032971508595764,-0.2896689940223532,-0.9140763752767735,-0.9476603876888556,-0.3648907969080035,0.6686177933251173,3.3894717570331667,1.0,0.0,0.0,0.0,0.0,3.67
STU-10239,0.26151098792370814,-0.043162063942024716,-1.5537537366091088,-0.8504148262405868,0.2396091204993589,-1.1507800800149053,0.4805049957515939,0.0,0.0,0.0,1.0,0.0,4.04
STU-12529,-1.0357012202512186,0.34854757837740163,-1.531118999208118,-0.7392770417282786,-1.0253895190158107,0.7013997369889016,-0.23944970368382532,1.0,0.0,0.0,0.0,1.0,3.06
STU-14007,0.9101170920111715,1.224829062704049,1.500951693507151,1.789107555926732,1.0544635222301855,-0.06897593911002707,1.4919393305859685,1.0,0.0,0.0,0.0,1.0,5.09
STU-14647,0.04530895322788702,-1.6606527421403454,0.39972251299810035,-0.905983718496741,-2.342797296263447,1.152151462365934,-0.9419156249953071,1.0,0.0,0.0,0.0,0.0,3.6
STU-11462,0.04530895322788702,1.3953578294034548,1.500951693507151,-0.32251034980712207,1.0544635222301855,0.9472643144672828,1.2004596951870132,0.0,0.0,1.0,0.0,0.0,5.16
STU-12971,-0.6032971508595764,2.573863563623108,1.500951693507151,1.789107555926732,1.0544635222301855,0.02117440596537969,0.09283708067098376,1.0,0.0,1.0,0.0,0.0,6.5
STU-11839,1.5587231960986347,1.417307076602388,1.500951693507151,1.789107555926732,1.0544635222301855,-0.18371274193327145,0.4834197921055834,0.0,0.0,0.0,1.0,0.0,6.58
STU-14150,-1.2519032549470397,-0.6391685455745999,0.06659822559656975,0.3443163572667261,0.06515130585566596,0.21786606794808422,0.780729020212518,0.0,0.0,0.0,0.0,1.0,4.6
STU-12379,1.5587231960986347,-0.35551673561915337,0.14483568748260028,1.3584486409415384,-0.8092915675435821,1.0046327158789052,-0.16657979483408653,0.0,0.0,0.0,0.0,1.0,4.11
STU-10998,0.04530895322788702,-0.9582768317744775,-0.25471663359575086,-2.2396371326444386,-1.1373871284166996,-0.9622839039481459,1.792163355046892,0.0,0.0,0.0,1.0,0.0,3.06
STU-14245,-0.3870951161637552,0.6457066173783457,1.2155571784511856,0.5110230340351885,1.0544635222301855,0.19327961020024662,-0.4668038192950104,1.0,0.0,0.0,1.0,0.0,6.26
STU-10939,0.6939150573153504,0.11385947371188318,1.4576504567400392,-1.017121503009048,0.6359083537640428,-1.3638627138295023,-0.8165793817737566,0.0,0.0,0.0,1.0,0.0,4.14
STU-12077,0.9101170920111715,0.5376487850143659,1.4979993364548478,1.789107555926732,1.0544635222301855,-1.126193622267067,0.6000116462651656,0.0,0.0,1.0,0.0,0.0,4.57
STU-13600,-0.3870951161637552,-0.8806102647628671,1.0000351136330605,-0.4058636881913539,-0.19186884905150223,-0.6754418968900346,-0.8282385671897148,0.0,0.0,0.0,1.0,0.0,3.76
STU-13597,-0.17089308146793408,1.3092492442384083,-0.4230009855770261,0.7610830491878814,-0.588168082316186,1.1685424341978257,-0.6999875276141744,1.0,0.0,0.0,1.0,0.0,5.76
STU-10206,0.04530895322788702,0.139185528172191,0.513880319020486,0.20539412662634143,0.9999005843169314,1.5291438144994511,-0.4026782995072401,0.0,0.0,0.0,0.0,1.0,4.24
STU-10886,-1.0357012202512186,0.38906926551389404,1.500951693507151,-0.4058636881913539,0.9991826509233366,-0.3148405165884083,0.23857689837046134,0.0,1.0,0.0,0.0,0.0,3.9
STU-14772,-0.3870951161637552,-0.29135739765304064,-0.6139200749592921,-0.4058636881913539,-0.05905117123634582,1.701249018734319,-0.6650099713662998,1.0,0.0,1.0,0.0,0.0,3.65
STU-10826,0.47771302261952925,0.4971270978778738,0.13401037829082235,-1.225504848969626,0.808930301620544,-0.23288565742894812,-0.20738694378994016,0.0,0.0,0.0,1.0,0.0,4.43
STU-12443,1.1263191267069925,1.1015755976638848,0.06659822559656975,0.024795226793840854,1.0544635222301855,1.143955976449988,-0.9652339958272236,0.0,1.0,0.0,0.0,0.0,5.28
STU-11747,0.6939150573153504,-0.4517557425683228,-1.8706400602229731,-1.1977204028415498,-0.46396560522417524,0.7915500820643075,-1.2304804640402727,1.0,0.0,0.0,0.0,0.0,3.51
STU-14268,-0.3870951161637552,-0.8671030357173697,-0.5981741706803426,0.20539412662634143,0.1434060457575694,-0.21649468559705567,-0.5688216916846446,0.0,0.0,1.0,0.0,0.0,4.0
STU-12602,1.5587231960986347,-0.05498088935683504,-0.1956694925496883,0.06647189598595551,-0.6075522839432637,-0.0525849672781346,0.41346467960983435,0.0,0.0,0.0,1.0,0.0,3.42
STU-14084,0.9101170920111715,-0.8586610175639338,-0.17500299318356732,-0.15580367303866097,-0.5278616772541697,-0.15912628418543384,1.3083071602846266,1.0,0.0,0.0,0.0,1.0,3.95
STU-13753,-0.17089308146793408,0.4971270978778738,0.4814043914451522,1.1083886257888442,0.1735592482885781,1.4717754130878302,1.3170515493465955,1.0,0.0,0.0,1.0,0.0,4.88
STU-12002,0.04530895322788702,0.242178149644109,1.1889859649804582,-0.5308936957677003,1.0544635222301855,1.3488431243486392,-0.47846300471096836,0.0,0.0,1.0,0.0,0.0,5.23
STU-10651,-1.2519032549470397,1.716154519234019,1.267715486375207,1.344556417877499,1.0544635222301855,1.660271589154588,1.130504582691264,1.0,1.0,0.0,0.0,0.0,6.24
STU-10945,0.26151098792370814,0.9293584273337923,1.500951693507151,1.789107555926732,1.0544635222301855,-1.9867196434414016,0.31727639992817913,0.0,0.0,0.0,1.0,0.0,5.68
STU-11919,-0.17089308146793408,-0.1529082999366916,-2.0074326036463495,-0.35029479593519974,-1.1517457962886088,-0.8967200166205775,0.7544958530266122,0.0,0.0,0.0,0.0,1.0,3.1
STU-11079,0.9101170920111715,0.9648149035782232,0.5552133177527293,0.46934636484307257,0.1735592482885781,-0.0034120517824586514,-0.624202822410446,0.0,0.0,0.0,1.0,0.0,5.62
STU-10885,1.5587231960986347,-1.233486623576488,-0.4702386984138759,-0.9754448338169333,-1.4353294867588087,0.6276403637453866,0.6553927769909669,0.0,0.0,0.0,0.0,1.0,2.23
STU-12649,-1.2519032549470397,-0.38084279007946115,0.6339428391474781,-0.04466588852635272,0.6689332898694326,-1.0606297349394986,-0.4085078922152193,1.0,0.0,1.0,0.0,0.0,4.32
STU-14586,0.26151098792370814,-0.26265453593135824,0.14581980650003515,1.1778497411090367,1.0544635222301855,-0.37220891800003086,2.599561945101998,1.0,0.0,0.0,0.0,1.0,5.01
STU-13856,0.6939150573153504,-0.3133066448519738,0.03756671458225451,1.789107555926732,-1.0749269231738958,0.8243320257280918,1.4773653488160206,0.0,0.0,0.0,0.0,0.0,4.4
STU-12338,-1.2519032549470397,-0.7472263779385797,-2.454222637561549,-0.4892170265755844,-0.9299043776676169,0.4145577299307895,-0.5046961718968745,0.0,0.0,1.0,0.0,0.0,3.33
STU-10656,-0.3870951161637552,-0.862037824825308,0.6172128158510937,0.7749752722519196,0.0026911006128621704,0.8980913989716061,-0.1578354057721178,0.0,0.0,1.0,0.0,0.0,4.52
STU-10873,0.6939150573153504,-0.43993691715351246,-1.9434648675131154,-0.3919714651273156,-1.741887045824062,-0.29025405884057,-0.22196092555988786,1.0,0.0,0.0,0.0,0.0,3.85
STU-13932,0.04530895322788702,-1.0798418931839546,0.403658989067837,0.024795226793840854,-1.4403550205139761,1.1029785468702573,-0.5484181172067176,1.0,0.0,0.0,0.0,1.0,4.51
STU-14622,-1.0357012202512186,0.36880842194564767,1.500951693507151,-0.30861812674308386,0.49016787486416785,-0.8885245307046317,-0.16657979483408653,0.0,0.0,0.0,0.0,0.0,4.42
STU-12128,-1.2519032549470397,0.7199963771285819,-0.6385230503951511,1.789107555926732,0.9237996445958154,-0.02799850953029699,-0.5250997463748013,1.0,0.0,0.0,1.0,0.0,5.11
STU-14677,0.47771302261952925,-0.048227274834086155,0.2648982076095923,-2.1423915711961685,-0.15166457901015729,1.488166384919722,-0.16657979483408653,0.0,0.0,0.0,0.0,1.0,2.67
STU-13657,2.2073293001860983,-1.6471455130948478,0.06659822559656975,-1.461672641058281,-1.1589251302245627,-2.2899526223314055,-0.8894492906234953,1.0,0.0,1.0,0.0,0.0,2.43
STU-14340,-1.2519032549470397,0.1104826664505089,0.014931977181265193,0.1081485651780714,0.20012278385160878,0.02117440596537969,1.4598765706920835,0.0,0.0,0.0,0.0,1.0,3.92
STU-12869,-0.3870951161637552,0.29451866219541173,0.9557497578485139,1.6640775483503856,-0.3526859292168809,0.31621189893943685,-1.5452784702711444,0.0,0.0,0.0,1.0,0.0,5.08
STU-10240,-0.8194991855553975,0.015932063132026605,-1.591150259271614,-1.3505348565459727,-0.2607904548366642,0.2014750961161925,-0.16657979483408653,0.0,0.0,1.0,0.0,0.0,2.52
STU-14820,-0.8194991855553975,0.19152604072349372,1.0472728264699103,1.6362931022223077,1.0544635222301855,-0.17551725601732557,-0.16657979483408653,1.0,0.0,0.0,1.0,0.0,5.83
STU-14096,1.1263191267069925,1.2282058699654235,1.500951693507151,0.7471908261238431,1.0544635222301855,1.1111740327862032,0.3027024181582314,1.0,0.0,0.0,0.0,0.0,5.92
STU-12820,0.47771302261952925,0.5950545084577301,-0.20059008763686123,0.8027597183799973,0.9187741108406468,-0.33123148842030076,1.145078564461212,0.0,0.0,0.0,0.0,1.0,4.27
STU-10699,-0.8194991855553975,-0.8012552941205696,-0.9859170635494809,-2.267421578772515,-1.7691685147806886,1.807790335641618,1.5881276102676238,0.0,0.0,0.0,0.0,1.0,3.03
STU-14198,0.04530895322788702,1.2045682191358027,1.500951693507151,1.6362931022223077,1.0544635222301855,-0.6590509250581421,0.37557232700797016,1.0,0.0,1.0,0.0,0.0,5.39
STU-14162,0.04530895322788702,-0.2694081504541071,-0.30982729857207536,-0.2947259036790456,-2.0398294041661704,1.4963618708356679,0.9293836342659851,0.0,0.0,0.0,0.0,1.0,3.7
STU-13612,0.9101170920111715,-0.5446179422561179,-1.7810852296364452,-1.0032292799450098,0.019921502059153436,0.7177907088207933,0.7136887040707582,0.0,0.0,0.0,0.0,1.0,3.71
STU-14029,-1.2519032549470397,-0.41967607358526643,-1.8667035841532351,1.1778497411090367,0.638780087338424,-0.9950658476119302,1.9379031727463698,0.0,1.0,0.0,0.0,0.0,4.23
STU-10214,-0.17089308146793408,-0.048227274834086155,1.500951693507151,0.024795226793840854,-0.26868772216621506,0.9718507722151204,0.46593101398164616,0.0,0.0,0.0,1.0,0.0,5.56
STU-12596,-0.8194991855553975,0.9749453253623461,0.5808004122060233,0.3304241342026879,0.21663525190430422,0.012978920049433091,0.1598773968127433,1.0,0.0,0.0,0.0,1.0,4.58
STU-13166,-0.17089308146793408,1.3700317749431468,1.500951693507151,1.789107555926732,1.0544635222301855,-1.044238763107606,-0.8690457161455684,0.0,0.0,0.0,0.0,1.0,4.88
STU-13054,0.6939150573153504,-0.406168844539769,0.18321632916254046,0.17760968049826376,0.1735592482885781,0.48012161725835795,1.5939572029756026,1.0,0.0,1.0,0.0,0.0,4.19
STU-12371,1.1263191267069925,-1.8328699124704377,-1.1118842977810794,-2.8370027243980944,-2.0836233411754925,0.17688863836835414,0.623330017097082,0.0,0.0,0.0,0.0,1.0,2.3
STU-10235,0.04530895322788702,1.5844590360404187,1.500951693507151,0.42766969565095664,1.0544635222301855,1.2832792370210708,0.028711560883213427,0.0,0.0,1.0,0.0,0.0,5.68
STU-13551,1.3425211614028136,-0.07524173292508109,1.1171452767077494,0.8444363875721131,-1.7124517766866487,0.685008765157009,1.7601005951530073,0.0,0.0,0.0,0.0,1.0,4.1
STU-13740,0.04530895322788702,0.7858441187253821,-0.12284468525954602,1.2612030794932685,1.0544635222301855,0.21786606794808422,-0.8428125489596625,1.0,1.0,0.0,0.0,0.0,4.99
STU-10455,-1.2519032549470397,1.743168977325014,1.1092723245682745,0.31653191113864965,1.0544635222301855,-0.4131863475797609,-0.41433748492319833,0.0,0.0,0.0,0.0,0.0,5.51
STU-13332,-1.0357012202512186,-0.048227274834086155,-0.6336024553079797,-0.0029892193342368227,-0.33114792740901783,0.18508412428430074,1.8562888748346624,1.0,0.0,1.0,0.0,0.0,4.23
STU-11819,9.990602549235659,-0.7708640287682001,-0.017543950394069977,0.6082685954834585,-2.0075224014543753,-0.48694572082327525,0.20068454576859693,0.0,0.0,0.0,0.0,1.0,3.41
STU-14249,-0.6032971508595764,-0.24239369236311217,-0.18582830237534523,-0.04466588852635272,0.30206932574216167,0.8243320257280918,1.6260199628694876,1.0,0.0,0.0,0.0,1.0,4.85
STU-14854,0.47771302261952925,-0.426429688108015,0.20978754263326782,-1.211612625905588,0.6258572862537065,-0.011607537698404523,-0.47554820835697886,0.0,0.0,0.0,0.0,1.0,3.8
STU-12817,3.504541508361025,0.42621414538901187,0.6811805519843278,1.2612030794932685,1.0544635222301855,0.17688863836835414,-0.9972967557211087,1.0,0.0,1.0,0.0,0.0,5.82
STU-12313,-1.2519032549470397,-0.6661830036655949,1.500951693507151,-0.1835881191667374,0.275505790179131,1.152151462365934,-0.7174763057381117,0.0,0.0,0.0,0.0,1.0,4.28
STU-13114,2.2073293001860983,-1.7923482253339453,-0.45941338922209796,-0.8226303801125091,-2.3033109596156978,0.5620764764178188,-1.521960099439228,0.0,0.0,0.0,0.0,1.0,2.9
STU-13694,0.04530895322788702,0.9310468309644797,0.34756420507407904,1.2473108564292301,1.0544635222301855,0.8735049412237684,-0.20447214743595066,0.0,0.0,0.0,0.0,1.0,5.11
STU-11224,-0.6032971508595764,0.43803297080382214,-1.1404237492866764,-1.5311337563784733,1.0544635222301855,1.0947830609543114,0.806962187398424,0.0,0.0,0.0,0.0,1.0,2.87
STU-14388,1.1263191267069925,0.4650474288948171,1.292318461811066,-0.32251034980712207,0.6136524185625838,-1.6425092349716677,0.4018054941938761,0.0,0.0,0.0,0.0,1.0,4.99
STU-10756,-0.17089308146793408,0.26581580047372966,-2.0527020784483296,-0.15580367303866097,0.1735592482885781,0.6276403637453866,-0.16657979483408653,1.0,0.0,0.0,1.0,0.0,4.78
STU-11965,0.26151098792370814,-0.4230528808466407,0.24029523217373328,0.05257967292191729,-0.6269364855703403,0.5292945327540346,-0.7903462145878505,0.0,0.0,1.0,0.0,0.0,3.72
STU-11042,0.9101170920111715,1.189372586459618,1.500951693507151,-0.43364813431943033,1.0544635222301855,-0.667246410974088,0.3347651780521163,0.0,0.0,0.0,0.0,1.0,5.01
STU-13156,-1.2519032549470397,-1.897029250436551,-1.7850217057061832,-1.8923315560434757,-0.5508355458492233,-0.8639380729567933,1.273329604036752,1.0,0.0,0.0,1.0,0.0,2.56
STU-12812,-1.2519032549470397,-0.1562851071980659,-1.4346753354995503,0.5804841493553808,0.4435022042804637,-0.4213818334957068,-0.9244268468713699,0.0,1.0,0.0,0.0,0.0,4.09
STU-12780,-0.8194991855553975,0.3299751384398427,0.06659822559656975,1.7335386636705779,1.0544635222301855,0.5374900186699805,-0.23362011097584606,1.0,0.0,0.0,0.0,0.0,5.17
STU-13239,0.04530895322788702,-1.0021753261723443,-1.2939463160064373,0.16371745743422553,-2.049162538282911,0.02117440596537969,-0.9710635885352027,1.0,0.0,0.0,0.0,1.0,3.37
STU-11343,1.1263191267069925,-0.043162063942024716,-0.6739513350227881,1.789107555926732,-1.1811810654260215,0.07034732146105564,-1.0934850354027639,1.0,0.0,1.0,0.0,0.0,4.73
STU-11816,-0.6032971508595764,0.622068966548725,-0.7546490944524065,0.010903003729801398,-0.6771918231220215,-0.6590509250581421,0.967275986867849,1.0,0.0,1.0,0.0,0.0,4.04
STU-13865,-0.8194991855553975,-0.5395527313640562,0.6880693851063676,-0.558678141895778,-0.20048404977464784,-0.6262689813943579,0.8798320962481627,0.0,1.0,0.0,0.0,0.0,3.7
STU-13036,-0.17089308146793408,0.5511560140598634,0.8130525003205326,-0.8504148262405868,1.0544635222301855,-0.3066450306724624,2.372207829490813,0.0,0.0,0.0,1.0,0.0,4.64
STU-12574,-0.6032971508595764,-0.6763134254497181,1.1102564435857094,1.4695864254538455,-1.15461752986299,1.2013243778616105,-1.3499871145538445,1.0,0.0,1.0,0.0,0.0,4.17
STU-14207,-0.17089308146793408,0.0412581175923344,1.1319070619692653,-0.3919714651273156,-0.2148427176465569,-0.7246148123857106,-0.6504359895963522,1.0,1.0,0.0,0.0,0.0,4.46
STU-14514,-0.17089308146793408,0.9563728854247872,0.8691472843142906,0.6777297108036509,1.0544635222301855,0.11132475104078572,-0.6358620078264041,0.0,0.0,0.0,1.0,0.0,5.06
STU-13697,1.5587231960986347,-1.5796093678673604,-0.7123319767027283,0.05257967292191729,-1.2730765398062382,0.33260287077132933,-0.047073144320514855,0.0,0.0,0.0,0.0,0.0,3.65
STU-11698,0.47771302261952925,-0.1917415834424966,0.06659822559656975,0.46934636484307257,-0.323250660079468,1.365234096180531,0.14238861868880612,0.0,0.0,0.0,1.0,0.0,4.31
STU-10616,-1.0357012202512186,0.5781704721508583,-1.5055319047548241,1.539047540774039,1.0544635222301855,0.9636552862991745,0.03745594994518216,0.0,0.0,0.0,0.0,0.0,5.05
STU-13580,-0.6032971508595764,-0.9413927954676056,-0.6690307399356166,-0.864307049304625,-1.2730765398062382,-1.9211557561138333,-1.1226329989426593,1.0,0.0,1.0,0.0,0.0,3.28
STU-10156,0.26151098792370814,0.7858441187253821,1.0846693491324155,1.4834786485178848,1.0544635222301855,0.7997455679802542,-0.7757722328179028,1.0,0.0,0.0,0.0,0.0,5.82
STU-11183,0.9101170920111715,-0.09550257649332745,0.06659822559656975,1.441801979325769,-0.7647796971406654,-0.2984495447565166,-0.084965496922379,0.0,0.0,0.0,1.0,0.0,4.76
STU-11041,0.26151098792370814,0.4549170071106942,1.0423522313827387,0.41377747258691844,1.0544635222301855,0.9144823708034978,0.5300565337694162,0.0,1.0,0.0,0.0,0.0,5.99
STU-13437,-0.17089308146793408,0.1577579681097499,1.0108604228248383,1.3723408640055768,1.0544635222301855,-0.37220891800003086,0.28229884368030445,0.0,0.0,0.0,1.0,0.0,5.12
STU-10366,0.04530895322788702,-0.8671030357173697,-2.2308276206039492,-0.7809537109203932,-0.6010908834009044,0.42275321584673536,-0.47846300471096836,1.0,0.0,0.0,0.0,0.0,1.65
STU-13744,0.26151098792370814,-0.9397043918369185,-2.4827620890671454,0.3443163572667261,-1.9120372601061817,-2.6669449744649234,0.49216418116755234,0.0,0.0,0.0,0.0,0.0,2.62
STU-13256,-0.17089308146793408,-0.323437066636097,-1.7299110407298588,-0.32251034980712207,-0.7762666314381922,-0.4951412067392211,-0.2715124635777102,0.0,0.0,0.0,1.0,0.0,3.38
STU-14746,0.04530895322788702,-0.048227274834086155,-0.09332111473651544,0.16371745743422553,0.1735592482885781,0.02117440596537969,-0.47554820835697886,0.0,0.0,0.0,1.0,0.0,5.2
STU-14123,0.9101170920111715,-0.6442337564666617,1.2765725575321165,0.19150190356230198,0.06443337246207016,0.5047080750061963,-0.10828386775429542,0.0,0.0,0.0,1.0,0.0,3.79
STU-12676,-1.0357012202512186,0.1104826664505089,1.500951693507151,1.5529397638380773,1.0544635222301855,-0.5689005799827361,-0.8573865307296101,0.0,0.0,1.0,0.0,0.0,4.61
STU-12047,0.26151098792370814,0.3114026985022835,0.7254659077688743,-0.711492595600201,0.9467735131908691,0.02936989188132556,1.8737776529585999,1.0,1.0,0.0,0.0,0.0,4.41
STU-11573,-0.3870951161637552,0.28776504767266314,-0.39938212915860194,-1.0449059491371255,1.0171309857632227,-1.4458175729889624,-1.2129916859163354,0.0,0.0,1.0,0.0,0.0,3.83
STU-12663,-0.6032971508595764,1.5844590360404187,1.500951693507151,1.789107555926732,1.0544635222301855,0.644031335577279,-0.7728574364639131,0.0,0.0,0.0,0.0,1.0,6.15
STU-13790,1.3425211614028136,0.23711293875204756,0.02280492932073992,0.3304241342026879,1.0530276554429947,-1.3228852842497723,1.0401458957175878,1.0,0.0,0.0,1.0,0.0,4.22
STU-11496,-1.2519032549470397,0.14762754632562702,0.15369275863950987,0.7610830491878814,1.0544635222301855,-1.208148481426527,-0.03541395890455664,0.0,0.0,0.0,0.0,1.0,5.73
STU-11961,1.3425211614028136,-0.07693013655576823,-1.5458807844696327,-1.0865826183292415,1.0544635222301855,-0.8639380729567933,-0.16657979483408653,0.0,0.0,0.0,0.0,0.0,3.49
STU-11035,-0.6032971508595764,-1.9020944613286124,-1.6354356150561606,-0.9754448338169333,-1.4618930223218394,0.07034732146105564,0.812791780106403,0.0,0.0,0.0,1.0,0.0,3.26
STU-14314,-0.3870951161637552,-0.8907406865469901,0.3967701559457971,-1.2949659642898186,0.718470694027518,-1.5605543758122076,-0.16657979483408653,0.0,0.0,0.0,0.0,1.0,2.7
STU-13033,0.04530895322788702,-0.23057486694830184,1.380889173380159,0.788867495315959,0.5325259450862992,-0.454163777159491,-1.294605983828043,1.0,0.0,0.0,0.0,1.0,5.04
STU-10894,0.6939150573153504,0.4599822180027557,-0.2960496323279942,-0.2669414575509692,1.0544635222301855,1.0046327158789052,-0.1403466276481806,0.0,0.0,0.0,0.0,1.0,5.09
STU-11756,-0.3870951161637552,-0.4652629716138203,1.3080643660900166,-0.11412700384654506,-0.26509805519823704,0.33260287077132933,-0.7757722328179028,0.0,0.0,0.0,1.0,0.0,4.19
STU-14979,0.26151098792370814,-0.8637262284559952,-0.6926495963540421,1.3028797486853843,-0.5766811480186592,0.9226778567194451,3.3894717570331667,0.0,0.0,0.0,0.0,0.0,3.84
STU-10670,-1.2519032549470397,-0.43487170626145105,1.0571140166442534,-0.905983718496741,-0.5034519418719243,-1.290103340585988,0.4805049957515939,0.0,0.0,0.0,0.0,1.0,3.16
STU-10465,-0.6032971508595764,1.0576771032660184,0.06659822559656975,-1.6978404331469357,1.0544635222301855,-0.7410057842176031,1.0751234519654627,0.0,0.0,0.0,1.0,0.0,3.93
STU-12277,0.9101170920111715,-1.1169867730590726,-1.236867412995243,-2.684188270693671,-1.50281522575678,-2.4702533124822184,-0.7174763057381117,1.0,0.0,0.0,0.0,1.0,1.76
STU-12900,0.9101170920111715,-0.7286539380010206,0.5315944613343052,-0.6281392572159703,0.5490384131389936,0.2342570397799767,-1.6618703244307265,0.0,0.0,0.0,0.0,0.0,3.78
STU-14964,0.04530895322788702,1.4156186729717006,1.2165412974686205,1.789107555926732,1.0544635222301855,0.8079410538962001,-0.22196092555988786,1.0,0.0,0.0,0.0,0.0,5.74
STU-12441,0.6939150573153504,-0.09887938375470175,0.06659822559656975,-0.5725703649598162,0.24607052104171712,-1.085216192687337,-0.9535748104112654,0.0,0.0,1.0,0.0,0.0,4.26
STU-13820,-1.2519032549470397,-0.31499504848266097,-0.33147791695563117,1.136173071916922,-1.4977896920016114,1.4062115257602616,-0.16657979483408653,1.0,0.0,0.0,0.0,0.0,4.47
STU-14814,0.9101170920111715,1.537183734381178,1.500951693507151,0.5249152570992267,1.0544635222301855,0.685008765157009,-0.8486421416676415,0.0,0.0,0.0,0.0,1.0,5.99
STU-11091,-0.3870951161637552,0.09697543740501142,1.500951693507151,1.5251553177099995,1.0544635222301855,-0.4213818334957068,0.7370070749026747,1.0,0.0,0.0,0.0,0.0,4.67
STU-10653,-1.2519032549470397,1.2484667135336698,0.7569577163267732,1.0111430643405754,1.0544635222301855,-1.2491259110062571,0.25315088014040904,0.0,0.0,0.0,1.0,0.0,5.49
STU-12008,0.9101170920111715,-0.6526757746200974,1.500951693507151,0.12204078824210964,-0.501298141691138,1.152151462365934,0.2152585275385449,0.0,0.0,1.0,0.0,0.0,3.87
STU-13750,-1.2519032549470397,-0.7809944505523234,0.9026073309070591,0.024795226793840854,1.0372331207838952,0.21786606794808422,-1.0905702390487744,1.0,0.0,0.0,0.0,1.0,3.89
STU-11640,0.9101170920111715,-1.1152983694283853,0.8169889763902692,-0.10023478078250683,-0.06551257177870402,0.18508412428430074,-0.9594044031192445,1.0,0.0,0.0,1.0,0.0,4.16
STU-13454,1.991127265490277,0.7622064678957614,-0.05494047305657528,0.31653191113864965,0.8835953745544705,0.5948584200816031,-0.7320502875080596,0.0,0.0,0.0,0.0,1.0,5.0
STU-12225,-0.17089308146793408,-0.8839870720242414,0.2658823266270272,0.5665919262913426,-0.9098022426469444,-0.3885998898319226,0.4513570322116985,1.0,0.0,1.0,0.0,0.0,4.25
STU-11772,-1.0357012202512186,1.0762495432035772,0.8671790462794222,-0.9754448338169333,1.0544635222301855,0.18508412428430074,1.0284867103016297,0.0,0.0,1.0,0.0,0.0,4.26
STU-10043,-0.3870951161637552,-1.67584837481653,-0.6404912884300209,-1.3366426334819344,-3.5496433308973856,0.644031335577279,-1.1459513697745758,0.0,0.0,0.0,0.0,0.0,1.78
STU-10958,-0.8194991855553975,-1.2621894852981703,-1.160106129635364,0.024795226793840854,-1.537276028649361,0.2998209271075451,2.3809522185527814,0.0,0.0,0.0,0.0,0.0,3.41
STU-11143,-0.17089308146793408,0.7503876424809511,-0.3452555831997123,-0.2252647883588533,1.0544635222301855,0.012978920049433091,-0.5105257646048535,0.0,0.0,0.0,0.0,1.0,4.31
STU-14953,0.6939150573153504,1.1032640012945722,0.7146405985770964,0.6082685954834585,1.0544635222301855,-0.3066450306724624,0.5883524608492076,0.0,0.0,0.0,0.0,1.0,5.19
STU-12862,-1.2519032549470397,-0.7793060469216361,-1.1335349161646353,-0.7809537109203932,-1.7519381133343983,0.02117440596537969,-0.0033511990106714763,0.0,0.0,0.0,0.0,1.0,3.4
STU-10626,-0.17089308146793408,-0.2356400778403636,0.06659822559656975,-1.9340082252355904,-0.7209857601313434,1.3078656947689085,-0.3035752234715954,0.0,0.0,0.0,0.0,1.0,3.45
STU-11805,-0.6032971508595764,-1.3195952087415344,-0.4426833659257136,-1.3505348565459727,-1.0139025847182837,-0.15912628418543384,-0.5775660807466133,0.0,1.0,0.0,0.0,0.0,2.88
STU-12836,0.9101170920111715,-0.17654595076631197,-0.18582830237534523,-0.2391570114228915,-0.6061164171560721,0.6194448778294407,1.4307286071521876,1.0,0.0,1.0,0.0,0.0,3.73
STU-13929,0.47771302261952925,0.2455549569054836,-0.10414642392829337,1.6085086560942314,-0.41945373482125753,-0.11814885460570303,-1.4520049869434788,0.0,0.0,0.0,1.0,0.0,3.78
STU-11262,-0.8194991855553975,0.3958228800366426,0.9252420683080499,0.3026396880746102,-0.30099472487800916,0.816136539812146,-1.0497630900929207,0.0,0.0,0.0,1.0,0.0,4.46
STU-14082,-0.3870951161637552,0.2725694149964785,-0.293097275275691,-0.11412700384654506,0.6983685590068465,0.31621189893943685,-0.05873232973647307,0.0,0.0,0.0,0.0,1.0,4.59
STU-13933,-0.3870951161637552,0.3384171565932784,0.01886845325100186,0.12204078824210964,1.0544635222301855,-1.1016071645192287,-0.07622110786041027,0.0,0.0,0.0,0.0,1.0,4.67
STU-14348,0.47771302261952925,-0.6104656838529179,1.009876303807405,0.024795226793840854,-0.657089688101349,-0.9540884180322,1.136334175399243,1.0,0.0,0.0,0.0,1.0,4.0
STU-14693,-0.8194991855553975,-0.862037824825308,-2.2957794757546166,-0.2252647883588533,-2.2250562197137946,-1.1835620236786895,-1.192588111438409,0.0,0.0,0.0,0.0,1.0,2.59
STU-13656,1.5587231960986347,0.30633748761022206,1.500951693507151,0.6082685954834585,1.0544635222301855,-0.4131863475797609,-0.7641130474019445,0.0,0.0,0.0,0.0,1.0,5.02
STU-14094,0.04530895322788702,1.1623581283686233,1.500951693507151,1.3584486409415384,1.0544635222301855,0.02936989188132556,-1.157610555190534,1.0,1.0,0.0,0.0,0.0,4.91
STU-14398,0.26151098792370814,1.1522277065845004,-0.5036987450066445,0.5110230340351885,1.0544635222301855,-1.1999529955105812,3.3894717570331667,1.0,0.0,0.0,0.0,1.0,5.32
STU-10280,-0.8194991855553975,-0.232263270578989,-1.6974351131545249,-1.572810425570589,-1.8617819225545007,-1.5605543758122076,0.5708636827252701,0.0,0.0,1.0,0.0,0.0,2.47
STU-13451,0.9101170920111715,-0.7151467089555233,1.500951693507151,-1.253289295097704,0.8864671081288517,0.02936989188132556,0.41054988325584485,0.0,0.0,0.0,0.0,1.0,3.67
STU-11269,-0.17089308146793408,0.9529960781634129,0.433182559590869,0.3026396880746102,1.0544635222301855,1.357038610264585,-0.2569384818077625,0.0,0.0,0.0,0.0,0.0,5.05
STU-11956,0.47771302261952925,-0.75904520335339,-0.7694108797139211,-1.058798172201164,0.1735592482885781,1.0701966032064738,0.2444064910784403,0.0,1.0,0.0,0.0,0.0,3.05
STU-11683,-1.0357012202512186,-0.9650304462972262,-0.6719830969879198,-1.6839482100828973,-0.36130112994002656,-0.07717142502597295,-1.4111978379876249,0.0,0.0,0.0,1.0,0.0,3.02
STU-12914,0.47771302261952925,-0.05498088935683504,-1.1345190351820702,0.024795226793840854,-0.5838604819546132,0.31621189893943685,0.25023608378641954,0.0,0.0,0.0,0.0,1.0,3.96
STU-11030,-0.17089308146793408,1.0998871940331978,0.6742917188622866,1.789107555926732,1.0544635222301855,0.5538809905018722,0.2706396582643462,1.0,0.0,0.0,1.0,0.0,5.59
STU-11072,0.04530895322788702,-0.546306345886805,0.36134187131816015,0.17760968049826376,-0.6965760247490982,-0.33123148842030076,-0.6358620078264041,0.0,0.0,0.0,1.0,0.0,3.66
STU-10168,0.26151098792370814,-1.074776682291893,-0.2645578237700939,-1.1421515105853957,-1.3218960105707278,-0.5934870377305738,-0.7145615093841222,0.0,0.0,0.0,0.0,1.0,3.32
STU-14698,-0.8194991855553975,-0.1005677873853889,0.5128962000030511,0.024795226793840854,0.032844303143870865,0.48012161725835795,0.5242269410614373,0.0,0.0,0.0,0.0,0.0,4.82
STU-13633,0.47771302261952925,0.4143953199742018,0.06659822559656975,1.2612030794932685,-0.46109387164979304,-1.126193622267067,0.13655902598082686,0.0,1.0,0.0,0.0,0.0,3.41
STU-11711,-0.17089308146793408,-0.6070888765915435,-1.591150259271614,-1.7117326562109738,-1.3994328170790364,0.24245252569592257,-1.2916911874740535,1.0,1.0,0.0,0.0,0.0,2.3
STU-14839,-0.17089308146793408,0.9124743910269207,0.8061636671984913,1.789107555926732,-0.6700124891860665,-1.5769453476440993,-1.3179243546599595,0.0,0.0,0.0,0.0,1.0,5.09
STU-10324,-1.0357012202512186,0.35698959653083767,0.8150207383554009,0.788867495315959,1.0544635222301855,-1.1835620236786895,-0.7786870291718923,1.0,0.0,0.0,1.0,0.0,5.39
STU-11180,0.6939150573153504,0.8331194203846228,0.6870852660889342,-0.8920914954327015,0.936004512286937,0.03756537779727143,-0.42308187398516706,1.0,0.0,0.0,1.0,0.0,4.32
STU-10660,0.47771302261952925,0.333351945701217,0.2658823266270272,-0.1419114499746215,0.4937575418321449,0.521099046838088,-1.2129916859163354,0.0,1.0,0.0,0.0,0.0,3.3
STU-11336,-0.3870951161637552,-0.3673355610339637,1.2588584152182987,1.0667119565967296,0.8520063052362712,-1.2819078546700415,-1.041018701030952,1.0,0.0,0.0,0.0,1.0,4.33
STU-10005,-1.2519032549470397,-1.586362982390109,0.11137564088983165,-0.5031092496396239,-1.931421461733259,0.12771572287267818,2.217723622729367,0.0,0.0,0.0,0.0,0.0,3.8
STU-12993,-0.17089308146793408,0.0632073647912679,-0.9829647064971778,1.0667119565967296,0.08956104123791124,0.045760863713217304,0.25898047284838804,0.0,0.0,1.0,0.0,0.0,5.29
STU-11523,0.04530895322788702,0.26919260773510395,0.7372753359780857,-0.25304923448692973,1.0544635222301855,0.19327961020024662,-0.5892252661625715,0.0,0.0,0.0,0.0,1.0,4.76
STU-13995,-0.17089308146793408,0.020997274024088342,0.026741405390476584,-0.43364813431943033,-0.9133919096149214,2.1765872018591894,3.147543659652034,0.0,0.0,0.0,0.0,1.0,4.34
STU-10903,1.991127265490277,0.9749453253623461,-1.407120003011388,-1.3783193026740503,0.21376351832992302,-0.6918328687219264,-0.7553686583399759,1.0,1.0,0.0,0.0,0.0,3.8
STU-12788,0.26151098792370814,0.139185528172191,-0.44563572297801685,0.7332986030598049,-0.1574080461589207,0.5784674482497105,-0.5455033208527282,1.0,0.0,0.0,0.0,0.0,4.34
STU-11317,0.04530895322788702,0.048011732115083285,-0.8983304709978227,0.3443163572667261,0.685445757922128,0.2834299552756527,-0.6708395640742788,0.0,1.0,0.0,0.0,0.0,3.91
STU-13426,-0.17089308146793408,-0.026278027635152953,0.5847368882757599,0.6638374877396126,-0.0016164997487096255,1.5373393004153986,1.987454710764192,0.0,0.0,1.0,0.0,0.0,4.0
STU-11370,-1.2519032549470397,-0.7657988178761386,-0.1641776839917894,-1.1421515105853957,-0.6441668870166306,-0.5443141222348977,1.5881276102676238,0.0,0.0,1.0,0.0,0.0,3.27
STU-11946,1.3425211614028136,-0.5412411349947434,0.06659822559656975,-0.1835881191667374,0.1735592482885781,0.2342570397799767,-0.0033511990106714763,0.0,0.0,0.0,0.0,1.0,3.85
STU-13142,-0.3870951161637552,-1.1541316529341907,-2.1196221716338663,-0.864307049304625,-0.7382161615776337,-0.5197276644870594,0.967275986867849,0.0,1.0,0.0,0.0,0.0,2.21
STU-12991,2.6397333695777405,1.51185767992087,0.3465800860566442,0.23317857275441786,1.0544635222301855,0.3489938426032211,-0.2977456307636164,0.0,0.0,0.0,1.0,0.0,5.12
STU-11691,1.1263191267069925,0.286076644041976,0.028709643425346314,0.691621933867689,1.0544635222301855,0.02117440596537969,0.8565137254162464,0.0,0.0,1.0,0.0,0.0,4.36
STU-12347,-0.3870951161637552,-0.517603484165123,-0.6611577877961419,-0.1419114499746215,0.1735592482885781,0.09493377920889398,-0.3123196125335641,0.0,0.0,1.0,0.0,0.0,3.66
STU-12600,-0.6032971508595764,0.622068966548725,1.500951693507151,0.3582085803307643,1.0544635222301855,-0.6016825236465203,-0.4026782995072401,1.0,0.0,1.0,0.0,0.0,4.74
STU-13292,-0.3870951161637552,0.18308402257005768,-0.057892830108878475,-0.4753248035115462,0.35806813044260627,-1.4785995166527468,1.3811770691343652,1.0,0.0,0.0,0.0,0.0,4.69
STU-12130,-0.17089308146793408,-1.1912765328093087,-0.5479841007911896,0.024795226793840854,-1.665786106102945,-0.8229606433770632,0.96144639415987,1.0,0.0,0.0,0.0,1.0,2.97
STU-13175,-1.2519032549470397,1.150539302953813,1.1447006091959115,1.5668319869021154,0.8828774411608746,0.2670389834437609,-0.16657979483408653,0.0,0.0,0.0,0.0,1.0,6.11
STU-10255,0.6939150573153504,-1.5677905424525502,-0.7310302380339824,-0.7948459339844327,-3.5417460635678357,-1.0278477912757145,-0.4901221901269266,0.0,0.0,0.0,1.0,0.0,1.62
STU-11773,1.1263191267069925,0.527518363230243,-0.3629697255135301,0.3304241342026879,0.6976506256132508,-0.6836373828059805,-0.4988665791888953,1.0,1.0,0.0,0.0,0.0,4.78
STU-12586,-0.3870951161637552,-1.0241245733712776,-1.8401323706825077,-0.016881442398275045,-2.4433079713668087,-2.2161932490878913,-0.35604155784340724,0.0,0.0,0.0,0.0,0.0,2.83
STU-11522,-1.2519032549470397,0.7149311662365202,0.26096173153985563,0.26096301888249557,1.0544635222301855,-0.1345398264375955,-1.3995386525716667,0.0,0.0,0.0,0.0,1.0,4.67
STU-11775,-0.17089308146793408,0.804416558662941,0.3239453486556549,-0.1280192269105833,0.8692367066825614,-1.257321396922204,-0.8282385671897148,0.0,0.0,0.0,0.0,0.0,4.7
STU-11748,-0.17089308146793408,-0.3014878194371635,-0.49877814991947156,-2.1840682403882843,0.990567450200191,-1.675291178635452,-0.3356379833654805,0.0,1.0,0.0,0.0,0.0,3.63
STU-12683,-0.17089308146793408,-0.49734264059687666,0.6998788133155804,1.1083886257888442,-0.36130112994002656,-1.5851408335600452,-0.6067140442865088,0.0,0.0,1.0,0.0,0.0,3.79
STU-14481,-0.6032971508595764,-0.6915090581259027,-0.3324620359730647,-1.572810425570589,-1.2903069412525285,-0.4213818334957068,1.5997867956835816,0.0,0.0,0.0,1.0,0.0,3.39
STU-12728,0.04530895322788702,-0.7556683960920156,0.248168184313208,0.28874746501057197,-0.8143171012987507,0.07034732146105564,-0.42308187398516706,1.0,0.0,0.0,1.0,0.0,3.66
STU-14412,-1.2519032549470397,0.9648149035782232,1.500951693507151,1.4834786485178848,0.9094409767239063,-1.3966446574932865,0.09283708067098376,1.0,0.0,0.0,0.0,0.0,6.84
STU-12471,-0.3870951161637552,0.24048974601342185,-1.1443602253564131,-1.0865826183292415,1.0544635222301855,0.8079410538962001,0.46593101398164616,1.0,0.0,0.0,1.0,0.0,4.14
STU-11958,1.3425211614028136,0.3265983311784681,-0.809759759428731,-0.05855811159039094,-0.5824246151674226,1.1685424341978257,-0.38810431773729237,0.0,0.0,1.0,0.0,0.0,3.58
STU-14313,0.47771302261952925,0.6490834246397199,0.12908978320365083,-0.2391570114228915,1.0544635222301855,-0.6754418968900346,0.089922284316994,0.0,0.0,0.0,1.0,0.0,4.75
STU-13751,0.04530895322788702,0.6862283045148377,0.5414356515086483,1.2334186333651909,1.0544635222301855,1.1685424341978257,0.3580835488840327,1.0,0.0,0.0,1.0,0.0,5.61
STU-14508,-0.17089308146793408,-0.27785016860754314,-0.020496307446371778,0.39988524952288024,0.26832645624317597,-0.454163777159491,0.09866667337896273,0.0,0.0,0.0,1.0,0.0,4.44
STU-12308,0.04530895322788702,-0.1951183907038712,-0.05690871109144361,1.789107555926732,0.019203568665557627,-2.1178474180965385,-0.5221849500208118,0.0,0.0,1.0,0.0,0.0,4.24
STU-10879,1.1263191267069925,-0.1917415834424966,-0.564714124087574,0.05257967292191729,0.6308828200088741,0.22606155386403082,0.35516875253004326,0.0,0.0,0.0,1.0,0.0,3.8
STU-14354,0.47771302261952925,1.381850600357957,1.500951693507151,0.9416819490203819,1.0544635222301855,0.07854280737700152,1.150908157169191,1.0,0.0,1.0,0.0,0.0,5.54
STU-11828,-0.3870951161637552,0.08853341925157539,1.500951693507151,0.16371745743422553,1.0544635222301855,-0.18371274193327145,-1.632722360890831,0.0,0.0,0.0,1.0,0.0,4.36
STU-12569,0.9101170920111715,0.19659125161555516,-1.9070524638680435,0.4415619187149961,0.1735592482885781,0.3899712721829519,0.7224330931327267,1.0,0.0,0.0,0.0,0.0,4.96
STU-10175,-0.6032971508595764,-0.546306345886805,0.6506728624438624,0.08036411904999374,-0.6434489536230358,-0.21649468559705567,0.27938404732631494,1.0,0.0,0.0,1.0,0.0,4.24
STU-11022,-1.2519032549470397,0.500503905139248,-0.3875727009493891,0.024795226793840854,0.045049170834993504,-0.4787502349073294,0.01705237546725521,0.0,0.0,1.0,0.0,0.0,4.36
STU-13666,1.3425211614028136,0.6136269483952893,1.500951693507151,1.5251553177099995,0.8821595077672788,-1.8064189532905888,-0.16657979483408653,0.0,1.0,0.0,0.0,0.0,5.71
STU-10872,-0.8194991855553975,-1.4884355718102529,1.500951693507151,-1.4477804179942426,-2.047008738102125,-0.22469017151300152,-0.8952788833314744,0.0,0.0,1.0,0.0,0.0,2.86
STU-14361,-1.0357012202512186,-0.46019776072175883,0.06659822559656975,-3.0870627395507872,0.1735592482885781,0.8571139693918767,-1.1634401478985132,0.0,0.0,0.0,1.0,0.0,2.29
STU-10910,-0.6032971508595764,1.7718718390466965,1.0010192326504954,1.0111430643405754,1.0544635222301855,0.2014750961161925,-0.44348544846309396,0.0,0.0,0.0,0.0,0.0,6.11
STU-11153,0.47771302261952925,-0.8958058974390517,-1.9621631288443682,-1.8506548868513597,-2.7879160002926215,0.4555351595105196,-0.09079508963035823,0.0,0.0,0.0,0.0,1.0,2.08
STU-12950,-0.17089308146793408,-0.4585093570910714,0.14680392551746863,-0.30861812674308386,-0.453914537713839,0.930873342635391,-0.16657979483408653,1.0,0.0,0.0,0.0,1.0,4.07
STU-14218,-0.3870951161637552,1.4375679201706344,1.500951693507151,1.1500652949809602,1.0544635222301855,-1.7490505518789663,0.5883524608492076,0.0,0.0,0.0,0.0,1.0,5.88
STU-11376,0.47771302261952925,0.10204064829707286,0.49911853375897,-0.19748034223077562,1.0544635222301855,1.9553090821286467,-0.5192701536668223,0.0,0.0,1.0,0.0,0.0,4.31
STU-12393,0.04530895322788702,-0.42811809173870213,0.899654973854756,-1.308858187353858,0.23386565335059448,0.5047080750061963,0.9497872087439121,1.0,0.0,0.0,1.0,0.0,4.3
STU-11335,0.26151098792370814,-0.917755144637985,-1.5763884740100982,-1.7395171023390514,-0.013103434046237476,-1.1343891081830129,-0.21321653649791938,0.0,0.0,1.0,0.0,0.0,2.92
STU-10482,1.3425211614028136,-0.4635745679831331,-1.0331547763863307,-0.7948459339844327,0.7306755617186406,-0.536118636318952,1.6522531300553935,0.0,0.0,0.0,1.0,0.0,4.11
STU-12853,0.04530895322788702,0.6980471299296481,0.6122922207639222,1.6640775483503856,1.0544635222301855,-1.9703286716095099,-0.32106400159553283,0.0,1.0,0.0,0.0,0.0,4.49
STU-10942,0.26151098792370814,-1.7180584655837094,0.06659822559656975,-1.7534093254030896,0.19509725009644116,-0.8475471011249015,-1.172184536960482,0.0,0.0,0.0,0.0,1.0,2.36
STU-14793,-1.2519032549470397,0.22191730607586294,1.1004152534113665,0.8027597183799973,0.15991851381026487,2.0782413708678362,-0.10828386775429542,0.0,0.0,0.0,1.0,0.0,4.63
STU-10992,1.1263191267069925,-0.43824851352282534,-1.4376276925518534,-1.3505348565459727,-0.43165860251238014,-0.3967953757478692,1.844629689418704,0.0,0.0,1.0,0.0,0.0,2.4
STU-14480,-1.2519032549470397,0.08346820835951395,-1.251629198256759,0.024795226793840854,-0.6075522839432637,1.3160611806848543,-0.2744272599317,0.0,0.0,1.0,0.0,0.0,4.28
STU-14791,0.26151098792370814,-1.5036312044864375,-2.0025120085591768,-0.8781992723686632,-1.9558311971155038,0.5784674482497105,-0.169494591188076,1.0,1.0,0.0,0.0,0.0,2.47
STU-11070,-0.17089308146793408,-0.2660313431927328,-2.358763092870416,-1.517241533314435,0.2518139881904805,0.7669636243164699,-0.43765585575511473,0.0,0.0,1.0,0.0,0.0,2.21
STU-11477,0.9101170920111715,0.5629748394746736,0.23242228003425855,-1.2949659642898186,1.0544635222301855,-0.16732177010137972,0.28521364003429395,0.0,0.0,0.0,0.0,1.0,4.66
STU-10973,-0.3870951161637552,0.5511560140598634,0.16058159176154974,1.539047540774039,1.0544635222301855,2.684707328647844,-0.5455033208527282,0.0,0.0,0.0,1.0,0.0,5.36
STU-10970,-1.0357012202512186,-0.19342998707318404,-1.1266460830425953,-0.2808336806150074,0.057254038526116144,0.02117440596537969,-0.5863104698085818,1.0,0.0,0.0,0.0,1.0,4.2
STU-12917,0.04530895322788702,-1.7636453636122633,-1.6039438064982603,-2.5452660400532854,-0.7389340949712295,1.1193695187021488,-0.9798079775971714,0.0,0.0,0.0,1.0,0.0,2.04
STU-12669,-0.17089308146793408,0.3772504400990837,0.6241016489731349,-0.4058636881913539,1.0544635222301855,0.7669636243164699,1.2062892878949922,1.0,0.0,0.0,0.0,1.0,4.36
STU-10755,-0.3870951161637552,-0.5750092076084872,-1.5015954286850874,0.3443163572667261,-0.8293937025642546,-2.6833359462968156,-0.20155735108196116,0.0,0.0,0.0,0.0,0.0,3.2
STU-13269,-0.3870951161637552,-0.22719805968692755,-1.0872813223452205,-0.2669414575509692,-0.5903218824969724,-0.43777280532759927,-0.2773420562856895,1.0,0.0,0.0,0.0,1.0,3.93
STU-11901,-0.17089308146793408,0.6271341774407867,1.500951693507151,1.789107555926732,1.0544635222301855,1.021023687710797,0.9847647649917864,0.0,0.0,0.0,1.0,0.0,6.37
STU-11294,-0.3870951161637552,0.19152604072349372,-1.1335349161646353,-0.6559237033440468,-0.9327761112419991,1.479970899003776,0.9002356707260897,0.0,0.0,0.0,1.0,0.0,3.63
STU-14874,-0.6032971508595764,-0.048227274834086155,0.04051907163455771,0.6777297108036509,0.928825178350983,-0.0525849672781346,-0.8981936796854639,1.0,0.0,0.0,0.0,0.0,4.68
STU-12281,-0.17089308146793408,0.9090975837655458,0.5394674134737799,0.024795226793840854,1.0544635222301855,-0.4951412067392211,0.22108812024652388,0.0,0.0,0.0,1.0,0.0,4.62
STU-12785,-0.17089308146793408,-0.05498088935683504,-0.49976226893690645,-0.7392770417282786,0.561961214223712,0.3571893285191677,-0.8573865307296101,0.0,0.0,0.0,1.0,0.0,4.19
STU-11286,-0.6032971508595764,0.6558370391624685,-1.3087081012679518,-0.7253848186642391,0.7701618983663907,0.5456855045859264,-1.5540228593331131,0.0,1.0,0.0,0.0,0.0,3.29
STU-14008,1.7749252307944559,0.3738736328377094,-0.1927171354973851,0.39988524952288024,1.0544635222301855,-0.9622839039481459,1.5997867956835816,1.0,0.0,0.0,0.0,1.0,3.75
STU-11689,1.7749252307944559,-0.4720165861365689,0.24324758922603648,-0.33640257287116154,0.1735592482885781,-0.7164193264697647,-1.5511080629791236,0.0,0.0,1.0,0.0,0.0,3.52
STU-12086,-0.6032971508595764,0.2793230295192271,1.500951693507151,0.3304241342026879,0.6753946904117918,1.2013243778616105,0.18028097129067025,0.0,0.0,0.0,0.0,1.0,5.19
STU-14667,-0.6032971508595764,-0.048227274834086155,0.32296122963822,0.5526997032273043,0.6136524185625838,-0.12634434052164964,-0.35021196513542824,0.0,0.0,0.0,1.0,0.0,3.61
STU-11020,-1.0357012202512186,-0.740472763415831,-0.6975701914412137,-0.4058636881913539,-0.7511389626623521,0.7423771665686316,2.293508327933095,0.0,0.0,1.0,0.0,0.0,3.55
STU-10182,-0.6032971508595764,0.8381846312766845,0.6152445778162253,1.0111430643405754,1.0544635222301855,-1.470404030736801,-0.16657979483408653,1.0,0.0,1.0,0.0,0.0,4.95
STU-12989,-1.2519032549470397,1.2383362917495468,0.18420044817997533,0.5665919262913426,1.0544635222301855,-1.8637873547022106,0.5213121447074478,0.0,0.0,0.0,0.0,1.0,4.89
STU-10820,-0.8194991855553975,-0.45682095346038426,-0.5312540774948068,0.2470707958184561,-1.7921423833757428,-1.175366537762743,0.1482182113967851,0.0,0.0,0.0,1.0,0.0,3.41
STU-14141,0.04530895322788702,-0.8434653848877491,0.09956621268062026,0.41377747258691844,-0.4855036070320383,0.02117440596537969,0.11907024785688967,0.0,0.0,0.0,0.0,1.0,3.13
STU-11179,0.26151098792370814,-0.0026403768055323043,0.5601339128399009,-0.2947259036790456,-0.09422990752252211,0.2916254411915993,0.1453034150427956,1.0,1.0,0.0,0.0,0.0,3.51
STU-13664,-0.17089308146793408,-0.3386326993122816,0.9311467824126549,-1.253289295097704,0.1735592482885781,0.644031335577279,-0.6300324151184252,1.0,0.0,0.0,1.0,0.0,4.45
STU-10470,-0.3870951161637552,1.1657349356299982,0.1300739022210843,-1.8506548868513597,1.0544635222301855,1.7995948497256709,1.448217385276125,0.0,0.0,1.0,0.0,0.0,4.39
STU-10896,-0.3870951161637552,-0.36227035014190223,0.6457522673566908,-0.461432580447508,-1.118002926789623,-1.5195769462324769,-1.4111978379876249,0.0,0.0,1.0,0.0,0.0,3.91
STU-12339,0.47771302261952925,0.7402572206968276,0.21077166165070269,0.6082685954834585,1.0544635222301855,-2.560403657557625,-0.9448304213492968,1.0,0.0,0.0,1.0,0.0,3.61
STU-12927,0.26151098792370814,-0.49734264059687666,0.9065438069767958,-1.3505348565459727,0.6036013510522477,0.6194448778294407,-0.44931504117107296,0.0,0.0,0.0,0.0,1.0,4.48
STU-11478,1.1263191267069925,-1.6538991276175965,-0.39052505800169235,-0.0029892193342368227,-0.8057019005756051,-0.9295019602843617,-0.16075020212610727,1.0,0.0,1.0,0.0,0.0,3.27
STU-13202,-1.2519032549470397,-0.13771266726050702,0.45778553502672803,0.26096301888249557,0.18648204937329554,0.37358030035105944,-0.3268935943035118,1.0,0.0,0.0,0.0,1.0,4.59
STU-10181,-0.17089308146793408,0.20672167339967834,-0.268494299839832,0.3443163572667261,0.1735592482885781,-0.9704793898640918,-0.8748753088535475,1.0,0.0,0.0,1.0,0.0,4.38
STU-13901,-0.6032971508595764,0.5680400503667354,1.0207016129991828,0.5526997032273043,1.0544635222301855,1.0701966032064738,0.11615545150289992,0.0,0.0,0.0,0.0,1.0,5.17
STU-10679,0.04530895322788702,-0.4956542369661895,1.500951693507151,-0.711492595600201,0.3860675327928285,0.08673829329294812,-1.2129916859163354,0.0,0.0,0.0,0.0,0.0,4.3
STU-12552,0.6939150573153504,-0.4686397788751946,-0.30097022741516577,0.4832385879071108,-0.922007110338067,-0.4131863475797609,0.3901463087779179,0.0,0.0,1.0,0.0,0.0,4.02
STU-14306,0.6939150573153504,0.14931594995631417,1.2883819857413292,0.5249152570992267,0.9410300460421056,0.5948584200816031,0.022881968175234448,1.0,0.0,1.0,0.0,0.0,5.33
STU-11259,0.6939150573153504,0.10204064829707286,1.500951693507151,0.08036411904999374,1.0544635222301855,1.062001117290528,0.15696260045875382,0.0,1.0,0.0,0.0,0.0,4.61
STU-13796,0.26151098792370814,0.6828514972534635,-0.9908376586366525,0.3026396880746102,0.7213424276019001,0.08673829329294812,-0.98855236665914,0.0,0.0,0.0,1.0,0.0,4.04
STU-10557,-0.3870951161637552,-0.3740891755567123,0.38004013264941283,-0.5170014727036621,-0.37278806423755334,1.9553090821286467,-0.10245427504631645,0.0,0.0,1.0,0.0,0.0,4.33
STU-14362,-1.0357012202512186,0.014243659501339458,-0.8609339483353174,-0.04466588852635272,-1.056260654940415,-0.9950658476119302,-0.1869833693120132,0.0,0.0,0.0,0.0,0.0,3.09
STU-14180,0.9101170920111715,-1.0139941515871544,1.3651432691012095,0.7471908261238431,-0.40006953319418087,-0.44596829124354515,-0.16657979483408653,1.0,0.0,0.0,0.0,0.0,4.4
STU-10739,-0.17089308146793408,0.10204064829707286,-0.529285839459937,-0.2391570114228915,-0.1294086438086984,0.02117440596537969,-0.7437094729240178,0.0,0.0,0.0,0.0,1.0,4.62
STU-11319,0.47771302261952925,0.30802589124090923,-0.14744766069540508,-0.364187018999238,0.11109904304577431,0.2834299552756527,-0.061647126090462565,0.0,0.0,0.0,0.0,1.0,3.95
STU-13321,-0.8194991855553975,0.23204772785998612,0.7254659077688743,-0.8365226031765474,0.1362267118216144,-1.2327349391743654,0.9002356707260897,1.0,0.0,0.0,0.0,0.0,3.6
STU-11211,-0.6032971508595764,-0.048227274834086155,-0.8009026882718214,-0.6420314802800086,-0.3433527951001405,-1.085216192687337,0.38431671606993895,0.0,0.0,0.0,1.0,0.0,4.24
STU-14842,-0.17089308146793408,-0.06004610024889648,1.1525735613353862,0.27485524194653377,0.3738626651017059,0.4473396735945737,2.022432267012067,0.0,0.0,0.0,1.0,0.0,4.23
STU-11188,1.7749252307944559,0.23204772785998612,0.7234976697340046,-0.669815926408085,0.1426881123639736,0.43094870176268196,-0.98855236665914,1.0,0.0,0.0,0.0,0.0,4.18
STU-10678,0.47771302261952925,1.1167712303400694,0.06659822559656975,0.21928634969037966,1.0544635222301855,-0.37220891800003086,-0.53384413543677,1.0,0.0,0.0,1.0,0.0,5.03
STU-14299,-0.6032971508595764,-0.3690239646646508,-0.24093896735166973,1.191741964173076,0.48586027450259506,0.32440738485538345,1.2412668441428671,1.0,0.0,1.0,0.0,0.0,5.18
STU-12861,-0.17089308146793408,-1.564413735191176,-1.8952430356588321,0.13593301130614785,-1.0986187251625454,-0.790178699713279,0.76615503844257,1.0,1.0,0.0,0.0,0.0,3.07
STU-12274,-1.2519032549470397,-0.5479947495174923,-0.589317099523433,-1.2810737412257802,-0.8911359744134625,0.14410669470456994,-1.3354131327838967,0.0,0.0,1.0,0.0,0.0,2.74
STU-11725,-1.0357012202512186,1.2585971353177927,0.4056272271027067,1.0111430643405754,1.0544635222301855,-0.790178699713279,-1.3645610963237924,0.0,0.0,0.0,1.0,0.0,5.29
STU-13418,1.5587231960986347,-0.917755144637985,-0.5666823621224437,0.08036411904999374,-0.613295751092027,-0.7000283546378723,-0.7349650838620491,1.0,0.0,0.0,1.0,0.0,3.59
STU-13343,1.3425211614028136,-0.9059363192231747,0.34854832409151393,0.08036411904999374,-0.4833498068512519,1.152151462365934,0.06951870983906731,1.0,0.0,0.0,0.0,0.0,4.19
STU-11639,0.47771302261952925,-0.37746598281808685,1.500951693507151,-0.4197559112553921,0.6646256895078598,1.6848580469024272,-0.6941579349061953,0.0,0.0,1.0,0.0,0.0,4.15
STU-12771,1.1263191267069925,0.39751128366732974,1.500951693507151,-0.5864625880238544,0.4248359360469829,0.7833545961483617,-0.72913549115407,0.0,0.0,0.0,0.0,1.0,4.02
STU-10949,-0.8194991855553975,1.1488508993231261,-0.25766899064805404,0.3582085803307643,1.0544635222301855,-0.7082238405538188,0.8419397436462983,0.0,0.0,0.0,0.0,0.0,4.31
STU-14521,8.909592375756553,-1.6555875312482835,-0.6404912884300209,-0.864307049304625,-3.5927193345131117,1.9143316525489158,-0.3298083906575013,0.0,0.0,0.0,0.0,1.0,2.97
STU-10296,0.26151098792370814,-1.4783051500261297,-0.2970337513454277,0.27485524194653377,-1.8237314526939425,0.7997455679802542,-0.7407946765700282,0.0,0.0,0.0,0.0,1.0,3.07
STU-13849,-1.2519032549470397,-1.0713998750305187,-0.29014491822338784,-1.308858187353858,-0.03320556906690994,0.9882417440470136,3.3894717570331667,0.0,0.0,0.0,1.0,0.0,3.26
STU-13015,0.47771302261952925,0.30296068034884777,-0.5135399351809876,0.4415619187149961,0.0766382401531928,-1.9703286716095099,-0.21030174014392963,0.0,0.0,0.0,0.0,1.0,4.17
STU-12380,0.47771302261952925,-0.3386326993122816,0.06659822559656975,0.010903003729801398,0.4923216750449543,-2.232584220919783,1.5764684248516652,1.0,0.0,1.0,0.0,0.0,3.57
STU-13335,0.9101170920111715,1.2130102372892388,0.6516569814612972,0.7610830491878814,-0.7999584334268417,-0.32303600250435416,3.3894717570331667,0.0,0.0,1.0,0.0,0.0,4.26
STU-14884,0.04530895322788702,0.6068733338725404,0.7431800500826922,1.0111430643405754,1.0544635222301855,-0.40499086166381504,0.7953030019824655,1.0,0.0,0.0,1.0,0.0,4.92
STU-10952,0.04530895322788702,1.4189954802330755,-0.034273973690452895,1.789107555926732,1.0544635222301855,-0.16732177010137972,-0.72913549115407,1.0,0.0,0.0,0.0,0.0,5.46
STU-10413,1.5587231960986347,0.8567570712142434,0.6142604587987905,-0.905983718496741,0.5942682169355071,0.9882417440470136,2.84731963519111,0.0,0.0,1.0,0.0,0.0,4.32
STU-11790,-0.17089308146793408,1.547314156165301,0.7038152893853185,1.6501853252863472,1.0544635222301855,0.02936989188132556,0.40763508690185507,0.0,0.0,0.0,0.0,1.0,5.11
STU-12169,-0.17089308146793408,0.9057207765041716,-0.2694784188572654,-0.016881442398275045,-0.13515211095746182,-0.24927662926083988,1.9991138961801507,0.0,0.0,0.0,0.0,1.0,3.96
STU-13974,-0.8194991855553975,-0.048227274834086155,-0.6936337153714757,-1.5589182025065509,-1.9594208640834807,1.5045573567516137,0.4630162176276567,0.0,0.0,0.0,1.0,0.0,2.43
STU-13398,0.26151098792370814,-0.42811809173870213,-1.244740365134719,-0.35029479593519974,-0.7712410976830246,1.5209483285835053,2.1186205466937222,1.0,0.0,0.0,1.0,0.0,3.65
STU-13678,0.47771302261952925,0.20672167339967834,0.7540053592744701,0.7055141569317273,0.45068153821641876,0.9472643144672828,1.4336434035061771,1.0,0.0,0.0,0.0,0.0,4.84
STU-14349,-0.6032971508595764,-0.1529082999366916,-0.33147791695563117,1.5529397638380773,-0.0044882333230918435,-0.32303600250435416,-0.16657979483408653,1.0,0.0,0.0,1.0,0.0,4.82
STU-13659,0.47771302261952925,-1.7349425018905813,-2.3892707824108816,0.09425634211403319,-1.4942000250336345,0.2834299552756527,3.0222074164304824,0.0,0.0,0.0,0.0,0.0,2.39
STU-11908,0.04530895322788702,0.7385688170661407,0.8012430721113198,1.6224008791582696,0.7924178335678486,-0.19190822784921804,0.8098769837524135,1.0,1.0,0.0,0.0,0.0,5.08
STU-13342,0.47771302261952925,1.2079450263971776,-0.20944715879376943,0.4415619187149961,0.8871850415224475,0.6358358496613331,-0.19572775837398193,0.0,0.0,0.0,1.0,0.0,4.65
STU-12310,-0.8194991855553975,-0.4314948990000764,-0.770394998731356,0.385993026458842,-0.39504399943901225,0.2014750961161925,2.934763525810797,0.0,0.0,1.0,0.0,0.0,3.07
STU-14768,-1.0357012202512186,0.574793664889484,0.6359110771823463,1.7335386636705779,1.0544635222301855,-0.40499086166381504,0.37557232700797016,0.0,0.0,0.0,0.0,1.0,5.84
STU-10134,0.04530895322788702,0.5410255922757405,-1.2181691516639903,-0.461432580447508,1.0544635222301855,0.32440738485538345,-0.38518952138330287,1.0,0.0,1.0,0.0,0.0,4.6
STU-10353,0.9101170920111715,-0.03303164215790154,1.1132088006380128,1.4556942023898072,0.464322272694732,-0.0607804531940812,-1.2304804640402727,1.0,0.0,0.0,0.0,1.0,4.6
STU-10585,0.47771302261952925,-0.8958058974390517,0.8819408315409368,-0.3780792420632762,0.9754908489346872,0.31621189893943685,0.07826309890103579,0.0,0.0,0.0,1.0,0.0,4.12
STU-14083,0.26151098792370814,-0.5294223095799331,-0.4663022223441378,-0.44754035738346976,0.9697473817859227,0.1686931524524083,0.03454115359119266,1.0,0.0,0.0,1.0,0.0,3.96
STU-14744,0.26151098792370814,-0.4889006224434409,1.3828574114150274,0.8166519414440355,0.7637004978240315,0.06215183554510977,0.3988906978398866,1.0,0.0,0.0,0.0,0.0,4.64
STU-12063,-0.8194991855553975,-0.9515232172517287,-0.820585068620509,-3.5177216545359813,-1.9378828622756177,-0.37220891800003086,-0.6504359895963522,0.0,0.0,0.0,1.0,0.0,1.4
STU-13409,0.9101170920111715,-0.17485754713562482,-1.9021318687808721,-0.711492595600201,0.6804202241669605,-0.15912628418543384,-0.8049201963577983,0.0,0.0,0.0,0.0,0.0,3.9
STU-10347,0.04530895322788702,0.33166354207052984,0.07201088019245801,-1.0310137260730874,-0.5608866133595596,2.463429208917301,1.454046977984104,0.0,0.0,0.0,1.0,0.0,4.02
STU-14581,-0.6032971508595764,0.14593914269493988,0.5207691521425273,0.9000052798282673,-0.32827619383463663,1.1029785468702573,-0.5455033208527282,0.0,0.0,1.0,0.0,0.0,3.64
STU-13233,1.1263191267069925,-0.674625021819031,-0.06281342519605,0.42766969565095664,0.337248062028339,0.07034732146105564,-0.3152344088875536,0.0,0.0,0.0,1.0,0.0,4.73
STU-13881,-0.3870951161637552,-0.47877020065931775,-0.028369259585847902,1.441801979325769,-0.5888860157097818,0.5047080750061963,0.7020295186547998,0.0,0.0,0.0,1.0,0.0,4.38
STU-10855,-0.6032971508595764,-0.1529082999366916,1.2883819857413292,-0.4058636881913539,0.5138596768528173,1.6930535328183731,0.01705237546725521,0.0,0.0,0.0,1.0,0.0,4.48
STU-11557,-0.8194991855553975,-0.10225619101607604,-1.04890068066528,0.27485524194653377,-0.7418058285456107,-1.9621331856935633,0.5941820535571866,0.0,0.0,0.0,0.0,0.0,3.38
STU-14305,0.26151098792370814,-0.5074730623809999,1.0531775405745167,-1.6005948716986669,-1.3154346100283696,1.0947830609543114,0.5533749046013327,0.0,0.0,1.0,0.0,0.0,3.75
STU-10260,1.5587231960986347,-1.9020944613286124,-0.7674426416790527,-1.7117326562109738,-1.5114304264799245,-2.003110615273294,-0.1578354057721178,0.0,1.0,0.0,0.0,0.0,2.31
STU-10058,-1.0357012202512186,0.6355761955942227,1.1407641331261749,0.1498252343701873,1.0544635222301855,1.5865122159110738,-1.2100768895623457,1.0,0.0,0.0,0.0,1.0,5.55
STU-14686,-0.3870951161637552,0.9192280055496693,0.14877216355233835,1.789107555926732,1.0544635222301855,-1.085216192687337,-0.3094048161795746,1.0,0.0,0.0,0.0,1.0,5.84
STU-14413,0.04530895322788702,1.1640465319993107,1.500951693507151,1.2612030794932685,1.0544635222301855,1.3078656947689085,3.3894717570331667,0.0,0.0,0.0,1.0,0.0,5.48
STU-12696,-0.3870951161637552,0.961438096316849,0.2826123499234115,-0.2391570114228915,0.9223637778086238,-1.0688252208554445,0.8769172998941732,0.0,0.0,0.0,0.0,1.0,3.4
STU-12668,-0.6032971508595764,0.5376487850143659,-1.1502649394610196,0.9972508412765361,-0.2198682514017245,0.18508412428430074,-0.23944970368382532,1.0,0.0,1.0,0.0,0.0,4.3
STU-11264,0.6939150573153504,1.2535319244257315,0.7116882415247933,1.6362931022223077,1.0544635222301855,0.25064801161186845,1.0838678410274312,1.0,0.0,0.0,0.0,1.0,5.88
STU-11800,-0.17089308146793408,-0.674625021819031,-0.5745553142619184,-1.6283793178267432,-1.4295860196100443,1.3078656947689085,-0.2569384818077625,0.0,0.0,1.0,0.0,0.0,2.66
STU-11447,1.3425211614028136,-0.406168844539769,-0.7477602613303652,-0.4197559112553921,-0.16530531348847052,0.24245252569592257,-0.8136645854197669,0.0,0.0,1.0,0.0,0.0,3.52
STU-12071,0.47771302261952925,0.8854599329359258,0.5552133177527293,1.789107555926732,1.0544635222301855,0.02117440596537969,-0.16657979483408653,1.0,0.0,0.0,1.0,0.0,4.93
STU-11974,0.26151098792370814,0.8061049622936278,-0.20846303977633596,0.9000052798282673,1.0544635222301855,2.0454594272040527,-1.172184536960482,0.0,0.0,0.0,0.0,0.0,4.67
STU-11201,0.04530895322788702,0.9209164091803562,1.500951693507151,1.789107555926732,1.0544635222301855,0.5456855045859264,-0.8544717343756206,1.0,0.0,0.0,1.0,0.0,7.818394560907464
STU-14533,-0.3870951161637552,0.6879167081455252,-2.5477139442178136,-1.3644270796100109,-0.3663266636951952,0.1686931524524083,-0.7320502875080596,0.0,0.0,0.0,1.0,0.0,3.74
STU-10430,-0.8194991855553975,-1.706239640168899,-0.70347490554582,-1.3505348565459727,-1.1093877260664775,1.5619257581632362,-0.35895635419739697,0.0,0.0,0.0,0.0,0.0,2.33
STU-14875,-1.2519032549470397,0.37556203646839653,0.19207340031945005,0.6777297108036509,1.0544635222301855,-0.07717142502597295,-0.8603013270835997,0.0,0.0,0.0,1.0,0.0,4.68
STU-13781,-0.17089308146793408,-1.2030953582241188,0.1645180678312878,-2.378559363284823,-0.6556538213141574,-0.37220891800003086,2.1419389175256387,1.0,0.0,0.0,0.0,1.0,3.14
STU-10555,0.6939150573153504,-1.751826538197453,-1.361850528209408,-1.3644270796100109,-1.7670147145999022,0.7013997369889016,0.3872315124239284,0.0,1.0,0.0,0.0,0.0,2.96
STU-14961,-0.3870951161637552,0.6507718282704074,0.9173691161685738,0.13593301130614785,0.8584677057786294,-0.15912628418543384,-1.5336192848551862,0.0,0.0,0.0,0.0,1.0,5.33
STU-14831,0.26151098792370814,-0.20524881248799406,-0.10709878098059657,-0.7531692647923168,0.7608287642496493,-1.8146144392065346,0.9905943576997654,1.0,0.0,0.0,0.0,1.0,3.81
STU-11564,-0.8194991855553975,0.2995838730874732,1.500951693507151,1.1500652949809602,-0.07340983910825384,-0.40499086166381504,-0.1578354057721178,0.0,0.0,1.0,0.0,0.0,4.22
STU-11225,-0.3870951161637552,0.0632073647912679,0.06659822559656975,-0.08634255771846738,-0.9701086477089618,1.9061361666329701,-0.8952788833314744,1.0,0.0,1.0,0.0,0.0,3.4
STU-12814,-1.2519032549470397,0.12736670275738066,0.1704227819358942,-1.2393970720336644,-0.09566577430971271,0.2014750961161925,0.7107739077167687,0.0,0.0,1.0,0.0,0.0,3.82
STU-10737,-1.2519032549470397,1.1741769537834335,1.500951693507151,0.3721008033948038,1.0544635222301855,1.7258354764821564,1.0518050811335462,0.0,0.0,0.0,0.0,1.0,5.13
STU-13900,-1.2519032549470397,0.2084100770303655,-0.46827046037900755,0.7332986030598049,-0.5364768779773142,-0.6918328687219264,1.3345403274705325,0.0,0.0,0.0,1.0,0.0,4.66
STU-11077,-0.8194991855553975,1.2991188224542853,1.500951693507151,-0.016881442398275045,1.0544635222301855,-1.4376220870730165,-1.4520049869434788,0.0,0.0,1.0,0.0,0.0,5.31
STU-12062,-0.17089308146793408,0.8331194203846228,-1.2339150559429413,1.3306641948134608,1.0544635222301855,1.234106321525394,0.643733591575009,1.0,0.0,0.0,0.0,1.0,4.92
STU-12470,0.04530895322788702,-1.3938849684917705,-0.34919205926944896,-0.6281392572159703,-2.907092943629465,-1.8228099251224805,0.8331953545843299,0.0,0.0,0.0,1.0,0.0,4.24
STU-10713,-0.6032971508595764,-0.9397043918369185,0.6782281949320246,-1.5450259794425127,-0.573809414444278,0.5702719623337646,-0.10245427504631645,0.0,0.0,0.0,0.0,1.0,3.13
STU-14258,0.04530895322788702,0.6051849302418533,0.6811805519843278,0.46934636484307257,-0.010231700471855258,-0.26566760109273235,0.2618952692023775,0.0,0.0,0.0,1.0,0.0,4.65
STU-11221,-1.2519032549470397,0.7064891480830842,0.9892098044412826,0.19150190356230198,1.0544635222301855,0.5948584200816031,1.0518050811335462,0.0,0.0,1.0,0.0,0.0,5.12
STU-13532,-0.17089308146793408,-1.0764650859225802,-0.2999861083977309,-1.2949659642898186,-2.8259664701531793,0.43094870176268196,-0.26568287086973125,0.0,0.0,0.0,1.0,0.0,2.13
STU-12335,1.3425211614028136,-1.268943099820919,-1.1758520339143135,-1.7117326562109738,-2.949451013851596,-0.9868703616959843,1.267500011328773,0.0,0.0,0.0,0.0,1.0,2.31
STU-10075,-1.2519032549470397,0.9816989398850947,1.500951693507151,0.5526997032273043,1.0544635222301855,0.5374900186699805,0.9585315978058805,0.0,0.0,0.0,1.0,0.0,4.58
STU-14556,-1.2519032549470397,-0.7759292396602618,0.07889971331449787,0.024795226793840854,-0.9363657782099761,0.02117440596537969,-0.1840685729580237,0.0,0.0,0.0,1.0,0.0,4.38
STU-14542,-0.17089308146793408,1.3649665640510855,0.34362772900434096,1.789107555926732,1.0544635222301855,0.7997455679802542,-1.1809289260224505,0.0,0.0,0.0,0.0,1.0,5.2
STU-13665,0.9101170920111715,-0.9700956571892878,-1.5232460470686433,-0.8365226031765474,0.594986150329102,1.2586927792732316,0.8944060780181102,0.0,0.0,0.0,0.0,0.0,3.43
STU-14815,0.6939150573153504,0.5410255922757405,0.8474966659307347,-0.35029479593519974,0.9259534447766008,-0.7819832137973332,1.2062892878949922,0.0,0.0,0.0,0.0,1.0,4.13
STU-14841,-0.3870951161637552,-0.19849519796524548,-1.0164247530899464,-2.1840682403882843,0.15417504666150042,1.9143316525489158,-0.28900124170164765,0.0,1.0,0.0,0.0,0.0,3.03
STU-14585,0.26151098792370814,-0.3014878194371635,-1.1728996768620104,0.3582085803307643,-0.6053984837624773,0.5702719623337646,-0.44057065210910423,1.0,1.0,0.0,0.0,0.0,3.8
STU-12094,0.47771302261952925,-0.7826828541830105,-1.2083279614896472,-0.7809537109203932,-1.103644258917714,-0.7573967560494947,-0.7524538619859863,1.0,0.0,0.0,0.0,1.0,2.68
STU-11027,0.6939150573153504,-0.048227274834086155,1.1220658717949223,0.594376372419419,1.0544635222301855,-1.2245394532584197,0.941042819681943,0.0,0.0,0.0,1.0,0.0,4.28
STU-13708,-1.2519032549470397,1.0391046633284595,0.5512768416829913,-0.8365226031765474,1.0544635222301855,0.11132475104078572,-1.5015565249613012,1.0,0.0,0.0,0.0,0.0,5.13
STU-12606,-1.2519032549470397,0.21347528792242693,-0.9042351851024291,-0.44754035738346976,0.9991826509233366,0.36538481443511356,-1.417027430695604,0.0,0.0,0.0,1.0,0.0,4.4
STU-11455,-0.17089308146793408,0.38906926551389404,-2.9984404542027514,0.024795226793840854,0.580627482457194,2.6437298990681146,-0.9652339958272236,1.0,0.0,0.0,1.0,0.0,4.74
STU-11802,-0.8194991855553975,0.04463492485370869,-0.233066015212195,0.9138975028923055,0.2956079251998035,0.3899712721829519,3.0688441580943153,0.0,0.0,1.0,0.0,0.0,4.57
STU-14888,-0.8194991855553975,-0.5817628221312358,0.8012430721113198,-0.2669414575509692,-0.23207311909284714,0.6686177933251173,0.5912672572031971,0.0,0.0,1.0,0.0,0.0,4.0
STU-11862,-0.17089308146793408,-1.0410086096781495,-0.14843177971283994,-0.016881442398275045,-0.5199644099246198,-0.11814885460570303,-0.03832875525854613,0.0,0.0,0.0,0.0,1.0,3.88
STU-13672,-0.3870951161637552,-1.2385518344685498,-1.891306559589094,-0.364187018999238,-1.0002618502399705,-0.536118636318952,-0.5309293390827805,1.0,0.0,0.0,0.0,1.0,3.38
STU-14692,-0.17089308146793408,-0.4686397788751946,-0.1809077072881737,-0.6142470341519322,0.7335472952930228,1.357038610264585,-0.16657979483408653,1.0,0.0,0.0,0.0,1.0,3.65
STU-13371,0.04530895322788702,0.890525143827987,1.500951693507151,1.2750953025573066,-0.11935757629836219,1.578316729995128,0.1307294332728479,1.0,0.0,0.0,0.0,0.0,5.35
STU-14497,-1.0357012202512186,-0.9380159882062312,-0.29014491822338784,0.26096301888249557,0.5569356804685435,1.152151462365934,-0.956489606765255,1.0,0.0,1.0,0.0,0.0,3.91
STU-11342,-1.2519032549470397,-1.3364792450484064,-1.9119730589552166,-1.6700559870188592,0.1735592482885781,-1.0934116786032828,-1.2188212786243147,1.0,0.0,0.0,0.0,0.0,2.95
STU-11130,0.04530895322788702,0.07333778657539078,1.500951693507151,-1.6283793178267432,1.0544635222301855,0.5456855045859264,-1.3324983364299072,0.0,0.0,0.0,0.0,1.0,4.11
STU-11499,0.47771302261952925,0.6777862863614024,0.4981344147415365,0.9277897259563437,1.0544635222301855,0.31621189893943685,-0.4668038192950104,0.0,0.0,0.0,0.0,1.0,5.09
STU-14434,-1.2519032549470397,-0.7100814980634615,-2.1471775041220282,-1.7395171023390514,-1.8316287200234924,-0.7819832137973332,1.2004596951870132,0.0,1.0,0.0,0.0,0.0,2.03
STU-12259,0.26151098792370814,-0.5327991168413077,-0.0017980461151191256,-0.5864625880238544,0.25109605479688574,0.4473396735945737,-0.5746512843926236,0.0,0.0,0.0,0.0,1.0,3.42
STU-13195,0.04530895322788702,-0.23395167420967614,-2.010384960698653,0.3304241342026879,0.3307866614859798,-1.6507047208876136,-0.5688216916846446,0.0,0.0,0.0,0.0,1.0,2.42
STU-11942,-0.3870951161637552,-0.09550257649332745,1.154541799370256,0.5665919262913426,0.1735592482885781,0.7915500820643075,1.771759780568965,0.0,0.0,0.0,0.0,0.0,5.04
STU-11709,-0.17089308146793408,-0.048227274834086155,1.39466683962424,1.080604179660768,1.0544635222301855,-0.10995336868975716,-0.37935992867532364,0.0,0.0,0.0,1.0,0.0,5.62
STU-14462,0.26151098792370814,-0.9076247228538621,-0.9278540415208547,-0.016881442398275045,-2.466281839961863,-1.7736370096268046,2.4363333492785832,1.0,0.0,0.0,1.0,0.0,2.4
STU-10354,-0.6032971508595764,0.07840299746745251,-0.664110144848445,-1.253289295097704,-0.4869394738192289,-2.0358925589370784,-0.9710635885352027,0.0,0.0,0.0,0.0,0.0,3.15
STU-14992,-0.3870951161637552,1.1623581283686233,1.500951693507151,1.789107555926732,1.0544635222301855,-2.1998022772559986,0.28229884368030445,1.0,0.0,0.0,1.0,0.0,5.09
STU-14662,-1.0357012202512186,0.6136269483952893,0.7274341458037427,1.539047540774039,-0.16099771312689873,0.6932042510729549,-0.09662468233833721,1.0,0.0,0.0,0.0,1.0,5.04
STU-10169,-1.2519032549470397,0.556221224951925,0.8799725935060685,0.024795226793840854,0.7723156985471761,0.7751591102324158,0.09866667337896273,0.0,0.0,1.0,0.0,0.0,4.64
STU-12873,0.04530895322788702,-0.3859080009715226,0.9685433050751616,0.4415619187149961,0.4068876012070968,0.6194448778294407,-0.5396737281447492,0.0,0.0,0.0,1.0,0.0,4.31
STU-11170,-0.6032971508595764,-0.9498348136210416,-1.255565674326497,-0.2391570114228915,0.1735592482885781,-1.085216192687337,3.3894717570331667,0.0,1.0,0.0,0.0,0.0,3.02
STU-13153,-0.8194991855553975,-0.4500673389376357,-0.9189969703639451,-1.1004748413932797,-1.7799375156846202,-1.5687498617281534,-0.4930369864809163,0.0,0.0,0.0,0.0,1.0,3.28
STU-14069,0.9101170920111715,-0.7421611670465181,-2.5703486816188037,-2.170176017324245,-1.1215925937576001,-0.5689005799827361,0.11615545150289992,0.0,0.0,1.0,0.0,0.0,1.82
STU-13083,1.3425211614028136,1.261973942579167,0.07889971331449787,-0.4892170265755844,1.0544635222301855,-0.20010371376516392,-0.6271176187644357,0.0,0.0,0.0,1.0,0.0,5.02
STU-11786,-0.17089308146793408,-0.048227274834086155,-0.5115716971461193,-2.072930455875976,-0.8451882372233542,0.37358030035105944,0.5679488863712806,1.0,0.0,0.0,0.0,1.0,3.1
STU-12799,-0.17089308146793408,0.2759462222578528,0.49419793867179845,0.16371745743422553,1.0544635222301855,2.5044066384970316,-0.3094048161795746,0.0,1.0,0.0,0.0,0.0,4.81
STU-10276,0.6939150573153504,1.6114734941314137,-0.5735711952444836,1.789107555926732,1.0544635222301855,0.7013997369889016,-1.137206980712607,0.0,0.0,0.0,0.0,1.0,5.06
STU-11774,0.9101170920111715,0.6440182137476582,0.3780718946145445,0.8305441645080737,1.0544635222301855,-0.7983741856292249,0.05494472806911935,1.0,0.0,0.0,1.0,0.0,4.45
STU-14872,-0.6032971508595764,0.03281609943889867,1.500951693507151,0.03868744985787907,0.1735592482885781,-0.4131863475797609,-0.041243551612535616,1.0,0.0,0.0,0.0,1.0,4.87
STU-10475,0.47771302261952925,0.5292067668609302,1.1447006091959115,0.3443163572667261,1.0544635222301855,-0.7410057842176031,-1.1663549442525027,0.0,0.0,0.0,1.0,0.0,4.66
STU-10416,0.6939150573153504,-0.24408209599379932,0.30229473027209763,1.6362931022223077,0.29417205841261185,-1.675291178635452,0.5679488863712806,1.0,0.0,1.0,0.0,0.0,4.62
STU-13762,-1.2519032549470397,0.38906926551389404,1.3740003402581178,0.3443163572667261,0.8412373043323391,-0.22469017151300152,3.3894717570331667,0.0,0.0,1.0,0.0,0.0,4.57
STU-14580,-1.2519032549470397,-1.880145214129679,-2.08222564897136,-0.5170014727036621,-0.3110457923883454,-1.7408550659630204,-0.4580594302330417,1.0,0.0,0.0,0.0,1.0,2.56
STU-14589,-1.2519032549470397,-0.39941523001702006,0.4233413694165245,0.05257967292191729,-2.2135692854162676,0.24245252569592257,0.4513570322116985,0.0,1.0,0.0,0.0,0.0,3.88
STU-12459,-0.17089308146793408,1.9407122021154146,1.500951693507151,0.6360530416115349,1.0544635222301855,-0.5115321785711135,0.623330017097082,0.0,0.0,0.0,0.0,1.0,4.95
STU-10982,0.9101170920111715,0.36374321105358626,1.1269864668820937,1.0111430643405754,1.0544635222301855,0.21786606794808422,-0.7757722328179028,0.0,0.0,0.0,1.0,0.0,5.06
STU-12700,0.04530895322788702,0.9006555656121105,1.4733963610189889,0.788867495315959,1.0544635222301855,0.3899712721829519,1.2150336769569607,1.0,0.0,0.0,0.0,0.0,6.39
STU-12332,0.9101170920111715,0.7031123408217098,0.20683518558096464,-0.461432580447508,1.0544635222301855,1.1357604905340422,0.011222782759276231,1.0,1.0,0.0,0.0,0.0,4.84
STU-11578,-1.2519032549470397,-0.08537215470920427,0.10251856973292345,0.024795226793840854,0.0005373004320757624,0.21786606794808422,-0.16657979483408653,0.0,0.0,0.0,0.0,1.0,3.48
STU-11118,1.1263191267069925,-0.048227274834086155,0.4016907510329687,-0.016881442398275045,-0.22920138551846492,0.7095952229048474,0.11907024785688967,0.0,0.0,0.0,0.0,0.0,5.03
STU-11162,-1.2519032549470397,-1.2301098163151136,-1.1315666781297669,-0.6837081494721244,-0.6341158195062944,-1.6343137490557218,-0.871960512499558,1.0,1.0,0.0,0.0,0.0,2.71
STU-12625,-1.0357012202512186,1.121836441232131,0.5709592220316788,-0.5447859188317385,0.3185817937948571,0.33260287077132933,-1.4111978379876249,1.0,0.0,0.0,1.0,0.0,5.24
STU-12540,1.991127265490277,1.5591329815801114,1.3444767697350872,0.9555741720844214,1.0544635222301855,-1.8473963828703188,0.31144680722020013,0.0,0.0,0.0,1.0,0.0,5.32
STU-12285,0.6939150573153504,1.1100176158173207,1.186033607928155,0.8305441645080737,-0.6053984837624773,-0.26566760109273235,3.3894717570331667,1.0,1.0,0.0,0.0,0.0,5.04
STU-13539,-0.17089308146793408,1.5321185234891164,-1.9267348442167311,1.191741964173076,1.0544635222301855,0.08673829329294812,1.1538229535231805,0.0,0.0,1.0,0.0,0.0,4.38
STU-12043,0.04530895322788702,-0.7438495706772053,-1.000678848810997,1.1083886257888442,-0.40078746658777564,-0.9868703616959843,0.12489984056486865,0.0,1.0,0.0,0.0,0.0,4.09
STU-11242,-0.8194991855553975,0.4177721272355761,0.1241691881164793,1.789107555926732,0.29417205841261185,0.9554598003832286,-0.6475211932423623,1.0,0.0,0.0,1.0,0.0,4.47
STU-13806,-0.6032971508595764,-0.5344875204719948,-0.8658545434224889,-1.1421515105853957,-1.4985076253952072,-0.8475471011249015,-0.1520058130641388,0.0,0.0,0.0,0.0,0.0,3.03
STU-13800,0.04530895322788702,1.5388721380118648,1.500951693507151,1.789107555926732,0.1735592482885781,-0.11814885460570303,-0.5192701536668223,1.0,0.0,0.0,0.0,0.0,5.91
STU-13463,1.1263191267069925,-0.19005317981180944,-0.6129359559418586,-0.4197559112553921,0.0400236370798259,1.143955976449988,-0.4959517828349058,1.0,0.0,1.0,0.0,0.0,4.78
STU-12041,-0.8194991855553975,1.3548361422669621,1.500951693507151,1.5529397638380773,0.6172420855305608,-0.5607050940667895,-1.3441575218458655,1.0,0.0,0.0,0.0,1.0,6.39
STU-12521,-1.2519032549470397,-0.47539339339794345,-1.722038088590384,-1.3644270796100109,-2.5330496455662392,-1.2245394532584197,-1.1430365734205863,0.0,0.0,1.0,0.0,0.0,2.22
STU-13070,1.1263191267069925,0.40088809092870437,1.3120008421597533,0.5665919262913426,1.0544635222301855,-1.5851408335600452,-0.7582834546939654,0.0,0.0,0.0,0.0,0.0,4.12
STU-13158,-1.2519032549470397,0.9057207765041716,0.528642104282002,0.024795226793840854,0.9611321810627781,0.17688863836835414,-0.047073144320514855,0.0,0.0,0.0,0.0,1.0,4.74
STU-11252,-1.0357012202512186,-1.1727040928717496,0.1901051622845817,-0.05855811159039094,-0.3261223936538502,-0.9213064743684158,-0.3356379833654805,0.0,0.0,1.0,0.0,0.0,3.78
STU-13864,0.47771302261952925,0.048011732115083285,-0.5735711952444836,-1.3783193026740503,-0.026744168524550714,-0.44596829124354515,-0.9127676614554117,1.0,0.0,0.0,1.0,0.0,3.35
STU-13859,0.6939150573153504,-1.5492181025149914,-2.051717959430895,-0.2808336806150074,0.1735592482885781,-1.3720581997454482,0.24732128743242981,0.0,0.0,0.0,0.0,1.0,1.53
STU-12176,2.8559354042735614,-1.1271171948431957,-1.6964509941370902,0.024795226793840854,-1.6794268405812582,-2.003110615273294,-0.9623191994732341,0.0,0.0,0.0,0.0,0.0,3.03
STU-10331,0.47771302261952925,-1.01061734432578,-1.5685155218706233,-0.3919714651273156,0.33437632845395676,-1.9375467279457257,-0.16657979483408653,0.0,0.0,0.0,0.0,0.0,3.57
STU-14047,-0.6032971508595764,-0.6341033346825385,-0.8274739017425488,-2.0451460097478984,-0.32684032704744503,1.1029785468702573,0.2939580290962627,1.0,0.0,0.0,0.0,0.0,3.75
STU-11388,-1.2519032549470397,0.11217107008119605,0.21766049477274255,1.6918619944784619,1.0544635222301855,-0.42957731941165267,-0.2307053146218566,0.0,0.0,0.0,1.0,0.0,5.1
STU-13973,-0.17089308146793408,-0.3487631210964048,0.44007139271290885,-0.16969589610269917,-0.20550958352981546,2.905985448378388,0.08409269160901502,1.0,0.0,0.0,0.0,1.0,4.33
STU-10725,0.47771302261952925,1.3041840333463466,-0.5883329805059996,0.024795226793840854,0.1735592482885781,0.0539563496291639,-1.2596284275801684,0.0,0.0,0.0,0.0,1.0,4.35
STU-14724,-0.3870951161637552,2.302030579082471,1.500951693507151,0.8722208337001897,1.0544635222301855,-0.9213064743684158,-1.1634401478985132,0.0,0.0,0.0,1.0,0.0,6.78
STU-14122,-0.3870951161637552,0.5933661048270429,0.13105802123851917,0.7194063799957667,-0.27730292288935965,-0.17551725601732557,-0.7495390656319969,1.0,0.0,0.0,0.0,1.0,5.04
STU-12899,-0.17089308146793408,-0.10900980553882492,-0.2360183722644982,0.7194063799957667,0.9137485770854792,0.17688863836835414,1.6085311847455506,0.0,0.0,0.0,0.0,0.0,5.1
STU-12962,-1.2519032549470397,0.40426489819007866,1.4212380530949675,0.3304241342026879,0.9367224456805329,1.3406476384326933,-0.37935992867532364,1.0,0.0,1.0,0.0,0.0,6.02
STU-14861,0.26151098792370814,-1.3820661430769603,0.06659822559656975,-0.44754035738346976,-0.11648584272398099,0.2014750961161925,-0.16657979483408653,0.0,0.0,0.0,0.0,0.0,2.36
STU-14193,-0.8194991855553975,1.0644307177887669,-0.08347992456217099,0.03868744985787907,1.0544635222301855,0.2834299552756527,1.2033744915410027,0.0,0.0,0.0,0.0,1.0,4.76
STU-14111,-1.2519032549470397,-1.2250446054230524,-0.544047624721453,-0.07245033465442915,0.18217444901172272,0.4063622440148436,1.690145482657258,0.0,0.0,1.0,0.0,0.0,3.16
STU-12952,0.9101170920111715,-0.24239369236311217,-0.22519306307272027,-0.0029892193342368227,-0.0870505735865681,0.3899712721829519,-0.8894492906234953,0.0,0.0,0.0,1.0,0.0,4.06
STU-10805,-0.17089308146793408,0.8314310167539359,1.500951693507151,0.6638374877396126,1.0544635222301855,0.02117440596537969,-0.32397879794952233,0.0,0.0,0.0,0.0,1.0,4.28
STU-14797,1.7749252307944559,-0.10563299827745033,0.903591449924494,-0.7392770417282786,1.0544635222301855,0.24245252569592257,1.2383520477888772,0.0,0.0,0.0,0.0,1.0,4.39
STU-12979,0.04530895322788702,-1.1828345146558727,-1.5458807844696327,0.5249152570992267,-2.0965461422602103,-0.5197276644870594,-0.023754773488598422,1.0,0.0,0.0,1.0,0.0,4.12
STU-10927,-0.3870951161637552,0.9361120418565408,0.6811805519843278,0.08036411904999374,1.0544635222301855,0.012978920049433091,0.15404780410476432,0.0,0.0,0.0,0.0,1.0,5.17
STU-10700,-0.8194991855553975,-0.9633420426665391,-0.20944715879376943,0.26096301888249557,-2.1568525473222273,0.7013997369889016,2.080728194091858,1.0,0.0,0.0,0.0,0.0,4.03
STU-12345,-0.6032971508595764,0.2489317641668579,1.019717493981748,0.5110230340351885,-0.7956508330652688,-1.5441634039803152,2.1856608628354817,0.0,0.0,1.0,0.0,0.0,4.9
STU-14708,-0.8194991855553975,-0.25927772866998394,-0.12186056624211115,1.400125310133653,-0.9701086477089618,-0.29025405884057,1.87086285660461,0.0,1.0,0.0,0.0,0.0,4.12
STU-11160,-0.17089308146793408,0.5680400503667354,0.9124485210814023,0.23317857275441786,0.5684226147660713,0.5702719623337646,2.858978820607068,0.0,0.0,0.0,1.0,0.0,4.2
STU-14704,-1.2519032549470397,-1.2672546961902318,-1.326422243581771,-0.8781992723686632,-1.2292826027969164,-0.48694572082327525,1.3840918654883547,0.0,0.0,0.0,0.0,1.0,1.98
STU-14960,0.04530895322788702,0.665967460946592,1.500951693507151,0.1081485651780714,0.6811381575605553,-0.790178699713279,1.6551679264093835,0.0,0.0,0.0,1.0,0.0,5.01
STU-12403,0.47771302261952925,1.094821983141136,1.500951693507151,0.5804841493553808,0.7916999001742537,0.7013997369889016,-0.7116467130301326,0.0,0.0,0.0,0.0,1.0,4.99
STU-10092,-0.17089308146793408,-0.3116182412212867,0.11235975990726652,-0.6976003725361627,0.28555685768946726,0.9882417440470136,1.0284867103016297,0.0,0.0,0.0,0.0,0.0,4.79
STU-11866,-0.6032971508595764,0.76896008241851,1.500951693507151,0.6777297108036509,1.0544635222301855,0.045760863713217304,1.2179484733109507,0.0,0.0,1.0,0.0,0.0,6.14
STU-10232,0.26151098792370814,-0.3656471574032765,-0.38068386782734925,0.16371745743422553,0.5310900782991076,-1.208148481426527,0.7515810566726221,1.0,0.0,0.0,1.0,0.0,4.38
STU-14750,-0.8194991855553975,0.17126519715524735,0.12613742615134763,1.789107555926732,0.45355327179079996,-0.4213818334957068,-0.04415834796652537,0.0,0.0,1.0,0.0,0.0,4.77
STU-13944,-0.17089308146793408,-0.7151467089555233,-0.2212565870029822,-0.767061487856355,0.22884011959542686,0.5047080750061963,1.0109979321776923,0.0,0.0,0.0,0.0,0.0,3.42
STU-12980,-0.17089308146793408,-0.006017184066906597,-0.30392258446746895,0.1498252343701873,1.0544635222301855,0.6768132792410632,0.5504601082473431,1.0,0.0,1.0,0.0,0.0,3.76
STU-13218,-0.6032971508595764,-0.5817628221312358,0.9331150204475246,-0.461432580447508,-1.0943111248009736,0.2998209271075451,-1.1342921843586176,0.0,1.0,0.0,0.0,0.0,4.22
STU-14965,0.04530895322788702,-1.073088278661206,0.06659822559656975,0.05257967292191729,-1.3549209466761187,-0.011607537698404523,0.6874555368848523,1.0,1.0,0.0,0.0,0.0,3.94
STU-14317,-1.2519032549470397,0.0817798047288268,1.500951693507151,0.9000052798282673,-0.5745273478378727,-0.5443141222348977,-0.787431418233861,1.0,0.0,1.0,0.0,0.0,4.25
STU-14420,0.9101170920111715,0.2388013423827347,0.493213819654365,0.17760968049826376,0.28053132393429864,0.3899712721829519,-0.5571625062686864,0.0,0.0,0.0,0.0,0.0,5.2
STU-10478,0.26151098792370814,2.190595939457117,1.500951693507151,1.789107555926732,1.0544635222301855,-0.8065696715451715,-1.4141126343416146,0.0,1.0,0.0,0.0,0.0,6.24
STU-14177,-1.0357012202512186,-0.048227274834086155,-0.7713791177487909,0.17760968049826376,-0.7224216269185341,-1.298298826501934,-1.2858615947660743,0.0,1.0,0.0,0.0,0.0,3.24
STU-14523,-0.3870951161637552,-0.09550257649332745,-2.6913953207632306,0.06647189598595551,-0.10140924145847613,1.7504219342299956,0.21817332389253438,1.0,0.0,0.0,0.0,0.0,4.08
STU-13870,-0.6032971508595764,-1.8430003342545611,-3.177550115375805,-1.4477804179942426,-3.143293030122365,-0.4131863475797609,0.941042819681943,0.0,0.0,1.0,0.0,0.0,1.0
STU-11036,-0.8194991855553975,-1.233486623576488,-1.3087081012679518,-2.7953260552059787,-2.3607456311033332,-1.9457422138616716,-0.9011084760394535,0.0,0.0,0.0,0.0,0.0,2.03
STU-11619,0.47771302261952925,-0.08030694381714283,-0.1956694925496883,0.16371745743422553,0.7199065608147096,0.43914418767862784,0.5475453118933536,0.0,0.0,0.0,1.0,0.0,5.06
STU-14968,-0.3870951161637552,8.417698258875498,-1.0922019174323918,-2.267421578772515,-3.2394961048641546,-0.8557425870408474,-0.16657979483408653,0.0,0.0,1.0,0.0,0.0,1.4
STU-11255,1.991127265490277,-1.452979095565822,-0.583412385418828,-1.5589182025065509,-1.4906103580656573,-1.5851408335600452,0.7136887040707582,0.0,0.0,1.0,0.0,0.0,2.24
STU-12388,-1.2519032549470397,0.42790254901969926,-0.017543950394069977,-0.2252647883588533,1.0544635222301855,0.12771572287267818,0.15113300775077457,0.0,0.0,0.0,0.0,1.0,4.41
STU-10751,1.3425211614028136,-0.048227274834086155,-0.47319105546617907,0.26096301888249557,0.1735592482885781,0.22606155386403082,0.8011325946904445,0.0,0.0,0.0,0.0,1.0,3.83
STU-13368,-1.2519032549470397,1.028974241544336,0.06659822559656975,0.8027597183799973,1.0544635222301855,0.32440738485538345,-0.48137780106495814,0.0,1.0,0.0,0.0,0.0,5.61
STU-11924,-1.2519032549470397,0.4768662543096274,-0.1759871122010022,0.7749752722519196,0.5483204797453989,-1.9457422138616716,-0.9360860322873281,0.0,0.0,0.0,1.0,0.0,3.97
STU-13429,0.47771302261952925,0.1290551063880678,0.5296262232994354,0.23317857275441786,-1.2723586064126424,-0.42957731941165267,0.7457514639646431,0.0,0.0,0.0,1.0,0.0,3.51
STU-12831,-1.2519032549470397,-0.9836028862347851,-0.41315979540268305,-1.0865826183292415,-1.2479488710303972,-0.7164193264697647,1.7309526316131119,0.0,1.0,0.0,0.0,0.0,2.91
STU-13401,-1.0357012202512186,-1.62181945863454,-1.2240738657685968,-1.6839482100828973,-2.634996187456792,0.816136539812146,0.1482182113967851,1.0,0.0,0.0,0.0,0.0,2.48
STU-11299,0.04530895322788702,-0.4872122188127535,-0.5283017204425036,0.2470707958184561,-2.011830001815948,0.6768132792410632,-0.4580594302330417,0.0,1.0,0.0,0.0,0.0,2.45
STU-11983,0.9101170920111715,-0.17316914350493767,-0.484016364657957,-0.1280192269105833,0.9776446491154736,1.3242566666008,1.1596525462311595,1.0,1.0,0.0,0.0,0.0,4.89
STU-11097,-1.2519032549470397,-1.159196863826252,-0.3482079402520155,-0.461432580447508,0.31355626003968956,-0.9868703616959843,-0.023754773488598422,0.0,0.0,1.0,0.0,0.0,4.22
STU-10692,-0.3870951161637552,-0.6054004729608564,-1.4632147870051473,-0.5725703649598162,-1.3513312797081418,-0.22469017151300152,1.54732046131177,0.0,0.0,1.0,0.0,0.0,3.21
STU-13408,0.47771302261952925,-0.4585093570910714,-0.3226208457987216,0.49713081097115025,-0.13515211095746182,-0.241081143344894,-1.4665789687134265,0.0,0.0,0.0,0.0,1.0,3.99
STU-10212,1.3425211614028136,-0.00432878043621945,-0.25766899064805404,-0.6281392572159703,1.0544635222301855,0.36538481443511356,0.9118948561420477,0.0,1.0,0.0,0.0,0.0,4.36
STU-11853,1.3425211614028136,0.01762046676271375,1.2864137477064594,1.0111430643405754,1.0544635222301855,-0.4623592630754369,1.2762444003907416,0.0,0.0,0.0,0.0,0.0,4.77
STU-13837,-0.17089308146793408,0.8280542094925617,0.18912104326714685,1.789107555926732,1.0544635222301855,-0.38040440391597674,0.8798320962481627,0.0,0.0,0.0,0.0,0.0,5.44
STU-14100,0.04530895322788702,0.3958228800366426,0.0060749060243556014,-0.6837081494721244,0.7543673637072901,0.09493377920889398,-0.38518952138330287,0.0,0.0,0.0,0.0,1.0,3.84
STU-10341,0.26151098792370814,-0.4230528808466407,-0.6208089080813334,-1.3922115257380885,-1.1567713300437763,-1.1917575095946353,-0.8369829562516834,1.0,0.0,0.0,0.0,1.0,3.19
STU-12805,0.47771302261952925,-0.7303423416317077,0.2658823266270272,-0.5725703649598162,-1.1783093318516393,-1.0196523053597686,1.2062892878949922,0.0,0.0,0.0,0.0,1.0,4.16
STU-13071,0.47771302261952925,-0.09212576923195286,-2.104860386372351,-1.1838281797775103,-0.16530531348847052,1.1767379201137715,-0.624202822410446,0.0,0.0,0.0,1.0,0.0,4.48
STU-13448,1.5587231960986347,0.17801881167799624,0.5611180318573358,0.9000052798282673,0.3997082672711418,0.12771572287267818,-0.618373229702467,0.0,0.0,1.0,0.0,0.0,5.01
STU-14931,2.2073293001860983,-0.23901688510173788,-1.3874376226627005,-1.1977204028415498,0.20945591796835022,-1.7572460377949122,-0.9156824578094013,0.0,1.0,0.0,0.0,0.0,2.72
STU-10832,-0.17089308146793408,-0.8519074030411851,-1.2811527687797895,-0.2808336806150074,0.31571006022047493,-0.9295019602843617,-1.1488661661285653,0.0,0.0,0.0,1.0,0.0,3.45
STU-12545,-1.0357012202512186,0.05476534663783187,-0.16220944595692105,-1.517241533314435,-0.8107274343307737,0.13591120878862406,-0.761198251047955,0.0,0.0,1.0,0.0,0.0,2.78
STU-13957,-0.6032971508595764,-0.1529082999366916,0.008043144059223933,-0.9198759415607791,-0.023872434950168497,0.7341816806526857,0.798217798336455,0.0,0.0,0.0,0.0,0.0,4.36
STU-11338,-1.2519032549470397,0.6153153520259764,0.45384905895698996,-0.558678141895778,0.5669867479788797,1.0128282017948511,1.1334193790452536,1.0,0.0,1.0,0.0,0.0,5.34
STU-12990,1.1263191267069925,-0.323437066636097,-0.9947741347063905,0.9000052798282673,-1.3262036109323008,1.8405722793054016,-0.11702825681626415,1.0,0.0,0.0,0.0,1.0,3.94
STU-14458,0.6939150573153504,0.7048007444523973,1.0649869687837281,0.08036411904999374,0.6337545535832563,-0.6098780095624662,3.3894717570331667,0.0,0.0,0.0,1.0,0.0,4.31
STU-10180,1.1263191267069925,-1.566102138821863,-2.0743526968318853,-1.1282592875213562,-2.612022318861738,1.447188955339991,-0.3939339104452716,1.0,0.0,1.0,0.0,0.0,2.58
STU-11309,-0.6032971508595764,0.3823156509911451,0.7540053592744701,-0.07245033465442915,-0.00807790029106885,0.5866629341656564,-1.2975207801820325,1.0,0.0,0.0,0.0,1.0,4.57
STU-11318,0.26151098792370814,-1.8919640395444892,-1.6580703524571498,-1.961792671363668,-1.9852664662529171,0.9062868848875519,-1.0963998317567536,1.0,0.0,0.0,0.0,1.0,1.96
STU-11047,-0.3870951161637552,0.48530827246306346,-0.034273973690452895,-0.016881442398275045,0.42052833568541004,0.8571139693918767,-0.23944970368382532,0.0,0.0,1.0,0.0,0.0,4.4
STU-11471,0.26151098792370814,-0.6965742690179642,-0.9170287323290753,0.21928634969037966,0.33437632845395676,-1.4458175729889624,2.78027931904935,0.0,0.0,0.0,0.0,1.0,3.91
STU-10473,0.9101170920111715,1.2805463825167265,1.500951693507151,1.789107555926732,1.0544635222301855,-0.0607804531940812,0.005393190051296993,0.0,0.0,0.0,0.0,1.0,5.72
STU-14127,-0.8194991855553975,-0.5716324003471126,-0.5450317437388879,-0.6837081494721244,-0.8243681688090869,-1.831005411038427,-0.7845166218798714,1.0,0.0,0.0,0.0,0.0,2.41
STU-10215,0.04530895322788702,0.795974540509505,0.45384905895698996,0.7055141569317273,0.34801706293227,-0.9704793898640918,-0.7786870291718923,0.0,1.0,0.0,0.0,0.0,5.62
STU-10745,-1.0357012202512186,0.22529411333723723,-1.1965185332804344,-0.05855811159039094,0.06084370549409315,-2.1588248476762684,-0.7903462145878505,0.0,0.0,0.0,0.0,1.0,3.73
STU-12860,0.04530895322788702,1.9542194311609118,1.500951693507151,1.789107555926732,0.5030906759488853,1.5373393004153986,0.9701907832218385,0.0,0.0,0.0,0.0,0.0,5.84
STU-14453,-0.17089308146793408,-0.0026403768055323043,0.6634664096705086,-0.558678141895778,0.28340305750868083,0.42275321584673536,-0.0995394786923267,1.0,0.0,0.0,0.0,1.0,4.05
STU-13965,0.6939150573153504,0.3367287529625913,0.008043144059223933,-0.6142470341519322,-1.0598503219083921,-0.23288565742894812,0.43678305044175075,1.0,1.0,0.0,0.0,0.0,3.3
STU-12158,0.04530895322788702,-0.27447336134616857,-0.14154294659079866,1.2195264103011525,0.9044154429687378,-0.7328102983016564,-1.4111978379876249,1.0,1.0,0.0,0.0,0.0,4.56
STU-13138,0.26151098792370814,0.04970013574577043,0.06659822559656975,-0.4197559112553921,0.10320177571622448,0.02117440596537969,-0.8311533635437043,0.0,0.0,0.0,0.0,0.0,4.21
STU-13065,0.26151098792370814,-0.17316914350493767,0.5355309374040418,-0.25304923448692973,-0.1215113764791486,1.6520761032386422,2.7657053372794023,0.0,0.0,0.0,1.0,0.0,4.95
STU-10732,0.26151098792370814,0.1695767935245602,1.2135889404163172,-0.669815926408085,1.0544635222301855,1.873354222969185,1.2033744915410027,1.0,0.0,0.0,0.0,1.0,4.89
STU-12426,1.1263191267069925,-0.1444662817832556,0.8287984045994821,1.6779697714144237,0.35806813044260627,-1.5195769462324769,-0.9098528651014222,0.0,0.0,0.0,0.0,1.0,4.74
STU-14878,0.26151098792370814,-0.034720045788588685,0.4518808209221216,0.024795226793840854,0.3078127928909251,0.8980913989716061,-1.2537988348721891,0.0,0.0,0.0,0.0,0.0,4.1
STU-12721,0.9101170920111715,0.8077933659243153,-0.03328985467301943,1.789107555926732,0.8132379019821169,1.7995948497256709,0.2414916947244508,0.0,0.0,0.0,1.0,0.0,5.03
STU-13023,0.26151098792370814,-1.3027111724346627,-1.5291507611732498,0.09425634211403319,-1.1460023291398453,-0.9704793898640918,-0.24819409274579404,0.0,1.0,0.0,0.0,0.0,1.94
STU-10905,-0.17089308146793408,-0.473704989767256,-1.3903899797150037,0.4415619187149961,0.1735592482885781,-0.3476224602521925,-0.7203911020921013,1.0,0.0,0.0,1.0,0.0,4.63
STU-14157,0.04530895322788702,0.8584454748449308,0.25308877940037955,0.010903003729801398,-0.29309745754845934,0.8489184834759294,-0.8282385671897148,0.0,0.0,0.0,1.0,0.0,3.11
STU-11098,-0.17089308146793408,0.010866852239965166,0.9370514965172613,0.5665919262913426,0.8871850415224475,-1.3146897983338257,1.4074102363202712,0.0,1.0,0.0,0.0,0.0,3.93
STU-14996,-1.2519032549470397,1.726284941018142,1.500951693507151,0.8583286106361514,1.0544635222301855,0.33260287077132933,-0.4842925974189476,0.0,0.0,0.0,1.0,0.0,5.76
STU-12935,0.26151098792370814,0.2675042041044168,0.4912455816194953,-1.419995971866165,0.31283832664609373,-0.8639380729567933,-0.07622110786041027,0.0,0.0,0.0,0.0,1.0,4.38
STU-14444,0.9101170920111715,0.22360570970655008,-0.7684267606964876,-1.1282592875213562,0.5088341430976497,1.4062115257602616,0.8740025035401833,1.0,0.0,0.0,0.0,1.0,4.67
STU-14846,0.47771302261952925,-0.0718649256637068,-0.3363985120428027,-0.2669414575509692,-0.7195498933441518,-2.2161932490878913,-0.16657979483408653,0.0,0.0,0.0,1.0,0.0,4.28
STU-14265,-1.2519032549470397,0.5359603813836787,-0.43677865182110726,0.024795226793840854,-0.519246476531024,0.004783434133487219,-0.9506600140572758,1.0,0.0,0.0,0.0,1.0,4.37
STU-14646,-1.0357012202512186,0.2793230295192271,0.06659822559656975,0.7749752722519196,-2.1769546823429,0.09493377920889398,-0.8165793817737566,1.0,0.0,1.0,0.0,0.0,4.53
STU-14147,1.3425211614028136,-0.44331372441488676,-1.4228659072903374,0.3582085803307643,-0.27873878967655025,0.9554598003832286,0.32310599263615836,0.0,0.0,0.0,0.0,1.0,3.41
STU-10082,-0.3870951161637552,0.12398989549600636,1.2834613906541577,-0.4892170265755844,1.0544635222301855,-0.29025405884057,0.09283708067098376,0.0,0.0,0.0,1.0,0.0,4.6
STU-14103,-0.17089308146793408,1.5810822287790445,1.2126048213988823,1.441801979325769,1.0544635222301855,0.045760863713217304,-1.041018701030952,0.0,0.0,1.0,0.0,0.0,5.62
STU-10189,-1.2519032549470397,-0.029654834896527243,-0.24093896735166973,1.789107555926732,-0.5493996790620327,1.6766625609864814,1.0984418227973791,1.0,0.0,0.0,1.0,0.0,5.01
STU-12463,1.1263191267069925,0.3198447166557195,0.8868614266281097,0.1081485651780714,0.06227957228128477,-0.839351615208955,-0.1520058130641388,0.0,0.0,0.0,1.0,0.0,4.51
STU-13617,0.6939150573153504,-0.24577049962448647,0.6211492919208318,0.9138975028923055,0.31571006022047493,0.5047080750061963,1.6405939446394355,0.0,0.0,0.0,0.0,0.0,3.58
STU-12847,0.9101170920111715,0.30802589124090923,0.08874090348884234,0.21928634969037966,-0.19402264923228862,-0.6918328687219264,-0.7203911020921013,1.0,0.0,1.0,0.0,0.0,4.08
STU-10164,0.04530895322788702,-0.35045152472709196,-0.6680466209181831,-0.08634255771846738,-0.9521603128690758,0.5047080750061963,0.6612223696989464,1.0,0.0,0.0,0.0,1.0,4.13
STU-14112,-1.0357012202512186,1.2906768043008494,1.455682218705171,0.024795226793840854,1.0544635222301855,-0.019803023614350393,0.8011325946904445,1.0,0.0,0.0,0.0,1.0,5.6
STU-11466,-0.17089308146793408,0.5427139959064277,1.3287308654561376,0.03868744985787907,0.28053132393429864,-0.4951412067392211,0.812791780106403,0.0,0.0,0.0,1.0,0.0,4.62
STU-12267,-0.17089308146793408,-0.14277787815256845,-0.5351905535645434,-0.6559237033440468,0.7529314969200994,2.2257601173548665,0.8652581144782148,0.0,0.0,0.0,0.0,1.0,3.95
STU-11995,-0.17089308146793408,0.3215331202864067,-0.5135399351809876,0.03868744985787907,-0.13730591113824825,0.14410669470456994,0.6058412389731446,0.0,0.0,0.0,1.0,0.0,4.19
STU-12769,0.26151098792370814,0.07671459383676536,-1.7525457781308496,-0.7392770417282786,0.12402184413049276,-0.9376974462003076,-0.9681487921812132,0.0,0.0,0.0,0.0,1.0,2.96
STU-13660,-0.17089308146793408,-0.13771266726050702,-0.3610014874786618,0.7332986030598049,1.0544635222301855,-0.6180734954784121,-0.9419156249953071,1.0,0.0,0.0,0.0,1.0,4.65
STU-13992,0.04530895322788702,0.5967429120884176,0.2914694210803197,-0.461432580447508,0.9367224456805329,-0.15093079826948724,0.37848712336195967,0.0,0.0,0.0,0.0,1.0,5.29
STU-14756,0.04530895322788702,-0.048227274834086155,-2.153082218226635,-1.5450259794425127,-2.1080330765577373,0.19327961020024662,-0.21030174014392963,0.0,0.0,0.0,0.0,1.0,1.31
STU-12930,0.47771302261952925,-0.4078572481704561,-0.08446404357960585,-0.669815926408085,-0.9248788439124482,-0.8065696715451715,0.8244509655223609,1.0,0.0,0.0,1.0,0.0,3.42
STU-11310,-1.2519032549470397,-1.3432328595711551,-0.8264897827251153,-0.6837081494721244,-0.6441668870166306,0.2670389834437609,-0.3968487067992611,1.0,0.0,0.0,1.0,0.0,3.27
STU-12534,-0.6032971508595764,-1.306087979696037,-0.844203925038933,-0.44754035738346976,-3.4268767205925648,1.1767379201137715,0.7020295186547998,0.0,0.0,0.0,1.0,0.0,3.16
STU-14284,0.9101170920111715,0.5815472794122329,1.2155571784511856,1.1500652949809602,0.1735592482885781,-0.8475471011249015,1.3170515493465955,1.0,0.0,0.0,0.0,0.0,5.39
STU-12583,-0.3870951161637552,0.49206188698581205,1.500951693507151,0.024795226793840854,-0.15094664561656249,0.15230218062051654,0.35516875253004326,0.0,0.0,0.0,0.0,0.0,4.87
STU-12351,1.1263191267069925,0.7385688170661407,1.3257785084038345,1.789107555926732,1.0544635222301855,-0.15912628418543384,0.33767997440610603,0.0,1.0,0.0,0.0,0.0,5.49
STU-14705,-1.0357012202512186,-0.06342290751027077,0.43416667860830244,-0.35029479593519974,0.1735592482885781,0.12771572287267818,0.019967171821244956,1.0,0.0,0.0,0.0,1.0,4.96
STU-11190,1.3425211614028136,0.9242932164417305,0.6408316722695193,-0.669815926408085,1.0544635222301855,0.5374900186699805,-1.0089559411370668,0.0,0.0,0.0,0.0,1.0,4.4
STU-11046,0.9101170920111715,0.05476534663783187,0.6900376231412374,0.8027597183799973,0.03715190350544368,0.21786606794808422,-1.125547795296649,1.0,0.0,0.0,1.0,0.0,4.62
STU-12089,-1.2519032549470397,0.139185528172191,1.1132088006380128,0.8444363875721131,-0.751856896055947,-1.3638627138295023,0.01705237546725521,0.0,0.0,0.0,1.0,0.0,4.54
STU-12690,-0.17089308146793408,0.3367287529625913,-0.14252706560823353,-0.4753248035115462,0.1735592482885781,0.42275321584673536,-0.8748753088535475,0.0,0.0,0.0,0.0,0.0,4.16
STU-11136,-0.3870951161637552,0.9310468309644797,-0.6975701914412137,0.1081485651780714,0.30206932574216167,1.2832792370210708,-0.21321653649791938,1.0,0.0,0.0,1.0,0.0,5.03
STU-13278,-1.2519032549470397,-0.703327883540713,0.768767144535986,-0.7531692647923168,-1.0476454542172695,-0.6098780095624662,-0.7641130474019445,0.0,0.0,0.0,1.0,0.0,3.28
STU-12607,0.47771302261952925,0.1661999862631859,-0.8845528047537415,-0.43364813431943033,1.0544635222301855,-0.6754418968900346,-1.644381546306789,0.0,0.0,0.0,1.0,0.0,4.43
STU-14626,1.1263191267069925,-0.5125382732730612,0.6034351496070126,0.5665919262913426,-3.0097574189136127,0.4637306454264662,2.91435995133287,1.0,0.0,0.0,0.0,0.0,4.09
STU-12480,0.6939150573153504,-0.32174866300540983,0.6969264562632772,1.594616433030193,0.8642111729273928,-0.241081143344894,-1.5540228593331131,0.0,0.0,0.0,0.0,0.0,4.71
STU-13084,-0.3870951161637552,-0.2069372161186815,-0.6749354540402229,-1.0310137260730874,0.15704678023588264,0.8489184834759294,2.608306334163967,0.0,0.0,1.0,0.0,0.0,3.38
STU-11665,-0.8194991855553975,0.019308870393401196,-1.6669274236140594,-0.32251034980712207,-0.11433204254319458,-1.462208544820855,-1.3383279291378862,0.0,1.0,0.0,0.0,0.0,3.7
STU-13390,-1.2519032549470397,-0.10394459464676319,1.500951693507151,0.8027597183799973,0.1699695813206011,2.0946323426997293,1.0896974337354102,1.0,0.0,0.0,0.0,1.0,5.11
STU-14217,-0.17089308146793408,-0.048227274834086155,-0.35312853533918703,-1.5311337563784733,-2.1826981494916637,0.6522268214932249,-0.07330631150642078,0.0,0.0,0.0,1.0,0.0,2.06
STU-12956,0.47771302261952925,1.19443779735168,1.500951693507151,1.789107555926732,1.0544635222301855,0.02117440596537969,0.47176060668962544,1.0,0.0,1.0,0.0,0.0,5.37
STU-11841,-0.3870951161637552,-0.4956542369661895,-1.0774401321708773,0.024795226793840854,0.1434060457575694,-0.14273531235354137,0.7195182967787372,0.0,0.0,0.0,0.0,1.0,3.14
STU-11659,-1.2519032549470397,-0.048227274834086155,0.21569225673787423,-0.04466588852635272,-2.430385170282091,-0.454163777159491,-0.16657979483408653,1.0,0.0,0.0,0.0,1.0,3.2
STU-12468,-1.2519032549470397,-1.0258129770019646,-1.2968986730587404,-1.8784393329794362,-1.4324577531844265,-0.19190822784921804,-0.7437094729240178,0.0,0.0,0.0,0.0,1.0,1.8
STU-10792,0.26151098792370814,1.2484667135336698,0.9419720916044328,1.3167719717494226,1.0544635222301855,-0.5443141222348977,0.18028097129067025,1.0,0.0,1.0,0.0,0.0,5.09
STU-13183,0.04530895322788702,-0.22382125242555326,0.5443880085609514,0.8305441645080737,-0.06479463838510924,-0.7983741856292249,-0.04998794067450434,0.0,0.0,0.0,0.0,1.0,5.07
STU-14785,0.26151098792370814,0.416083723604889,-0.6916654773366073,-1.4338881949302045,0.48370647432180863,-0.0607804531940812,-1.236310056748252,1.0,1.0,0.0,0.0,0.0,3.99
STU-14781,-0.8194991855553975,0.027750888546836928,-1.5124207378768655,-0.44754035738346976,0.28196719072148924,1.0783920891224197,0.15696260045875382,0.0,0.0,1.0,0.0,0.0,2.89
STU-10570,-0.3870951161637552,0.4616706216334428,0.007059025041789068,-0.15580367303866097,-0.47473460612810625,-1.462208544820855,-0.2715124635777102,0.0,0.0,0.0,0.0,1.0,4.68
STU-10039,-0.3870951161637552,0.49206188698581205,-1.5576902126788454,-0.21137256529481507,-0.6671407556116853,-2.1670203335922142,0.6495631842829879,0.0,0.0,0.0,0.0,1.0,4.05
STU-12437,1.5587231960986347,-0.2643429395620457,0.06659822559656975,0.46934636484307257,0.5870888829995522,1.1193695187021488,-0.25985327816175197,0.0,0.0,0.0,0.0,1.0,5.22
STU-12624,1.1263191267069925,0.11554787734257033,-0.16122532693948619,-0.10023478078250683,1.0544635222301855,0.6604223074091707,-0.9710635885352027,1.0,0.0,0.0,0.0,1.0,4.47
STU-14143,1.991127265490277,-0.42136447721595355,-0.6119518369244238,-0.5308936957677003,0.11468871001375132,-1.257321396922204,-0.16657979483408653,0.0,1.0,0.0,0.0,0.0,3.28
STU-10299,-1.2519032549470397,-0.9785376753427237,-0.2507801575260128,0.5388074801632649,0.2087379845747544,0.0539563496291639,1.2645852149747836,1.0,0.0,1.0,0.0,0.0,4.24
STU-11441,0.47771302261952925,-0.08874896197057856,0.1389309733779939,-0.44754035738346976,0.23458358674419028,-0.33123148842030076,-0.5192701536668223,1.0,0.0,0.0,0.0,0.0,4.48
STU-14536,0.6939150573153504,-0.5952700511767333,0.06659822559656975,0.9000052798282673,0.021357368846344035,1.9962865117083761,0.06368911713108807,1.0,0.0,1.0,0.0,0.0,4.45
STU-11833,0.04530895322788702,-0.048227274834086155,-0.5469999817737562,-0.11412700384654506,0.870672573469752,-0.4213818334957068,-0.16657979483408653,1.0,0.0,1.0,0.0,0.0,4.42
STU-13850,-0.8194991855553975,1.2923652079315369,-0.21732011093324416,1.0667119565967296,1.0544635222301855,-0.16732177010137972,-1.3499871145538445,1.0,0.0,0.0,0.0,1.0,5.35
STU-13069,-1.2519032549470397,0.39413447640595545,1.2175254164860552,0.6499452646755731,1.0544635222301855,0.6276403637453866,-1.3383279291378862,0.0,0.0,0.0,0.0,1.0,5.01
STU-12802,0.26151098792370814,-0.2288864633176147,-0.49090519777999686,0.385993026458842,-0.5321692776157414,0.6686177933251173,1.35202910559447,0.0,0.0,0.0,1.0,0.0,4.47
STU-11577,0.47771302261952925,-1.9020944613286124,-0.6021106467500807,-0.1280192269105833,0.1735592482885781,-0.0607804531940812,0.32602078899014786,1.0,1.0,0.0,0.0,0.0,2.68
STU-11457,-0.17089308146793408,-0.3285022775281584,1.4871740272630698,0.13593301130614785,0.0752023733660022,-0.7164193264697647,-1.6239779718288623,0.0,0.0,0.0,0.0,1.0,4.2
STU-10142,0.04530895322788702,0.2995838730874732,-0.7054431435806884,-0.5864625880238544,0.6926250918580821,0.004783434133487219,0.11615545150289992,0.0,0.0,0.0,0.0,1.0,4.33
STU-13353,-1.2519032549470397,-0.5108498696423741,0.06659822559656975,0.7194063799957667,-1.73111804492013,0.685008765157009,-0.3035752234715954,0.0,0.0,0.0,1.0,0.0,3.33
STU-11708,1.5587231960986347,-0.2474589032551736,0.9852733283715459,-0.21137256529481507,-1.4259963526420671,-1.339276256081664,0.5854376644952181,0.0,0.0,0.0,1.0,0.0,2.86
STU-11243,-0.8194991855553975,-0.06679971477164535,-0.7556332134698414,0.8027597183799973,-0.33330172758980425,-0.5033366926551677,-0.16657979483408653,1.0,0.0,1.0,0.0,0.0,3.69
STU-11984,0.9101170920111715,0.6862283045148377,0.8022271911287546,-0.4753248035115462,1.0544635222301855,0.13591120878862406,-0.43765585575511473,0.0,0.0,0.0,0.0,0.0,4.48
STU-11667,-0.17089308146793408,0.6457066173783457,-0.8127121164810341,-1.6978404331469357,-0.2895077905804823,-0.9868703616959843,0.17736617493668075,0.0,0.0,0.0,1.0,0.0,3.12
STU-11622,-0.3870951161637552,-0.37915438644877403,-0.039194568777625824,-0.4197559112553921,-0.127254843627912,-1.3228852842497723,0.2298325093084926,0.0,1.0,0.0,0.0,0.0,2.8
STU-12938,0.04530895322788702,1.8039515080297526,1.1486370852656496,0.31653191113864965,1.0544635222301855,-1.167171051846797,-0.1869833693120132,1.0,0.0,1.0,0.0,0.0,5.13
STU-13137,0.26151098792370814,0.42959095265038644,0.9252420683080499,1.3167719717494226,0.22668631941464046,-0.454163777159491,-1.035189108322973,1.0,0.0,0.0,0.0,1.0,5.12
STU-11643,0.47771302261952925,-0.9143783373766108,0.8317507616517853,-1.6700559870188592,-0.2177144512209381,0.17688863836835414,-0.07330631150642078,0.0,0.0,1.0,0.0,0.0,3.16
STU-10227,-0.17089308146793408,0.30127227671816065,0.5335626993691734,-0.7809537109203932,0.5863709496059574,-1.085216192687337,1.1101010082133371,0.0,0.0,0.0,0.0,1.0,4.3
STU-10631,-1.0357012202512186,1.641864759483783,1.500951693507151,1.038927510468652,0.6581642889655016,2.2749330328505417,0.38431671606993895,0.0,0.0,0.0,0.0,1.0,5.17
STU-14168,-0.6032971508595764,-0.1157634200615735,-0.8038550453241246,-2.6564038245655937,-1.7741940485358567,0.2834299552756527,1.2645852149747836,0.0,0.0,0.0,0.0,1.0,2.57
STU-10757,0.04530895322788702,-0.8535958066718722,0.6467363863741242,-0.1280192269105833,0.14986744629992862,1.5209483285835053,-0.35895635419739697,0.0,0.0,0.0,0.0,1.0,3.11
STU-13177,-0.6032971508595764,-0.048227274834086155,-0.12874939936415242,-0.7809537109203932,-0.3447886618873311,-1.0688252208554445,-0.3123196125335641,0.0,0.0,0.0,0.0,1.0,3.73
STU-12562,-1.2519032549470397,-0.7894364687057592,1.4232062911298358,-0.32251034980712207,-1.5774802986907055,1.8815497088851325,-0.26568287086973125,0.0,0.0,0.0,0.0,1.0,4.37
STU-10431,0.04530895322788702,1.0154670124988388,1.500951693507151,1.0111430643405754,0.05079263798375692,0.308016413023491,0.11324065514891044,0.0,0.0,0.0,0.0,1.0,4.75
STU-12784,-0.6032971508595764,-0.9802260789734109,0.13794685436056042,-0.5308936957677003,0.11899631037532413,0.012978920049433091,-0.930256439579349,0.0,0.0,0.0,0.0,1.0,3.42
STU-11570,0.47771302261952925,0.34348236748534017,-0.027385140568413038,-0.04466588852635272,1.0544635222301855,1.570121244079182,0.06660391348507756,1.0,1.0,0.0,0.0,0.0,4.75
STU-11452,1.991127265490277,-0.0026403768055323043,0.08185207036680107,1.789107555926732,0.7443162961969548,0.2342570397799767,-0.8807049015615266,0.0,0.0,0.0,1.0,0.0,4.4
STU-11970,0.04530895322788702,-0.667871407296282,-0.2960496323279942,0.39988524952288024,-0.39360813265182165,1.0128282017948511,-0.7233058984460908,0.0,0.0,0.0,0.0,0.0,4.65
STU-14680,-1.2519032549470397,-0.2474589032551736,-0.6572213117264052,-1.7256248792750133,0.1347908450344238,1.1357604905340422,-1.1284625916506386,0.0,0.0,0.0,0.0,0.0,3.24
STU-10534,0.04530895322788702,0.024374081285462635,-0.013607474324331915,1.3167719717494226,0.9740549821474955,-0.8885245307046317,-1.4257718197575726,1.0,0.0,0.0,1.0,0.0,4.69
STU-13246,-1.0357012202512186,-1.2571242744061086,-0.15728885086974814,0.6082685954834585,-1.452559888205099,0.5866629341656564,-0.3152344088875536,1.0,0.0,0.0,0.0,1.0,3.66
STU-14867,-0.8194991855553975,-0.8265813485808772,-0.8432198060214983,-0.5864625880238544,0.1735592482885781,0.2752344693597068,0.06368911713108807,0.0,0.0,0.0,0.0,0.0,2.73
STU-10827,-1.2519032549470397,-0.7860596614443848,0.33870713391716945,0.49713081097115025,-2.3191054942747975,-1.175366537762743,0.2618952692023775,1.0,0.0,0.0,0.0,1.0,4.07
STU-13858,-0.17089308146793408,0.12230149186531922,0.06118557100068009,-0.43364813431943033,1.0544635222301855,-0.9540884180322,-0.1840685729580237,0.0,0.0,0.0,0.0,0.0,4.2
STU-13380,0.04530895322788702,1.8934369004561735,0.9764162572146363,0.06647189598595551,0.1735592482885781,0.9472643144672828,-0.23653490732983581,0.0,1.0,0.0,0.0,0.0,5.43
STU-11960,-0.3870951161637552,-0.8873638792856159,-0.2606213477003572,-0.9893370568809715,-0.976570048251321,0.3899712721829519,2.299337920641074,0.0,0.0,0.0,0.0,0.0,3.45
STU-11783,0.04530895322788702,-0.29304580128372776,0.15664511569181308,0.6221608185474967,0.25612158855205336,0.2670389834437609,0.363913141592012,0.0,0.0,0.0,0.0,1.0,5.13
STU-10480,-0.3870951161637552,-1.1102331585363239,-0.29801787036286254,0.09425634211403319,0.22094285226587704,-1.003261333527876,-0.7641130474019445,0.0,1.0,0.0,0.0,0.0,3.45
STU-12253,1.3425211614028136,0.49206188698581205,0.9783844952495047,0.8583286106361514,0.3537605300810334,0.308016413023491,-0.16657979483408653,0.0,0.0,0.0,0.0,0.0,5.82
STU-14676,-0.17089308146793408,0.5511560140598634,-0.20255832567172954,-0.6142470341519322,1.0544635222301855,0.39816675809889773,-0.16657979483408653,0.0,0.0,0.0,0.0,1.0,4.62
STU-13732,1.7749252307944559,2.0909801252465736,1.500951693507151,-0.016881442398275045,1.0544635222301855,-1.7490505518789663,-0.16657979483408653,0.0,0.0,0.0,0.0,1.0,6.08
STU-13786,0.04530895322788702,0.0851566119902011,0.6280381250428716,1.789107555926732,0.1735592482885781,-1.2737123687540957,0.25315088014040904,1.0,0.0,0.0,1.0,0.0,5.02
STU-13159,1.7749252307944559,-1.2081605691161803,-2.215081716324999,-1.1838281797775103,-3.1066784270489975,-1.4867950025686927,-0.12285784952424314,0.0,0.0,0.0,1.0,0.0,2.4
STU-12147,1.5587231960986347,-0.37915438644877403,-0.9780441114100062,1.3723408640055768,-0.8200605684475142,-0.3066450306724624,0.23857689837046134,0.0,0.0,0.0,1.0,0.0,4.39
STU-14408,0.26151098792370814,-0.31499504848266097,-1.9001636307460037,-0.4753248035115462,0.261147122307222,-0.8147651574611173,-0.24819409274579404,0.0,0.0,0.0,0.0,1.0,3.22
STU-13714,0.26151098792370814,0.07164938294470363,0.9055596879593624,1.789107555926732,0.18504618258610495,0.7997455679802542,1.0343163030096088,1.0,0.0,0.0,0.0,1.0,5.48
STU-10671,1.1263191267069925,-0.8434653848877491,-1.1482967014261511,-0.5308936957677003,-0.7855997655549326,1.7258354764821564,0.7253478894867161,0.0,0.0,0.0,0.0,1.0,4.03
STU-14252,0.6939150573153504,-0.8958058974390517,-1.2713115786054465,-2.670296047629632,-0.8846745738711044,-0.0607804531940812,-0.16657979483408653,0.0,1.0,0.0,0.0,0.0,2.47
STU-13422,-0.17089308146793408,0.8263658058618742,0.06659822559656975,-0.3780792420632762,1.0544635222301855,-0.3148405165884083,-0.4930369864809163,0.0,0.0,0.0,1.0,0.0,4.31
STU-14059,-0.6032971508595764,-0.8451537885184363,-1.2142326755942536,-0.35029479593519974,0.45139947161001354,-0.6344644673103038,-1.2275656676862832,1.0,0.0,1.0,0.0,0.0,3.32
STU-11303,0.04530895322788702,0.4127069163435147,0.16943866291845933,0.5804841493553808,-0.01741103440781029,0.32440738485538345,-0.33855277971947,0.0,0.0,1.0,0.0,0.0,5.18
STU-13772,0.04530895322788702,-0.048227274834086155,0.8228936904948757,0.5804841493553808,-0.11289617575600398,1.5947077018270197,1.9612215435782863,1.0,0.0,0.0,0.0,0.0,5.1
STU-14298,-1.2519032549470397,-0.38421959734083544,-1.4031835269416513,0.6499452646755731,0.9180561774470509,1.2832792370210708,0.4251238650257925,0.0,0.0,0.0,1.0,0.0,4.08
STU-14978,-0.17089308146793408,0.21009848066105263,0.06659822559656975,0.6499452646755731,-0.27586705610216905,-1.1016071645192287,2.25853077168522,0.0,0.0,0.0,1.0,0.0,4.49
STU-14188,-1.0357012202512186,1.3278216841759671,0.9764162572146363,-0.2252647883588533,1.0544635222301855,-1.552358889896261,-0.16657979483408653,0.0,0.0,0.0,0.0,1.0,4.84
STU-11599,-0.17089308146793408,-0.4298064953693893,1.0000351136330605,0.5110230340351885,0.1699695813206011,-0.18371274193327145,-0.8690457161455684,0.0,0.0,0.0,0.0,0.0,5.04
STU-13124,-0.17089308146793408,-0.11745182369226065,1.500951693507151,1.789107555926732,1.0544635222301855,-1.6589002068035594,-1.0847406463407954,1.0,0.0,0.0,1.0,0.0,5.13
STU-12595,0.9101170920111715,0.8398730349073714,-0.41906450950728946,-0.808738157048471,1.0544635222301855,0.06215183554510977,-0.012095588072640204,0.0,0.0,1.0,0.0,0.0,4.92
STU-13440,-0.3870951161637552,-0.2474589032551736,0.11826447401187291,0.3721008033948038,-2.536639312534217,1.1357604905340422,-1.1896733150844192,0.0,1.0,0.0,0.0,0.0,4.18
STU-10365,0.04530895322788702,-0.6712482145576566,-0.9347428746428945,-1.7395171023390514,-1.863935722735287,-2.0932609603487,1.3899214581963344,1.0,0.0,0.0,0.0,0.0,2.73
STU-11223,-1.2519032549470397,-1.0342549951554008,-1.5094683808245621,0.8305441645080737,-0.2737132559213827,1.570121244079182,-1.2042472968543667,0.0,0.0,0.0,0.0,1.0,3.88
STU-13949,1.3425211614028136,0.6153153520259764,0.06659822559656975,-1.920116002171552,1.0544635222301855,0.31621189893943685,0.04911513536114037,0.0,0.0,0.0,1.0,0.0,4.0
STU-11848,-0.8194991855553975,-0.06679971477164535,1.319873794299228,1.2473108564292301,-0.64273102022944,-0.38040440391597674,-0.5629920989766654,1.0,0.0,1.0,0.0,0.0,5.33
STU-10277,-0.8194991855553975,0.18139561893937053,-0.5853806234536963,0.20539412662634143,-0.26868772216621506,1.0865875750383656,0.08117789525502553,1.0,0.0,1.0,0.0,0.0,4.73
STU-13838,-1.2519032549470397,-0.25590092140860965,-1.6994033511893933,0.05257967292191729,0.1735592482885781,1.570121244079182,-0.8049201963577983,0.0,0.0,0.0,1.0,0.0,5.0
STU-10103,0.6939150573153504,-1.1051679476442624,0.04248730966942744,-1.253289295097704,0.25827538873283973,0.7751591102324158,1.7775893732769448,0.0,0.0,0.0,0.0,1.0,2.9
STU-13831,1.3425211614028136,-0.9025595119618005,-2.948250384313599,-1.9895771174917445,-0.907648442466158,-0.6262689813943579,0.8244509655223609,0.0,0.0,0.0,1.0,0.0,1.94
STU-14952,-0.17089308146793408,0.7335036061740791,-0.13268587543388907,-0.10023478078250683,1.0544635222301855,0.5866629341656564,-0.05873232973647307,0.0,1.0,0.0,0.0,0.0,4.5
STU-10733,-1.2519032549470397,-0.07693013655576823,-0.3186843697289835,-0.030773665462313266,0.33437632845395676,-0.5934870377305738,1.2849887894527101,0.0,0.0,0.0,0.0,0.0,3.55
STU-14796,1.3425211614028136,-0.4922774297048152,-1.0882654413626551,0.6082685954834585,-0.9098022426469444,-1.3146897983338257,2.060324619613931,0.0,0.0,0.0,0.0,1.0,3.03
STU-13845,1.3425211614028136,-1.3567400886166523,-0.10906701901546491,-1.2949659642898186,-1.2601537387215198,-1.1917575095946353,0.07826309890103579,0.0,1.0,0.0,0.0,0.0,2.7
STU-13727,-1.0357012202512186,0.2843882404112886,0.43613491664317217,1.5668319869021154,1.0544635222301855,0.012978920049433091,-0.02083997713460893,1.0,0.0,1.0,0.0,0.0,5.02
STU-11785,0.47771302261952925,0.556221224951925,0.3967701559457971,-0.2669414575509692,0.9439017796164868,-1.626118263139776,0.04328554265316113,0.0,0.0,0.0,1.0,0.0,4.77
STU-13287,0.6939150573153504,0.1256782991266935,1.500951693507151,0.3721008033948038,0.6911892250708914,0.2342570397799767,-0.26568287086973125,1.0,0.0,0.0,1.0,0.0,4.94
STU-10106,-0.17089308146793408,1.1032640012945722,0.4823885104625871,1.789107555926732,1.0544635222301855,0.02117440596537969,-0.16657979483408653,0.0,0.0,1.0,0.0,0.0,5.86
STU-11209,-0.6032971508595764,-1.2166025872696165,-1.3520093380350635,0.3721008033948038,0.1735592482885781,-1.5195769462324769,-0.8107497890657774,0.0,0.0,1.0,0.0,0.0,2.8
STU-14090,-0.6032971508595764,-1.008928940695093,0.22454932789478382,0.27485524194653377,-0.22848345212487015,0.012978920049433091,-1.0730814609248371,0.0,0.0,0.0,0.0,0.0,4.24
STU-13100,0.26151098792370814,0.622068966548725,1.1210817527774875,-2.378559363284823,0.6344724869768521,-1.7736370096268046,-0.8690457161455684,1.0,0.0,0.0,1.0,0.0,3.34
STU-13087,-1.0357012202512186,1.0323510488057102,0.06659822559656975,0.385993026458842,0.6366262871576385,1.3980160398443158,0.11907024785688967,0.0,0.0,1.0,0.0,0.0,5.12
STU-13134,2.423531334881919,0.7081775517137716,0.658545814583337,0.7332986030598049,1.0544635222301855,0.43094870176268196,0.6349892025130405,0.0,1.0,0.0,0.0,0.0,5.74
STU-13768,0.9101170920111715,0.7031123408217098,-0.9268699225034198,0.4554541417790343,1.0544635222301855,1.488166384919722,-0.8981936796854639,0.0,0.0,0.0,0.0,1.0,4.42
STU-12786,-0.8194991855553975,0.9597496926861615,1.4576504567400392,1.789107555926732,1.0544635222301855,-1.3638627138295023,0.3289355853441373,0.0,0.0,0.0,0.0,1.0,5.73
STU-10687,0.6939150573153504,0.14425073906425243,-0.5735711952444836,-0.030773665462313266,0.4384766705252961,0.6194448778294407,-0.0033511990106714763,1.0,0.0,0.0,0.0,0.0,4.47
STU-11768,-0.8194991855553975,0.1729536007859345,0.5867051263106282,0.3304241342026879,1.0544635222301855,0.6194448778294407,0.18319576764465975,0.0,0.0,0.0,0.0,1.0,5.54
STU-13911,0.9101170920111715,-0.87892186113218,-1.1295984400948986,-1.6005948716986669,-2.20997961844829,0.6932042510729549,-0.16657979483408653,0.0,0.0,1.0,0.0,0.0,2.36
STU-10143,1.1263191267069925,0.17464200441662195,-2.2967635947720515,0.16371745743422553,-0.2607904548366642,-0.7328102983016564,-0.5484181172067176,0.0,0.0,0.0,1.0,0.0,3.59
STU-12260,-1.2519032549470397,1.4764012036764396,1.500951693507151,-0.0029892193342368227,1.0544635222301855,1.3160611806848543,-1.192588111438409,0.0,0.0,0.0,1.0,0.0,4.91
STU-13322,-0.17089308146793408,0.5916777011963558,-0.2242089440552854,-0.25304923448692973,1.0544635222301855,0.02117440596537969,0.06951870983906731,1.0,0.0,1.0,0.0,0.0,4.42
STU-12420,0.6939150573153504,-0.4838354115513792,-1.1955344142630009,1.2612030794932685,0.052228504770948536,-1.5441634039803152,-0.041243551612535616,0.0,0.0,0.0,0.0,0.0,4.36
STU-13483,0.26151098792370814,0.471801043417566,1.500951693507151,1.7057542175425013,1.0544635222301855,-1.0524342490235528,0.9060652634340687,1.0,0.0,1.0,0.0,0.0,6.55
STU-12902,-1.2519032549470397,0.3840040546218323,-0.31179553660694365,-0.05855811159039094,-0.1222293098727444,-0.2820585729246241,-1.198417704146388,0.0,0.0,0.0,0.0,1.0,4.37
STU-12824,0.9101170920111715,-0.048227274834086155,-0.7339825950862842,-0.30861812674308386,-0.6707304225796623,-1.3146897983338257,0.1336442296268374,0.0,1.0,0.0,0.0,0.0,3.49
STU-14097,-0.3870951161637552,-0.000951973174845158,-0.9012828280501259,-0.35029479593519974,0.3386839288155296,-1.6425092349716677,-0.8457273453136519,0.0,1.0,0.0,0.0,0.0,4.15
STU-13364,-0.3870951161637552,-0.31499504848266097,0.7864812868498038,0.5249152570992267,-0.8674441724248131,-0.3476224602521925,-1.373305485385761,0.0,0.0,0.0,0.0,1.0,4.38
STU-11390,0.47771302261952925,-0.9852912898654724,0.06659822559656975,0.6221608185474967,-0.9672369141345796,1.1029785468702573,-0.09662468233833721,0.0,0.0,1.0,0.0,0.0,3.39
STU-12908,0.9101170920111715,-0.1782343543969991,-1.287057482884396,-1.3505348565459727,0.1434060457575694,-0.40499086166381504,-0.624202822410446,1.0,0.0,0.0,0.0,1.0,3.12
STU-10777,0.26151098792370814,-0.000951973174845158,0.6142604587987905,0.28874746501057197,0.18073858222453212,0.004783434133487219,-0.8340681598976939,0.0,0.0,1.0,0.0,0.0,4.5
STU-11025,-1.2519032549470397,-0.41798766995457926,-0.11497173312007129,-1.5311337563784733,0.4384766705252961,-0.9213064743684158,0.6932851295928313,0.0,0.0,1.0,0.0,0.0,4.1
STU-12291,0.04530895322788702,-0.9954217116495955,-1.0882654413626551,-1.517241533314435,-1.4238425524612808,0.5948584200816031,-0.2773420562856895,0.0,0.0,0.0,1.0,0.0,2.17
STU-12739,-0.17089308146793408,0.015932063132026605,-0.7733473557836591,-1.8506548868513597,0.19653311688363176,-0.4213818334957068,0.6204152207430925,0.0,0.0,1.0,0.0,0.0,3.57
STU-13575,0.26151098792370814,0.16788838989387306,-0.19665361156712316,-1.7811937715311674,0.1735592482885781,1.5947077018270197,0.43678305044175075,0.0,0.0,0.0,1.0,0.0,3.84
STU-14958,-1.0357012202512186,-1.9020944613286124,0.06659822559656975,-1.3644270796100109,-0.4137102676724941,-0.6180734954784121,2.84440483883712,0.0,1.0,0.0,0.0,0.0,2.01
STU-14915,0.04530895322788702,-0.15121989630600446,-0.6326183362905461,-0.2808336806150074,0.4262718028341735,0.6276403637453866,0.2735544546183357,1.0,0.0,1.0,0.0,0.0,4.06
STU-11491,0.04530895322788702,-0.44331372441488676,-1.892290678606529,-0.7948459339844327,-2.10444340958976,1.234106321525394,-0.10536907140030594,0.0,0.0,1.0,0.0,0.0,2.36
STU-10575,-0.3870951161637552,0.6760978827307149,1.207684226311711,-0.05855811159039094,-0.8782131733287452,-1.0524342490235528,1.162567342585149,0.0,1.0,0.0,0.0,0.0,4.64
STU-10117,0.6939150573153504,0.20334486613830405,1.2736202004798132,-0.15580367303866097,0.23242978656340388,-0.22469017151300152,-1.2712876129961266,0.0,0.0,1.0,0.0,0.0,4.67
STU-10342,0.26151098792370814,-0.4905890260741281,-0.4722069364487442,-0.5031092496396239,0.4413484040996773,-0.9295019602843617,-0.21321653649791938,0.0,0.0,0.0,1.0,0.0,3.65
STU-12909,0.26151098792370814,-0.33525589205090733,-1.4268023833600754,-0.08634255771846738,-1.0512351211852464,0.7587681384005234,-0.4697186156489999,1.0,0.0,1.0,0.0,0.0,3.18
STU-11322,0.9101170920111715,-0.6172192983756667,-1.672832137718666,0.9277897259563437,0.1735592482885781,-1.421231115241125,1.2325224550808982,0.0,0.0,0.0,0.0,1.0,3.06
STU-11040,0.6939150573153504,1.1927493937209925,0.9783844952495047,1.789107555926732,1.0544635222301855,-0.6016825236465203,-1.0264447192610042,1.0,0.0,1.0,0.0,0.0,6.02
STU-13297,0.04530895322788702,-0.048227274834086155,1.004955708720232,1.136173071916922,-0.16745911366925692,0.4145577299307895,1.483194941524,1.0,0.0,0.0,1.0,0.0,5.35
STU-12187,0.04530895322788702,-0.18667637255043515,0.20289870951122796,-1.8645471099153978,0.8800057075864924,0.17688863836835414,-0.16657979483408653,0.0,0.0,0.0,1.0,0.0,4.12
STU-13466,1.3425211614028136,-0.048227274834086155,-0.19960596861942637,-1.517241533314435,-0.9966721832719925,-1.117998136351121,1.3840918654883547,1.0,0.0,0.0,0.0,0.0,3.46
STU-11719,-1.2519032549470397,-0.6256613165291025,0.7116882415247933,0.9277897259563437,0.0005373004320757624,-1.7818324955427505,-0.43765585575511473,0.0,0.0,0.0,0.0,1.0,4.81
STU-11863,-0.17089308146793408,-0.232263270578989,0.025757286373043118,0.3026396880746102,0.398990333877547,-0.02799850953029699,-0.3094048161795746,0.0,0.0,0.0,1.0,0.0,4.9
STU-12227,-0.3870951161637552,-1.8142974725328789,-2.3371124744868603,-2.2952060249005926,-2.0175734689647116,1.2832792370210708,-0.41433748492319833,0.0,0.0,0.0,1.0,0.0,1.45
STU-12566,1.1263191267069925,-0.20356040885730692,-1.3362634337561141,-0.1280192269105833,-0.319660993111491,-0.07717142502597295,-1.1226329989426593,0.0,0.0,0.0,0.0,0.0,2.98
STU-11834,-0.17089308146793408,-0.5361759241026819,0.9154008781337054,-0.016881442398275045,-0.983749382187275,0.02117440596537969,0.44261264314972976,0.0,0.0,0.0,0.0,1.0,3.18
STU-13181,1.3425211614028136,-1.464797920980632,-0.058876949126311945,-2.072930455875976,-0.66785868900528,0.25884349752781505,0.3201911962821686,1.0,0.0,1.0,0.0,0.0,3.11
STU-13469,0.47771302261952925,-0.0684881184023325,-1.0754718941360089,-0.461432580447508,-1.3305112112938735,-2.6177720589692473,-1.1080590171727116,1.0,0.0,0.0,0.0,1.0,3.35
STU-14339,0.04530895322788702,-0.2896689940223532,-1.315596934389993,-1.308858187353858,-1.5186097604158797,0.5374900186699805,-0.787431418233861,0.0,0.0,0.0,0.0,1.0,3.31
STU-11142,-0.17089308146793408,0.7183079734978944,0.9734639001623331,1.789107555926732,0.5246286777567494,-0.7328102983016564,0.43969784679574025,0.0,0.0,0.0,0.0,1.0,4.64
STU-11527,1.3425211614028136,-0.2694081504541071,-0.09233699571908058,1.789107555926732,1.0544635222301855,-0.02799850953029699,-0.8777901052075371,1.0,0.0,0.0,0.0,0.0,4.92
STU-13613,1.3425211614028136,0.3991996872980172,-0.023448664498674974,-0.9893370568809715,-0.3512500624296903,-1.0770207067713904,0.6466483879289984,0.0,0.0,0.0,0.0,1.0,3.87
STU-10023,-0.3870951161637552,0.8094817695550022,0.337723014899736,1.094496402724806,1.0544635222301855,0.7915500820643075,3.3894717570331667,0.0,0.0,0.0,1.0,0.0,4.74
STU-13312,0.04530895322788702,-1.3770009321848988,-1.648229162282807,-0.6142470341519322,-1.8646536561288822,-0.536118636318952,-0.33855277971947,0.0,0.0,0.0,1.0,0.0,2.99
STU-12395,-0.17089308146793408,0.8213005949698124,0.7067676464376217,0.4415619187149961,0.59857581729708,0.12771572287267818,-0.4055930958612296,0.0,0.0,0.0,0.0,1.0,5.09
STU-14866,-0.3870951161637552,-0.048227274834086155,-0.3610014874786618,-0.2808336806150074,1.0544635222301855,1.4635799271718828,-1.7114218624485489,0.0,0.0,0.0,0.0,0.0,3.94
STU-10697,1.1263191267069925,0.6406414064862839,0.9901939234587175,0.6082685954834585,1.0544635222301855,-0.03619399544624286,0.8973208743720997,0.0,0.0,1.0,0.0,0.0,4.38
STU-11232,0.26151098792370814,-0.2356400778403636,-0.3747791537227429,-0.15580367303866097,-1.056260654940415,-0.07717142502597295,-1.0439334973849415,1.0,0.0,0.0,0.0,1.0,3.68
STU-12592,0.04530895322788702,1.0863799649877002,1.500951693507151,1.789107555926732,1.0544635222301855,-1.8801783265341032,-0.5804808771006028,0.0,0.0,0.0,0.0,1.0,5.0
STU-13056,-0.17089308146793408,-0.8198277340581285,-0.025416902533544707,0.4554541417790343,-1.5480450295532926,3.2747823145959596,0.7690698347965595,1.0,1.0,0.0,0.0,0.0,3.73
STU-12045,1.3425211614028136,-1.4394718665203243,0.3406753719520378,0.8305441645080737,-0.14161351149982104,0.816136539812146,-0.2423645000378148,0.0,0.0,0.0,1.0,0.0,3.74
STU-10837,0.04530895322788702,0.6507718282704074,-0.2468436814562761,1.136173071916922,1.0544635222301855,-0.2984495447565166,-1.2829467984120848,1.0,0.0,0.0,0.0,1.0,5.31
STU-14906,0.04530895322788702,1.6823864466202756,0.3101676824115738,0.6221608185474967,1.0544635222301855,-0.04438948136218873,1.273329604036752,0.0,0.0,0.0,0.0,0.0,5.14
STU-14424,1.1263191267069925,0.7740252933105718,1.0610504927139914,0.8861130567642278,1.0544635222301855,0.930873342635391,0.09866667337896273,0.0,0.0,0.0,1.0,0.0,6.0
STU-13601,-1.2519032549470397,1.0424814705898338,0.7805765727451989,1.386233087069615,0.7916999001742537,0.17688863836835414,-0.43765585575511473,1.0,1.0,0.0,0.0,0.0,4.79
STU-10459,0.6939150573153504,-0.8164509267967542,-1.2240738657685968,-2.017361563619822,-1.624863902668005,-0.6508554391421962,-0.16657979483408653,0.0,0.0,0.0,0.0,1.0,2.94
STU-13540,-0.17089308146793408,-0.6172192983756667,-1.0843289652929171,-0.961552610752895,-0.6779097565156162,1.0292191736267429,1.6872306863032684,0.0,0.0,0.0,0.0,1.0,3.45
STU-10462,-0.3870951161637552,0.21516369155311407,0.06659822559656975,1.789107555926732,1.0544635222301855,0.19327961020024662,-0.047073144320514855,0.0,0.0,0.0,0.0,1.0,5.58
STU-11652,1.3425211614028136,1.0340394524363976,-0.940647588747501,-0.21137256529481507,1.0544635222301855,0.2834299552756527,0.2414916947244508,0.0,0.0,0.0,0.0,0.0,3.99
STU-11791,-1.0357012202512186,2.5063274183956206,1.500951693507151,1.789107555926732,1.0544635222301855,1.1767379201137715,-1.2858615947660743,1.0,0.0,0.0,0.0,0.0,7.0
STU-11892,0.04530895322788702,-0.7016394799100258,-0.5469999817737562,0.41377747258691844,0.25396778837126693,0.3407983566872752,-0.8253237708357252,0.0,0.0,0.0,1.0,0.0,4.07
STU-13301,-0.3870951161637552,-1.545841295253617,-0.41808039048985457,-0.2808336806150074,-0.7339085612160609,-2.396493939238704,-1.1896733150844192,0.0,0.0,0.0,0.0,1.0,3.56
STU-10284,-0.3870951161637552,-0.1883647761811223,-0.037226330742756095,1.2889875256213448,0.09745830856746107,-0.9213064743684158,-0.23362011097584606,0.0,0.0,0.0,0.0,1.0,4.66
STU-11707,-0.17089308146793408,0.1324319136494424,1.500951693507151,0.06647189598595551,0.08238170730195621,0.308016413023491,0.02579676452922394,0.0,0.0,0.0,1.0,0.0,4.64
STU-10154,-0.8194991855553975,-0.6070888765915435,0.9911780424761509,1.0667119565967296,-0.4883753406064195,0.3571893285191677,-1.192588111438409,0.0,0.0,0.0,0.0,1.0,4.38
STU-14019,-0.8194991855553975,1.2585971353177927,1.500951693507151,0.385993026458842,1.0544635222301855,1.2504972933572858,1.0751234519654627,0.0,0.0,1.0,0.0,0.0,4.83
STU-13882,-0.3870951161637552,-0.7438495706772053,-0.8599498293178826,0.8444363875721131,0.1735592482885781,-0.7000283546378723,-1.4986417286073115,1.0,1.0,0.0,0.0,0.0,3.87
STU-14493,0.6939150573153504,-0.7759292396602618,-0.2212565870029822,0.20539412662634143,-2.9652455485106954,0.6112493919134948,3.3894717570331667,1.0,1.0,0.0,0.0,0.0,3.45
STU-13604,-1.2519032549470397,1.4544519564775058,0.3780718946145445,0.2470707958184561,1.0544635222301855,-1.8637873547022106,-0.7582834546939654,0.0,0.0,0.0,0.0,0.0,5.45
STU-13351,0.47771302261952925,-1.9020944613286124,-2.6284117036474313,-0.8504148262405868,-1.767732647993498,0.7751591102324158,-0.7582834546939654,1.0,0.0,0.0,0.0,1.0,2.37
STU-11506,1.1263191267069925,-0.048227274834086155,-0.09725759080625211,0.8444363875721131,-1.8826019909687683,-0.15093079826948724,-0.6271176187644357,1.0,0.0,0.0,0.0,0.0,3.23
STU-13738,0.6939150573153504,1.1454740920617517,1.327746746438703,-0.6281392572159703,1.0544635222301855,0.07854280737700152,1.8766924493125894,0.0,0.0,0.0,1.0,0.0,5.06
STU-12152,0.26151098792370814,0.8077933659243153,1.1368276570564368,0.024795226793840854,1.0544635222301855,0.42275321584673536,0.7195182967787372,0.0,0.0,1.0,0.0,0.0,5.4
STU-11126,0.26151098792370814,-0.5294223095799331,-0.7684267606964876,0.7332986030598049,0.5856530162123615,0.7833545961483617,-0.592140062516561,1.0,0.0,0.0,1.0,0.0,4.38
STU-13920,1.7749252307944559,1.4460099383240699,1.2411442729044795,1.3028797486853843,1.0544635222301855,-0.2082991996811098,0.5154825519994688,0.0,1.0,0.0,0.0,0.0,4.97
STU-10768,-0.17089308146793408,0.25906218595098107,0.3426436099869075,1.789107555926732,1.0544635222301855,0.4063622440148436,0.8040473910444345,1.0,0.0,0.0,0.0,1.0,5.34
STU-10061,0.26151098792370814,6.90546141200721,-0.660173668778707,0.27485524194653377,-1.1136953264280502,2.807639617387035,-0.21904612920589836,0.0,0.0,0.0,0.0,0.0,4.48
STU-10193,-0.3870951161637552,-0.24914730688586106,0.34854832409151393,0.3721008033948038,1.0544635222301855,-1.3064943124178798,-0.05581753338248358,0.0,0.0,0.0,0.0,0.0,3.82
STU-11173,0.04530895322788702,1.3126260514997825,0.9291785443777866,0.46934636484307257,0.3185817937948571,0.43914418767862784,-0.8428125489596625,1.0,0.0,1.0,0.0,0.0,5.32
STU-13154,0.6939150573153504,-0.5868280330232976,-0.05690871109144361,0.3721008033948038,1.0544635222301855,-2.437471368818434,-0.6067140442865088,0.0,0.0,0.0,1.0,0.0,4.91
STU-10650,0.04530895322788702,0.048011732115083285,0.9478768057090392,0.2470707958184561,1.0544635222301855,-2.3882984533227583,-0.8632161234375892,0.0,0.0,0.0,0.0,1.0,4.31
STU-12216,-0.6032971508595764,0.5511560140598634,-0.32655732186845826,0.09425634211403319,1.0544635222301855,-1.8801783265341032,0.23857689837046134,0.0,0.0,0.0,0.0,0.0,4.36
STU-10674,-0.17089308146793408,-0.7117699016941488,-0.9711552782879664,-1.461672641058281,-0.46683733879855643,0.5456855045859264,-0.612543636994488,0.0,1.0,0.0,0.0,0.0,3.38
STU-12235,-0.6032971508595764,-0.000951973174845158,-1.9995596515068734,0.7471908261238431,0.5820633492443845,1.4307979835080993,2.139024121171649,1.0,0.0,0.0,0.0,1.0,4.76
STU-10610,0.47771302261952925,0.01762046676271375,0.22848580396452048,1.789107555926732,0.11109904304577431,-0.241081143344894,2.290593531579106,1.0,0.0,0.0,1.0,0.0,5.05
STU-10835,-0.8194991855553975,-0.1917415834424966,0.7599100733790765,-0.5447859188317385,0.395400666909569,0.2670389834437609,-0.22196092555988786,0.0,0.0,0.0,0.0,0.0,3.97
STU-10986,-0.8194991855553975,0.3181563130250324,0.23734287512143007,-1.1838281797775103,1.0544635222301855,-0.3148405165884083,0.9177244488500267,0.0,0.0,0.0,0.0,0.0,4.26
STU-10304,0.47771302261952925,-0.8552842103025593,-1.2535974362916273,0.7749752722519196,-0.71524229298258,-2.019501587105186,-1.4986417286073115,0.0,0.0,0.0,0.0,1.0,3.4
STU-14921,-1.0357012202512186,-1.0021753261723443,-1.0124882770202097,0.024795226793840854,-1.208462534382648,-1.5605543758122076,-0.05290273702849384,0.0,0.0,0.0,1.0,0.0,3.09
STU-11306,1.3425211614028136,-0.4669513752445074,-0.0017980461151191256,-0.6559237033440468,-0.15238251240375308,0.07854280737700152,1.0867826373814207,1.0,0.0,0.0,0.0,0.0,4.34
STU-14559,0.47771302261952925,-0.05835769661820933,-0.49484167384973493,-0.15580367303866097,-1.3391264120170192,-0.4787502349073294,1.5648092394357074,0.0,1.0,0.0,0.0,0.0,3.12
STU-11401,0.26151098792370814,1.2535319244257315,1.500951693507151,0.3304241342026879,1.0544635222301855,-0.6426599532262504,3.3894717570331667,0.0,0.0,1.0,0.0,0.0,5.28
STU-11050,0.04530895322788702,-1.0207477661099031,0.37708777559710965,0.12204078824210964,0.8275965698540259,0.4063622440148436,0.002478393697307503,0.0,0.0,0.0,0.0,1.0,4.71
STU-14639,-0.17089308146793408,0.11217107008119605,0.5227373901773956,-1.017121503009048,0.3386839288155296,-0.7410057842176031,-0.7407946765700282,0.0,0.0,0.0,0.0,1.0,4.39
STU-14331,-1.0357012202512186,-0.42474128447732784,-1.1374713922343733,-0.6837081494721244,-0.18325364832835658,-0.09356239685786541,-0.9856375703051504,0.0,0.0,0.0,0.0,1.0,3.67
STU-13152,-0.17089308146793408,-1.1440012311500676,-0.7989344502369531,-1.308858187353858,-0.8861104406582949,-0.0525849672781346,-0.16657979483408653,0.0,0.0,0.0,0.0,1.0,2.93
STU-12695,0.9101170920111715,-0.4483789353069485,-2.0664797446924106,-2.378559363284823,-0.48765740721282475,0.11132475104078572,0.08409269160901502,0.0,0.0,1.0,0.0,0.0,2.74
STU-13179,0.04530895322788702,-0.7945016795978208,-0.32163672678128674,0.9416819490203819,-0.4108385340981119,-1.290103340585988,-0.4930369864809163,0.0,1.0,0.0,0.0,0.0,3.32
STU-13888,0.26151098792370814,0.8280542094925617,1.500951693507151,-0.6003548110878927,1.0544635222301855,0.7423771665686316,-0.5833956734545923,0.0,0.0,0.0,1.0,0.0,4.48
STU-14448,-0.8194991855553975,0.7622064678957614,1.1702877036492054,0.06647189598595551,1.0544635222301855,0.8735049412237684,0.5329713301234057,0.0,0.0,1.0,0.0,0.0,4.83
STU-13701,-0.3870951161637552,-0.27447336134616857,0.4971502957241017,0.385993026458842,-0.03033383549252772,-0.3476224602521925,-0.19281296201999243,0.0,0.0,0.0,0.0,1.0,4.32
STU-12173,1.7749252307944559,0.6254457738100996,-0.7349667141037189,1.3167719717494226,-0.374223931024745,-1.6998776363832904,-1.5015565249613012,0.0,0.0,1.0,0.0,0.0,4.6
STU-10813,0.6939150573153504,-0.048227274834086155,-1.3087081012679518,-1.058798172201164,-1.5710188981483466,-1.0360432771916601,-0.6562655823043311,0.0,0.0,0.0,0.0,1.0,3.12
STU-13769,-0.3870951161637552,1.1201480376014437,-0.8284580207599836,0.5110230340351885,1.0544635222301855,-0.6426599532262504,-0.8661309197915789,1.0,0.0,0.0,0.0,1.0,4.38
STU-10374,0.6939150573153504,-1.176080900133124,0.7963224770241483,-0.9893370568809715,-0.6800635566964027,-3.281606418160877,-0.2277905182678671,0.0,0.0,0.0,0.0,0.0,3.48
STU-14596,0.26151098792370814,0.6001197193497918,0.029693762442779784,1.1778497411090367,1.0544635222301855,0.4473396735945737,0.1482182113967851,1.0,0.0,0.0,0.0,1.0,4.92
STU-10951,0.26151098792370814,-0.31499504848266097,0.06659822559656975,1.789107555926732,0.20155865063880038,1.0865875750383656,-0.8777901052075371,1.0,0.0,0.0,0.0,1.0,5.41
STU-14857,0.26151098792370814,-0.07017652203301965,-1.0370912524560687,0.09425634211403319,0.35017086311305645,0.9718507722151204,-0.6300324151184252,0.0,0.0,1.0,0.0,0.0,3.96
STU-13770,0.26151098792370814,1.0391046633284595,1.4586345757574728,1.0111430643405754,1.0544635222301855,-1.208148481426527,0.43095345773377153,0.0,0.0,0.0,1.0,0.0,5.56
STU-10091,-1.0357012202512186,0.4599822180027557,1.0787646350278093,0.1081485651780714,1.0544635222301855,-0.48694572082327525,-0.6999875276141744,0.0,0.0,0.0,0.0,0.0,4.25
STU-14673,-0.3870951161637552,0.43803297080382214,1.500951693507151,0.7471908261238431,0.4600146723331592,-1.0524342490235528,1.4336434035061771,0.0,0.0,0.0,0.0,1.0,5.79
STU-11228,0.26151098792370814,-0.13433585999913242,-0.3610014874786618,-0.43364813431943033,1.0544635222301855,0.8243320257280918,-1.1605253515445235,0.0,0.0,1.0,0.0,0.0,4.52
STU-14548,-0.17089308146793408,-1.711304851060961,-1.8145452762292138,-1.9479004482996296,-1.6313253032103636,-1.7408550659630204,0.031626357237203175,0.0,1.0,0.0,0.0,0.0,1.96
STU-14132,-0.3870951161637552,-0.048227274834086155,-0.5450317437388879,-0.8226303801125091,-0.8358551031066138,0.25064801161186845,-0.1724093875420655,0.0,0.0,0.0,1.0,0.0,3.93
STU-11320,0.26151098792370814,-1.295957557911914,-1.081376608240614,0.7194063799957667,-1.474097890012962,0.09493377920889398,1.2412668441428671,1.0,1.0,0.0,0.0,0.0,3.52
STU-14109,-1.2519032549470397,-0.3200602593747227,1.0246380890689195,0.09425634211403319,0.44996360482282294,0.7013997369889016,-0.24819409274579404,0.0,0.0,0.0,0.0,1.0,4.53
STU-14777,0.6939150573153504,0.5528444176905505,-0.3550967733740554,-0.10023478078250683,1.0544635222301855,0.14410669470456994,-1.1401217770665968,0.0,0.0,0.0,1.0,0.0,4.5
STU-10238,-0.17089308146793408,-0.016147605851029773,-1.7387681118867684,-0.0029892193342368227,-1.8208597191195603,-1.888373812450049,-0.16657979483408653,1.0,0.0,1.0,0.0,0.0,3.66
STU-12230,0.6939150573153504,0.8263658058618742,-0.1779553502358705,0.5526997032273043,0.5741660819148348,-0.5852915518146279,-0.28900124170164765,0.0,0.0,0.0,0.0,0.0,3.46
STU-10090,0.04530895322788702,0.4819314652016889,1.0718758019057693,0.9833586182124978,0.9733370487539007,-0.11814885460570303,-0.554247709914697,0.0,0.0,1.0,0.0,0.0,4.56
STU-10800,-0.8194991855553975,-0.048227274834086155,0.6191810538859635,0.26096301888249557,-0.13012657720229423,0.7587681384005234,-0.9506600140572758,0.0,0.0,1.0,0.0,0.0,4.06
STU-13505,0.04530895322788702,0.4988155015085609,0.27572351680137025,0.9416819490203819,1.0544635222301855,1.0538056313745805,-1.6735295098466847,0.0,0.0,0.0,1.0,0.0,5.21
STU-13232,-0.3870951161637552,2.4877549784580615,0.9222897112557467,0.024795226793840854,1.0544635222301855,0.8571139693918767,-0.8748753088535475,0.0,0.0,0.0,1.0,0.0,5.69
STU-12208,-0.3870951161637552,-0.4298064953693893,-1.4681353820923189,0.8583286106361514,-0.5903218824969724,1.455384441255937,1.9553919508703073,0.0,0.0,1.0,0.0,0.0,3.4
STU-14456,0.47771302261952925,0.43803297080382214,-0.023448664498674974,0.024795226793840854,0.9697473817859227,-1.7162686082151821,1.279159196744731,0.0,0.0,0.0,1.0,0.0,4.34
STU-11210,0.6939150573153504,0.4143953199742018,1.500951693507151,1.080604179660768,1.0544635222301855,0.9800462581310663,-1.236310056748252,0.0,0.0,1.0,0.0,0.0,4.22
STU-14816,-1.2519032549470397,0.5241415559688685,1.4241904101472707,0.39988524952288024,1.0544635222301855,0.521099046838088,-0.7349650838620491,1.0,0.0,1.0,0.0,0.0,5.09
STU-12136,9.990602549235659,0.5207647487074941,0.9911780424761509,0.05257967292191729,1.0544635222301855,0.19327961020024662,0.17153658222870152,0.0,0.0,0.0,1.0,0.0,5.31
STU-12362,-0.8194991855553975,-1.8109206652715046,-0.809759759428731,0.23317857275441786,-1.4863027577040846,1.0292191736267429,1.0372310993635983,0.0,0.0,0.0,0.0,0.0,2.66
STU-10361,0.04530895322788702,-0.24239369236311217,-2.323334808242779,-0.905983718496741,0.642369754306402,1.4389934694240452,2.156512899295586,0.0,1.0,0.0,0.0,0.0,3.92
STU-11167,1.3425211614028136,-0.08706055833989142,-1.0843289652929171,0.3721008033948038,0.3781702654632787,-2.601381087137355,-0.5746512843926236,0.0,0.0,0.0,0.0,1.0,4.18
STU-14998,0.6939150573153504,-1.5188268371626221,-1.6679115426314943,-0.7392770417282786,-2.329874495178729,0.2670389834437609,-0.16657979483408653,0.0,0.0,1.0,0.0,0.0,2.51
STU-12885,-0.3870951161637552,-0.048227274834086155,0.26981880269676384,0.691621933867689,-1.8395259873530423,0.2916254411915993,0.7953030019824655,1.0,0.0,0.0,0.0,1.0,3.73
STU-12644,-1.0357012202512186,0.37218522920702224,0.1389309733779939,-0.7253848186642391,0.9338507121061506,-2.0358925589370784,-0.9681487921812132,1.0,0.0,0.0,0.0,0.0,4.36
STU-11883,-0.6032971508595764,0.22698251696792437,0.3180406345510485,-1.114367064457318,1.0544635222301855,1.7995948497256709,-1.0643370718628684,0.0,0.0,0.0,0.0,1.0,4.54
STU-14152,-1.2519032549470397,2.8001096501351905,1.500951693507151,0.8166519414440355,1.0544635222301855,-1.3884491715773406,-0.16657979483408653,1.0,0.0,1.0,0.0,0.0,5.64
STU-12097,0.26151098792370814,0.18139561893937053,-0.664110144848445,-0.961552610752895,0.33006872809238397,0.2752344693597068,1.4278138107981981,1.0,0.0,1.0,0.0,0.0,4.12
STU-12365,-1.0357012202512186,-0.5547483640402409,-1.8942589166413974,0.16371745743422553,-0.6642690220373031,-1.4376220870730165,0.23857689837046134,0.0,0.0,0.0,1.0,0.0,3.18
STU-12946,-0.3870951161637552,0.6811630936227766,0.5926098404152347,-0.4058636881913539,1.0544635222301855,0.48012161725835795,1.462791367046073,0.0,0.0,0.0,1.0,0.0,4.73
STU-11344,1.1263191267069925,0.610250141133915,-1.255565674326497,-2.350774917156747,-0.056897371055559406,1.0046327158789052,-0.35021196513542824,0.0,0.0,0.0,0.0,0.0,3.53
STU-13428,0.26151098792370814,0.4566054107413814,-0.7192208098247695,-0.864307049304625,1.0544635222301855,-1.2409304250903113,1.191715306125045,0.0,0.0,0.0,0.0,1.0,4.63
STU-12708,-1.0357012202512186,0.1324319136494424,0.3741354185448064,0.3443163572667261,0.7881102332062768,-2.4784487983981642,-0.08788029327636848,1.0,1.0,0.0,0.0,0.0,5.42
STU-11133,-0.6032971508595764,-0.5159150805344356,-0.9731235163228347,-1.656163763954821,-0.6255006187831498,-0.12634434052164964,-0.8894492906234953,0.0,0.0,1.0,0.0,0.0,2.93
STU-11371,-0.8194991855553975,0.3789388437297708,-0.8737274955619637,-0.35029479593519974,-0.03320556906690994,-0.37220891800003086,-0.2860864453476582,0.0,0.0,0.0,0.0,1.0,3.79
STU-11369,-0.17089308146793408,-0.41292245906251757,0.8051795481810579,0.8722208337001897,-0.8200605684475142,0.7423771665686316,-0.1578354057721178,0.0,0.0,0.0,0.0,0.0,4.75
STU-11769,-1.2519032549470397,-0.2660313431927328,-1.7564822542005862,-0.9893370568809715,0.5145776102464131,-1.5851408335600452,3.013463027368515,0.0,0.0,0.0,0.0,0.0,4.64
STU-10711,-1.2519032549470397,0.28776504767266314,1.3129849611771882,0.9555741720844214,1.0544635222301855,0.9718507722151204,-0.28900124170164765,1.0,0.0,0.0,1.0,0.0,4.61
STU-12022,-0.17089308146793408,-1.008928940695093,0.06659822559656975,1.441801979325769,0.16925164792700528,-2.2161932490878913,-1.2508840385181996,1.0,0.0,1.0,0.0,0.0,4.15
STU-12717,1.3425211614028136,-0.7674872215068259,0.14483568748260028,-0.44754035738346976,1.0544635222301855,2.5945569835724376,0.9381280233279535,0.0,0.0,0.0,0.0,1.0,4.03
STU-11889,-0.3870951161637552,-1.3432328595711551,-1.7761646345492736,-1.5311337563784733,-0.32827619383463663,0.48012161725835795,0.3056172145122209,1.0,0.0,0.0,0.0,0.0,3.03
STU-10485,-0.3870951161637552,0.566351646736048,-0.5115716971461193,-0.4892170265755844,-0.0899223071609493,0.10312926512483986,-1.1430365734205863,1.0,1.0,0.0,0.0,0.0,3.95
STU-10080,-1.2519032549470397,-0.7472263779385797,1.500951693507151,-1.3922115257380885,-0.4855036070320383,1.5291438144994511,0.2939580290962627,0.0,0.0,0.0,1.0,0.0,3.9
STU-10576,-0.17089308146793408,0.7284383952820174,0.04445554770429577,0.9416819490203819,0.41047726817507385,0.8325275116440376,-0.5863104698085818,1.0,1.0,0.0,0.0,0.0,5.6
STU-12984,0.04530895322788702,0.45154019984931965,-0.014591593341766781,-0.08634255771846738,0.3767343986760881,-1.1343891081830129,-0.624202822410446,0.0,1.0,0.0,0.0,0.0,4.53
STU-12888,-1.2519032549470397,-0.6982626726486513,0.06659822559656975,-1.9895771174917445,0.12043217716251473,0.31621189893943685,1.6930602790112474,0.0,1.0,0.0,0.0,0.0,3.61
STU-14187,-0.17089308146793408,-0.8265813485808772,-0.25471663359575086,-0.2947259036790456,-0.2887898571868865,-0.4951412067392211,-0.6504359895963522,0.0,0.0,1.0,0.0,0.0,3.71
STU-12608,-1.2519032549470397,0.4802430615710017,-0.6690307399356166,1.038927510468652,0.2841209909022756,-2.232584220919783,-0.21613133285190889,0.0,0.0,0.0,0.0,1.0,5.24
STU-14873,-0.8194991855553975,-1.9020944613286124,-2.0064484846289146,-1.419995971866165,-2.961655881542718,-0.3967953757478692,0.14238861868880612,0.0,0.0,0.0,1.0,0.0,1.0
STU-13007,1.7749252307944559,-1.5188268371626221,-1.202423247385041,1.0667119565967296,-1.5157380268414975,0.02117440596537969,0.4892493848135629,1.0,1.0,0.0,0.0,0.0,3.65
STU-13681,-1.2519032549470397,-0.5378643277333691,0.17239101997076253,0.788867495315959,0.10248384232262868,0.1686931524524083,-0.682498749490237,0.0,0.0,0.0,1.0,0.0,4.73
STU-13735,-0.17089308146793408,0.38906926551389404,0.06659822559656975,-1.1004748413932797,1.0077978516464812,-0.6754418968900346,-0.21321653649791938,1.0,1.0,0.0,0.0,0.0,4.64
STU-10379,0.26151098792370814,-0.048227274834086155,-0.061829306178615144,-1.253289295097704,-0.20694545031700606,2.192978173691081,-0.5600773026226759,0.0,0.0,1.0,0.0,0.0,4.31
STU-10542,0.47771302261952925,0.42959095265038644,0.443023749765212,0.8166519414440355,-1.001697717027161,1.7258354764821564,-0.4638890229410207,0.0,0.0,0.0,1.0,0.0,3.58
STU-12543,1.1263191267069925,0.471801043417566,0.7599100733790765,-0.5447859188317385,-0.4137102676724941,-0.6180734954784121,0.6757963514688938,0.0,0.0,0.0,0.0,1.0,4.25
STU-14463,0.6939150573153504,1.0475466814818948,1.500951693507151,1.3723408640055768,1.0544635222301855,0.12771572287267818,1.500683719647937,0.0,0.0,0.0,1.0,0.0,5.64
STU-11165,0.6939150573153504,-0.25590092140860965,0.25210466038294604,0.17760968049826376,0.1735592482885781,-0.0607804531940812,-0.5659068953306551,0.0,0.0,0.0,0.0,1.0,4.62
STU-13223,-0.6032971508595764,-0.43824851352282534,-0.06970225831808986,0.41377747258691844,0.7586749640688629,-0.20010371376516392,0.7894734092744865,0.0,1.0,0.0,0.0,0.0,4.42
STU-14490,-1.2519032549470397,-1.0477622242008982,-0.2842402041187814,0.024795226793840854,-1.0512351211852464,1.1029785468702573,-0.19281296201999243,1.0,0.0,0.0,1.0,0.0,4.24
STU-12514,0.47771302261952925,0.02268567765477549,0.5335626993691734,1.789107555926732,0.22740425280823626,0.5948584200816031,-0.428911466693146,1.0,0.0,0.0,1.0,0.0,5.33
STU-14098,0.6939150573153504,-0.7489147815692668,-3.057487595248813,-2.1562837942602067,-1.865371589522478,1.1193695187021488,-0.017925180780619443,0.0,0.0,0.0,1.0,0.0,2.5
STU-14347,0.04530895322788702,-0.4838354115513792,-0.8353468538820235,-1.3366426334819344,-1.3096911428796063,1.791399363809725,-0.02666956984258791,0.0,0.0,0.0,1.0,0.0,2.79
STU-13637,-1.0357012202512186,-0.9076247228538621,0.9852733283715459,0.46934636484307257,-0.1595618463397071,0.02117440596537969,0.5737784790792596,0.0,0.0,0.0,1.0,0.0,3.97
STU-10028,-0.6032971508595764,0.11385947371188318,-0.4210327475421578,0.3443163572667261,0.1735592482885781,0.3817757862670053,-0.2860864453476582,0.0,0.0,0.0,1.0,0.0,3.11
STU-10110,-0.17089308146793408,0.8753295111518024,1.299207294933107,0.5665919262913426,1.0544635222301855,-0.3066450306724624,-0.10828386775429542,1.0,0.0,0.0,0.0,0.0,6.07
STU-14973,-1.2519032549470397,0.3181563130250324,0.5020708908112732,0.7749752722519196,-0.3971977996197986,-0.5197276644870594,0.798217798336455,1.0,1.0,0.0,0.0,0.0,4.71
STU-12106,-0.3870951161637552,-0.1157634200615735,-0.7969662122020833,0.024795226793840854,-0.7798562984061692,-2.1588248476762684,-0.2977456307636164,0.0,0.0,0.0,0.0,1.0,3.92
STU-10765,0.9101170920111715,-0.7387843597851438,0.9675591860577267,0.024795226793840854,0.9187741108406468,-1.0196523053597686,-0.03541395890455664,1.0,0.0,0.0,1.0,0.0,3.39
STU-11618,1.1263191267069925,-0.9532116208824158,-0.027385140568413038,-0.44754035738346976,-0.015257234227023884,0.6030539059975489,-0.8107497890657774,0.0,0.0,0.0,0.0,0.0,4.16
STU-11487,-0.6032971508595764,1.1640465319993107,1.500951693507151,-0.2808336806150074,0.6840098911349375,-1.511381460316531,-0.5163553573128328,0.0,0.0,0.0,1.0,0.0,4.25
STU-11108,-0.6032971508595764,-1.650522320356222,0.06659822559656975,-1.7117326562109738,-1.8079369180348424,-1.380253685661394,1.2762444003907416,0.0,0.0,0.0,0.0,1.0,1.59
STU-13285,1.1263191267069925,1.400423040295516,1.500951693507151,0.09425634211403319,1.0544635222301855,-0.08536691094191881,-0.9710635885352027,0.0,0.0,1.0,0.0,0.0,5.28
STU-14285,-0.6032971508595764,0.17464200441662195,-0.37674739175761124,-0.1419114499746215,0.841955237725935,-0.9376974462003076,-0.8661309197915789,1.0,0.0,1.0,0.0,0.0,4.52
STU-12144,0.9101170920111715,2.136567023275128,-0.03328985467301943,1.789107555926732,1.0544635222301855,1.2177153496935023,-0.16657979483408653,1.0,0.0,0.0,0.0,1.0,5.75
STU-10097,-0.6032971508595764,-0.14953149267531704,-0.027385140568413038,-0.558678141895778,-0.40437713355575267,-1.511381460316531,-0.05873232973647307,0.0,1.0,0.0,0.0,0.0,3.26
STU-11024,0.9101170920111715,0.7892209259867564,-0.4613816272569663,0.5526997032273043,1.0544635222301855,-0.0034120517824586514,-0.11994305317025365,0.0,0.0,0.0,0.0,0.0,5.01
STU-14494,-1.2519032549470397,0.04463492485370869,1.500951693507151,-0.5308936957677003,0.7155989604531368,-0.8229606433770632,0.43386825408776125,1.0,1.0,0.0,0.0,0.0,4.27
STU-14571,0.6939150573153504,0.6321993883328485,0.553245079717861,1.789107555926732,1.0544635222301855,-2.822659206867898,-0.8078349927117878,1.0,0.0,0.0,0.0,1.0,5.04
STU-12657,-1.0357012202512186,-0.000951973174845158,-1.0469324426304119,-0.2252647883588533,-1.3333829448682557,0.13591120878862406,0.8506841327082668,0.0,0.0,1.0,0.0,0.0,2.32
STU-11461,0.26151098792370814,0.05476534663783187,-0.7005225484935169,0.9416819490203819,1.0544635222301855,-0.790178699713279,1.0197423212396608,1.0,1.0,0.0,0.0,0.0,4.92
STU-13365,-1.0357012202512186,-0.2761617649768557,-0.4495721990477535,-0.8920914954327015,0.7163168938467326,0.6604223074091707,1.267500011328773,1.0,0.0,0.0,0.0,1.0,3.56
STU-14685,0.9101170920111715,-0.8299581558422516,-1.0931860364498267,0.010903003729801398,-0.05115390390679599,-0.23288565742894812,-0.9972967557211087,0.0,0.0,0.0,1.0,0.0,4.13
STU-11755,0.04530895322788702,-0.2187560415334915,-0.36789032060070165,0.31653191113864965,0.409759334781478,-1.3556672279135564,0.34933915982206426,1.0,1.0,0.0,0.0,0.0,4.02
STU-12221,-0.3870951161637552,0.00917844860927802,0.7677830255185512,-1.058798172201164,0.19796898367082236,0.14410669470456994,-1.2421396494562311,0.0,0.0,1.0,0.0,0.0,4.53
STU-14307,0.04530895322788702,-0.9785376753427237,-1.4494371207610661,-1.5311337563784733,-0.9514423794754799,1.0292191736267429,-0.4085078922152193,1.0,0.0,0.0,0.0,1.0,3.25
STU-14447,0.04530895322788702,0.9749453253623461,0.5916257213978012,0.06647189598595551,0.28842859126384846,-0.08536691094191881,-0.16657979483408653,1.0,0.0,1.0,0.0,0.0,5.59
STU-11435,0.04530895322788702,-1.1710156892410624,0.3544530381961189,-0.2252647883588533,-0.9614934469858162,1.7176399905662105,-1.0963998317567536,0.0,1.0,0.0,0.0,0.0,4.11
STU-11574,0.6939150573153504,0.44816339258794535,1.0876217061847189,-0.5725703649598162,1.0544635222301855,0.02117440596537969,0.6787111478228833,0.0,0.0,0.0,1.0,0.0,4.53
STU-10300,-0.3870951161637552,-0.4112340554318304,-0.8501086391435395,0.3721008033948038,-1.0885676576522092,-0.5607050940667895,-0.344382372427449,1.0,0.0,1.0,0.0,0.0,4.59
STU-13557,-1.0357012202512186,1.0205322233909,0.9980668755981922,0.385993026458842,1.0544635222301855,0.20967058203213837,-0.9244268468713699,0.0,0.0,0.0,0.0,0.0,5.47
STU-12475,-0.3870951161637552,-0.34707471746571733,-1.8647353461183667,-1.7534093254030896,0.3738626651017059,-0.29025405884057,-1.1342921843586176,0.0,0.0,1.0,0.0,0.0,3.45
STU-10553,1.1263191267069925,0.09697543740501142,1.2657472483403385,0.3026396880746102,0.45427120518439573,0.31621189893943685,-0.37935992867532364,0.0,0.0,0.0,0.0,1.0,3.95
STU-10333,-0.8194991855553975,0.6203805629180379,0.4440078687826469,0.27485524194653377,0.009870434548817204,-1.1835620236786895,0.28521364003429395,1.0,0.0,0.0,0.0,1.0,4.26
STU-12438,0.26151098792370814,0.19152604072349372,0.10743916482009498,1.5668319869021154,-0.10428097503285835,-0.9049155025365234,-0.871960512499558,1.0,0.0,0.0,0.0,1.0,4.46
STU-12775,-1.0357012202512186,0.5984313157191047,0.6368951961997812,0.385993026458842,0.7866743664190852,0.20967058203213837,-1.1459513697745758,0.0,0.0,1.0,0.0,0.0,4.77
STU-14259,-1.2519032549470397,0.29451866219541173,0.8445443088784315,0.46934636484307257,-2.3191054942747975,-1.6589002068035594,-0.513440560958843,0.0,0.0,0.0,0.0,0.0,3.39
STU-13673,-0.6032971508595764,-0.3926616154942715,0.06659822559656975,1.789107555926732,-0.3490962622489039,-1.9375467279457257,-0.8020054000038087,0.0,0.0,0.0,1.0,0.0,4.84
STU-12892,0.04530895322788702,-0.34032110294296875,-0.41808039048985457,1.386233087069615,0.1735592482885781,-0.019803023614350393,-0.2715124635777102,0.0,0.0,0.0,1.0,0.0,4.41
STU-11972,-1.2519032549470397,-0.917755144637985,-2.599872252141835,-0.6837081494721244,-2.970271082265864,-1.4540130589049083,-0.11411346046227441,0.0,0.0,0.0,0.0,1.0,1.59
STU-10504,1.3425211614028136,0.7301267989127048,0.5463562465958197,0.4554541417790343,-1.335536745049042,1.0128282017948511,-0.16657979483408653,1.0,0.0,0.0,1.0,0.0,4.45
STU-14195,-0.6032971508595764,0.8871483365666126,0.14581980650003515,1.6501853252863472,0.8756981072249207,0.5374900186699805,0.10158146973295222,0.0,0.0,0.0,0.0,0.0,4.79
STU-11591,-0.17089308146793408,-0.6307265274211642,0.09070914152371067,-0.3780792420632762,-0.26150838823026,-0.3148405165884083,-1.2508840385181996,0.0,0.0,0.0,1.0,0.0,3.12
STU-12485,-1.2519032549470397,0.44478658532657106,1.1427323711610433,1.0667119565967296,1.0544635222301855,-0.3148405165884083,-1.3033503728900115,0.0,0.0,1.0,0.0,0.0,5.55
STU-10931,0.26151098792370814,-0.8012552941205696,-0.5410952676691498,0.3721008033948038,0.5454487461710166,-0.02799850953029699,-0.9419156249953071,0.0,0.0,0.0,1.0,0.0,4.19
STU-10261,1.5587231960986347,0.10035224466638572,0.06659822559656975,-0.6976003725361627,-0.66785868900528,-0.839351615208955,0.04328554265316113,1.0,0.0,0.0,0.0,0.0,2.99
STU-10818,-1.2519032549470397,-0.703327883540713,1.500951693507151,0.41377747258691844,0.05653610513252033,0.012978920049433091,-0.6883283421982163,0.0,0.0,0.0,0.0,1.0,4.54
STU-14803,0.04530895322788702,-1.6302614767879762,-2.8705049819362847,-2.698080493757709,-0.4122744008853035,1.0783920891224197,-0.8486421416676415,0.0,0.0,0.0,1.0,0.0,2.3
STU-14366,-0.17089308146793408,0.6760978827307149,0.5089597239333145,1.789107555926732,1.0544635222301855,-0.21649468559705567,-0.9127676614554117,1.0,0.0,0.0,0.0,1.0,4.91
STU-12320,0.26151098792370814,0.416083723604889,0.07496323724476121,-0.364187018999238,1.0544635222301855,1.1849334060297174,0.9847647649917864,0.0,0.0,1.0,0.0,0.0,4.48
STU-14623,-0.6032971508595764,-0.43656010989213817,-0.12874939936415242,-0.8365226031765474,0.4248359360469829,0.5374900186699805,-0.5309293390827805,0.0,0.0,0.0,1.0,0.0,3.39
STU-13976,-1.2519032549470397,1.2974304188235979,-1.0164247530899464,0.9555741720844214,1.0544635222301855,2.578166011740546,0.6932851295928313,1.0,1.0,0.0,0.0,0.0,5.13
STU-11328,-0.8194991855553975,0.43803297080382214,-0.6306500982556764,-0.7253848186642391,-0.1581259795525165,0.5374900186699805,-0.1578354057721178,1.0,0.0,0.0,1.0,0.0,4.78
STU-11695,-1.2519032549470397,0.7486992388502637,0.7274341458037427,0.9277897259563437,1.0544635222301855,-0.790178699713279,1.2529260295588251,0.0,0.0,0.0,0.0,1.0,5.41
STU-11736,0.47771302261952925,0.8432498421687463,0.06659822559656975,0.6777297108036509,1.0544635222301855,-0.9295019602843617,-0.8078349927117878,0.0,0.0,0.0,0.0,0.0,5.65
STU-13042,-0.3870951161637552,0.7402572206968276,0.6309904820951748,1.2750953025573066,1.0544635222301855,2.1438052581954046,2.3955262003227293,0.0,0.0,0.0,1.0,0.0,4.99
STU-12936,-0.8194991855553975,-1.0916607185987648,-0.5164922922332907,-0.808738157048471,-2.05562393882527,0.004783434133487219,0.5912672572031971,0.0,0.0,1.0,0.0,0.0,2.43
STU-11032,-0.8194991855553975,-0.09381417286264,1.500951693507151,0.5388074801632649,-0.20335578334902904,-0.7492012701335489,0.21234373118455516,0.0,1.0,0.0,0.0,0.0,5.02
STU-12427,-0.8194991855553975,-0.42811809173870213,-1.26540686450084,0.6777297108036509,-0.049718037119604375,1.9307226243808076,-0.21321653649791938,0.0,0.0,1.0,0.0,0.0,3.54
STU-10899,-1.0357012202512186,-0.25927772866998394,1.500951693507151,-0.16969589610269917,-0.5924756826777589,0.7177907088207933,0.19485495306061795,0.0,0.0,0.0,0.0,1.0,3.87
STU-12998,-1.0357012202512186,1.815770333444563,1.1978430361373678,-0.19748034223077562,1.0544635222301855,-0.6918328687219264,-0.13160223858621187,0.0,0.0,0.0,0.0,1.0,5.62
STU-10784,-0.8194991855553975,-0.6611177927735334,-1.0951542744846952,0.5249152570992267,-0.8171888348731319,1.783203877893779,-0.44640024481708346,0.0,0.0,0.0,1.0,0.0,4.01
STU-12219,0.04530895322788702,-0.8552842103025593,0.2973741351849261,0.09425634211403319,1.0121054520080541,1.0701966032064738,-0.012095588072640204,0.0,0.0,1.0,0.0,0.0,4.21
STU-13987,0.9101170920111715,-0.7674872215068259,0.8976867358198877,1.080604179660768,0.9769267157218777,0.8898959130556602,-0.2715124635777102,0.0,0.0,0.0,1.0,0.0,4.78
STU-10268,1.1263191267069925,0.1661999862631859,-0.04411516386479736,0.9694663951484597,0.1735592482885781,-0.29025405884057,-0.16657979483408653,1.0,0.0,0.0,0.0,1.0,4.58
STU-10107,0.6939150573153504,-0.2694081504541071,-0.7733473557836591,-0.2669414575509692,-0.6362696196870807,-0.15912628418543384,-0.7757722328179028,0.0,0.0,0.0,0.0,1.0,3.63
STU-12278,-1.2519032549470397,-0.7945016795978208,1.236223677817308,-1.114367064457318,0.23171185316980908,0.32440738485538345,1.658082722763373,1.0,0.0,0.0,0.0,1.0,4.32
STU-10425,-1.0357012202512186,-0.29135739765304064,-0.4899210787625634,0.6777297108036509,0.4707836732370912,-0.8311561292930091,1.4511321816301146,0.0,0.0,0.0,0.0,0.0,4.51
STU-14261,0.9101170920111715,-1.01061734432578,0.7028311703678837,0.16371745743422553,0.8548780388106524,-1.3474717419976099,0.9031504670800792,0.0,0.0,0.0,1.0,0.0,3.83
STU-14942,-0.8194991855553975,-0.26265453593135824,-0.18189182630560718,-0.05855811159039094,-1.2041549340210753,-1.2491259110062571,0.2618952692023775,1.0,1.0,0.0,0.0,0.0,3.0
STU-13423,0.26151098792370814,0.09528703377432428,-1.100074869571868,0.8305441645080737,0.42124626907900586,-0.3967953757478692,1.3753474764263864,0.0,0.0,1.0,0.0,0.0,3.96
STU-13465,-0.8194991855553975,0.1358087209108167,-0.06379754421348487,-0.35029479593519974,1.0544635222301855,-0.24927662926083988,2.7336425773855173,1.0,0.0,1.0,0.0,0.0,4.22
STU-12487,-0.17089308146793408,0.053076943007144724,0.860290213157381,-0.43364813431943033,0.4614505391203498,-1.0688252208554445,0.6408187952210195,0.0,0.0,0.0,0.0,1.0,4.46
STU-14253,0.6939150573153504,1.6114734941314137,1.3740003402581178,0.024795226793840854,1.0544635222301855,-0.43777280532759927,-0.8836196979155162,0.0,0.0,1.0,0.0,0.0,5.57
STU-14279,0.47771302261952925,-0.546306345886805,1.2519695820962573,0.024795226793840854,0.7629825644304357,-1.3228852842497723,-0.47846300471096836,0.0,0.0,0.0,0.0,0.0,3.62
STU-13093,-0.6032971508595764,0.4549170071106942,0.33969125293460434,1.0111430643405754,0.1735592482885781,-0.8803290447886858,-1.5540228593331131,1.0,0.0,0.0,0.0,1.0,5.11
STU-13755,-0.6032971508595764,0.35698959653083767,1.500951693507151,0.16371745743422553,-0.14017764471263044,0.02117440596537969,-0.7233058984460908,1.0,1.0,0.0,0.0,0.0,4.42
STU-12435,0.26151098792370814,0.38906926551389404,0.49419793867179845,-0.43364813431943033,0.584217149425171,1.6520761032386422,-0.16657979483408653,1.0,0.0,0.0,1.0,0.0,4.83
STU-14778,-0.6032971508595764,0.26243899321235536,0.26391408859215887,-1.7950859945952056,0.12473977752408755,-1.126193622267067,0.9060652634340687,1.0,1.0,0.0,0.0,0.0,3.95
STU-10709,1.5587231960986347,-0.2069372161186815,1.500951693507151,-0.2947259036790456,0.261147122307222,-0.06897593911002707,-0.015010384426629693,0.0,0.0,0.0,0.0,0.0,4.88
STU-12520,-0.8194991855553975,-0.1664155289821891,0.14483568748260028,0.13593301130614785,-0.4754525395217021,0.5784674482497105,1.1596525462311595,0.0,0.0,0.0,0.0,1.0,4.22
STU-10249,-1.2519032549470397,0.3181563130250324,1.2529537011136922,-0.030773665462313266,1.0544635222301855,-1.9211557561138333,1.4394729962141566,1.0,0.0,0.0,1.0,0.0,4.26
STU-14255,0.26151098792370814,0.4684242361561914,0.11039152187239819,1.2334186333651909,1.0544635222301855,-0.5443141222348977,-1.2304804640402727,0.0,0.0,1.0,0.0,0.0,5.3
STU-12671,0.04530895322788702,0.23711293875204756,0.7540053592744701,0.20539412662634143,-0.13228037738308063,-0.9213064743684158,-0.7203911020921013,0.0,0.0,1.0,0.0,0.0,3.59
STU-14786,-0.6032971508595764,0.7368804134354534,-0.021480426463806643,-0.2669414575509692,0.1735592482885781,2.4798201807491926,-0.7816018255258819,1.0,0.0,0.0,1.0,0.0,4.74
STU-14660,-1.2519032549470397,-1.0308781878940263,-0.1002099478585553,-0.32251034980712207,0.1735592482885781,1.5373393004153986,2.1535981029415967,0.0,0.0,0.0,0.0,0.0,3.96
STU-13993,-0.6032971508595764,-0.5530599604095536,-0.4466198419954517,-1.6283793178267432,-0.5687838806891093,-0.48694572082327525,-1.3441575218458655,0.0,0.0,1.0,0.0,0.0,2.62
STU-12448,-1.2519032549470397,0.5359603813836787,1.0866375871672853,-0.08634255771846738,1.0544635222301855,1.4635799271718828,-0.10828386775429542,1.0,1.0,0.0,0.0,0.0,4.57
STU-13741,-1.2519032549470397,0.2573737823202936,1.4852057892282016,-0.33640257287116154,0.42555386944057766,-0.8065696715451715,-0.8661309197915789,0.0,0.0,0.0,1.0,0.0,4.51
STU-13593,0.6939150573153504,-0.1005677873853889,0.5778480551537201,-0.8365226031765474,1.0544635222301855,-0.9458929321162541,-0.3414675760734595,0.0,0.0,0.0,0.0,1.0,3.78
STU-14017,-1.0357012202512186,0.5781704721508583,-0.9071875421547323,0.3026396880746102,1.0544635222301855,0.33260287077132933,-0.16657979483408653,0.0,0.0,0.0,0.0,1.0,3.6
STU-11813,0.26151098792370814,0.8854599329359258,0.7136564795596615,1.747430886734616,1.0544635222301855,0.02117440596537969,0.17153658222870152,0.0,0.0,0.0,0.0,1.0,5.95
STU-12189,0.47771302261952925,0.034504503069585815,-0.7536649754349717,-0.905983718496741,0.41981040229181427,-1.831005411038427,-1.0031263484290878,0.0,0.0,1.0,0.0,0.0,3.14
STU-10146,1.1263191267069925,1.0424814705898338,1.4625710518272108,0.12204078824210964,1.0544635222301855,0.6604223074091707,-0.3006604271176059,1.0,0.0,1.0,0.0,0.0,5.11
STU-13626,0.04530895322788702,0.6457066173783457,0.06659822559656975,0.7610830491878814,-0.20479165013622067,1.807790335641618,-0.18989816566600295,0.0,0.0,0.0,1.0,0.0,4.91
STU-10911,-1.2519032549470397,0.6001197193497918,0.1645180678312878,-0.1280192269105833,-0.7173960931633664,1.0783920891224197,-0.16657979483408653,1.0,0.0,0.0,0.0,1.0,4.87
STU-11996,0.26151098792370814,0.961438096316849,1.500951693507151,0.3721008033948038,1.0544635222301855,0.521099046838088,-0.8311533635437043,0.0,0.0,0.0,0.0,0.0,5.25
STU-13918,-0.3870951161637552,0.9580612890554746,1.500951693507151,-0.05855811159039094,1.0544635222301855,-0.0607804531940812,0.4775901993976044,0.0,1.0,0.0,0.0,0.0,4.68
STU-11230,1.1263191267069925,-0.6661830036655949,-0.3472238212345806,-0.15580367303866097,-0.7755486980445964,0.4637306454264662,-1.3120947619519803,1.0,0.0,0.0,0.0,0.0,4.62
STU-10876,1.1263191267069925,0.30464908397953494,0.03461435752995131,0.03868744985787907,0.21519938511711362,0.7259861947367392,-0.2831716489936684,0.0,0.0,0.0,1.0,0.0,4.69
STU-10349,-1.0357012202512186,-0.5277339059492459,-1.555721974643977,1.038927510468652,0.1735592482885781,-1.0524342490235528,-0.4901221901269266,0.0,0.0,0.0,0.0,1.0,4.41
STU-11945,-0.17089308146793408,-0.5429295386254305,-0.9672188022182283,0.13593301130614785,-1.4475343544499302,1.357038610264585,-1.0905702390487744,0.0,0.0,1.0,0.0,0.0,3.19
STU-12142,0.6939150573153504,-0.20018360159593263,-0.6660783828833133,-2.0590382328119365,-0.4926829409679923,-0.43777280532759927,-0.5688216916846446,0.0,0.0,0.0,0.0,0.0,3.53
STU-14058,0.26151098792370814,-0.9245087591607338,-0.0716704963529596,-0.2808336806150074,-0.048282170332413776,0.02117440596537969,-0.16657979483408653,0.0,0.0,0.0,0.0,1.0,4.07
STU-13779,-0.17089308146793408,-0.4230528808466407,-0.5617617670352708,0.49713081097115025,-0.23997038642239696,-1.4130356293251782,-0.44348544846309396,1.0,0.0,1.0,0.0,0.0,4.34
STU-14528,-0.3870951161637552,-1.5525949097763656,-1.888354202536791,-1.4338881949302045,0.1735592482885781,-0.8147651574611173,-0.8486421416676415,0.0,0.0,0.0,1.0,0.0,2.85
STU-14119,1.1263191267069925,-0.8029436977512567,-1.5252142851035118,-2.5174815939252086,-1.7052724427506942,-0.5443141222348977,0.6466483879289984,0.0,0.0,0.0,1.0,0.0,2.71
STU-10086,-0.8194991855553975,0.37556203646839653,-1.2348991749603746,0.8444363875721131,1.0544635222301855,1.1931288919456646,-0.2860864453476582,0.0,0.0,0.0,1.0,0.0,4.17
STU-13662,0.6939150573153504,0.49206188698581205,0.0779155942970644,-0.961552610752895,1.0544635222301855,1.2013243778616105,0.8361101509383194,0.0,0.0,0.0,0.0,0.0,5.18
STU-14080,1.1263191267069925,-0.32174866300540983,-0.018528069411503444,-0.4753248035115462,0.036433970111847874,0.02117440596537969,-0.16657979483408653,0.0,0.0,1.0,0.0,0.0,3.51
STU-14235,-0.17089308146793408,0.0007364304558419882,-1.732863397782162,-0.8226303801125091,-1.2429233372752295,-1.8146144392065346,-1.2100768895623457,0.0,1.0,0.0,0.0,0.0,2.97
STU-10057,-0.17089308146793408,0.5764820685201711,1.500951693507151,0.8861130567642278,1.0544635222301855,-0.6016825236465203,2.987229860182609,0.0,0.0,0.0,0.0,1.0,6.07
STU-13164,-1.2519032549470397,0.6490834246397199,-1.2535974362916273,-0.8365226031765474,0.536833545447872,0.2014750961161925,-0.4959517828349058,0.0,0.0,0.0,0.0,0.0,3.08
STU-13475,-0.3870951161637552,0.6338877919635353,-0.5656982431050088,-0.7531692647923168,1.0544635222301855,-1.2819078546700415,3.0892477325722423,1.0,0.0,0.0,0.0,1.0,4.39
STU-14479,0.47771302261952925,0.41101851271282724,0.17435925800563087,0.4832385879071108,0.5705764149468577,-0.37220891800003086,-0.8836196979155162,0.0,0.0,0.0,0.0,1.0,4.43
STU-12822,-0.3870951161637552,-0.24914730688586106,1.500951693507151,-0.4892170265755844,-0.7166781597697706,-0.4131863475797609,1.3170515493465955,0.0,0.0,0.0,0.0,0.0,4.06
STU-10000,0.9101170920111715,0.09022182288226284,0.7835289297975007,0.21928634969037966,-0.1882791820835252,0.5948584200816031,2.404270589384698,0.0,0.0,1.0,0.0,0.0,3.55
STU-13205,-0.17089308146793408,0.40933010908214007,1.1939065600676297,-0.2252647883588533,1.0544635222301855,-0.9868703616959843,-1.0381039046769625,0.0,0.0,0.0,0.0,1.0,5.66
STU-10474,-0.8194991855553975,-1.5779209642366734,-1.7249904456426872,-1.517241533314435,-1.415945285131731,0.9800462581310663,-0.6067140442865088,0.0,0.0,0.0,1.0,0.0,3.06
STU-11151,0.04530895322788702,-0.10225619101607604,0.3465800860566442,-0.08634255771846738,-0.22704758533767852,-0.40499086166381504,-0.12285784952424314,0.0,0.0,1.0,0.0,0.0,3.34
STU-13574,1.3425211614028136,-1.1558200565648777,-1.3992470508719133,-1.3922115257380885,-1.2788200069550018,0.15230218062051654,0.5562897009553222,0.0,0.0,0.0,0.0,1.0,2.59
STU-11542,-0.6032971508595764,-0.8299581558422516,0.003122548972052404,-0.6837081494721244,-0.34119899491935407,0.4555351595105196,0.32602078899014786,1.0,0.0,0.0,0.0,1.0,3.55
STU-11628,0.47771302261952925,0.43296775991176073,-0.15335237480001146,0.7610830491878814,0.12258597734330114,0.02117440596537969,-0.930256439579349,0.0,0.0,1.0,0.0,0.0,4.76
STU-11846,1.1263191267069925,0.8061049622936278,1.2057159882768425,0.3582085803307643,-0.07556363928904025,0.02117440596537969,0.49216418116755234,1.0,1.0,0.0,0.0,0.0,5.27
STU-14736,0.47771302261952925,-0.7472263779385797,-1.250645079239324,-0.5308936957677003,0.5483204797453989,-0.3066450306724624,-1.536534081209176,1.0,0.0,1.0,0.0,0.0,4.19
STU-11346,-0.6032971508595764,0.44478658532657106,0.5109279619681828,-0.4197559112553921,1.0544635222301855,-1.2327349391743654,1.5035985160019265,0.0,0.0,0.0,1.0,0.0,4.67
STU-11941,-1.2519032549470397,-0.048227274834086155,-1.2004550093501725,-0.5170014727036621,-1.1280539942999592,-0.5607050940667895,-0.3706155396133552,1.0,0.0,0.0,0.0,0.0,2.94
STU-12059,0.47771302261952925,-0.3656471574032765,0.06659822559656975,-0.016881442398275045,-0.3433527951001405,-0.16732177010137972,0.5475453118933536,0.0,0.0,0.0,0.0,1.0,3.88
STU-11148,-0.3870951161637552,0.9681917108395975,0.47648379635798066,-0.11412700384654506,1.0544635222301855,0.11952023695673232,-1.3616462999698027,0.0,1.0,0.0,0.0,0.0,4.91
STU-13201,-1.2519032549470397,1.3514593350055877,0.7234976697340046,-0.9198759415607791,1.0544635222301855,1.9553090821286467,0.03454115359119266,0.0,0.0,1.0,0.0,0.0,5.45
STU-11219,-0.8194991855553975,0.1797072153086834,0.83962371379126,0.7194063799957667,0.09386864159948406,-0.4131863475797609,-1.2596284275801684,0.0,0.0,0.0,0.0,1.0,5.54
STU-13184,-0.3870951161637552,-0.1191402273229478,1.2293348446952665,1.0111430643405754,-0.1222293098727444,0.33260287077132933,0.07534830254704629,0.0,1.0,0.0,0.0,0.0,4.41
STU-10974,0.9101170920111715,-0.41629926632389186,1.500951693507151,0.024795226793840854,0.7177527606339231,-0.23288565742894812,-0.8544717343756206,1.0,0.0,0.0,0.0,1.0,3.7
STU-13745,-0.6032971508595764,-0.08706055833989142,1.0649869687837281,-0.5031092496396239,0.5088341430976497,1.9061361666329701,1.5910424066216131,0.0,1.0,0.0,0.0,0.0,4.41
STU-11969,-0.3870951161637552,-1.9020944613286124,-1.591150259271614,-1.1421515105853957,-1.5703009647547514,-0.364013432084085,-0.35895635419739697,1.0,0.0,0.0,0.0,1.0,2.96
STU-13012,0.04530895322788702,1.3835390039886444,-0.014591593341766781,-1.225504848969626,1.0544635222301855,0.4555351595105196,1.5677240357896969,0.0,1.0,0.0,0.0,0.0,5.76
STU-11272,-0.3870951161637552,-1.2098489727468678,-0.7290619999991126,-0.6281392572159703,-1.5918389665626145,-1.470404030736801,-0.2715124635777102,0.0,0.0,0.0,0.0,0.0,3.3
STU-13962,-1.2519032549470397,-0.05329248572614789,0.7412118120478238,-1.2393970720336644,0.5669867479788797,-0.5197276644870594,0.2356621020164716,0.0,0.0,0.0,0.0,1.0,3.49
STU-12039,0.9101170920111715,0.05476534663783187,-0.03328985467301943,0.6499452646755731,0.02494703581432104,-1.9375467279457257,-0.20155735108196116,0.0,0.0,0.0,1.0,0.0,4.55
STU-13818,-1.2519032549470397,-0.33525589205090733,0.11432799794213484,0.9416819490203819,-0.39360813265182165,1.570121244079182,-0.5250997463748013,0.0,0.0,0.0,1.0,0.0,4.3
STU-11702,0.47771302261952925,0.28776504767266314,0.8347031187040884,1.789107555926732,-1.7289642447393443,-1.0688252208554445,0.3318503816981268,0.0,1.0,0.0,0.0,0.0,3.45
STU-13282,-1.2519032549470397,0.39413447640595545,-1.311660458320255,-0.6420314802800086,1.0544635222301855,1.1685424341978257,-0.8049201963577983,1.0,0.0,0.0,1.0,0.0,4.86
STU-13704,0.04530895322788702,-0.3268138738974713,-0.6375389313777177,0.12204078824210964,-0.780574231799765,-0.0607804531940812,2.0370062487820144,1.0,0.0,0.0,1.0,0.0,3.99
STU-11882,-1.2519032549470397,0.3299751384398427,-0.3255732028510248,-0.4058636881913539,1.0544635222301855,-0.03619399544624286,0.623330017097082,0.0,0.0,0.0,0.0,0.0,5.03
STU-12191,-0.6032971508595764,-0.6037120693301693,-2.0910827201282696,-0.7948459339844327,-1.9357290620948313,-1.3146897983338257,0.4455274395037195,0.0,1.0,0.0,0.0,0.0,2.9
STU-12929,-1.2519032549470397,0.8179237877084382,1.500951693507151,1.191741964173076,1.0544635222301855,-1.208148481426527,0.17736617493668075,0.0,0.0,0.0,1.0,0.0,4.77
STU-14498,-0.17089308146793408,0.19321444435418086,-0.41808039048985457,-1.0032292799450098,0.3042231259229481,0.308016413023491,-0.8923640869774848,0.0,0.0,0.0,0.0,0.0,3.94
STU-10373,0.47771302261952925,-1.111921562167011,0.3603577523007253,1.3167719717494226,-1.646401904475868,-1.7326595800470745,-0.08788029327636848,0.0,1.0,0.0,0.0,0.0,3.77
STU-14023,0.04530895322788702,0.2843882404112886,-2.0625432686226732,0.6499452646755731,-0.24714972035835098,0.37358030035105944,-0.18115377660403423,1.0,0.0,0.0,0.0,1.0,4.3
STU-10760,0.9101170920111715,-0.4298064953693893,-1.3903899797150037,-0.5447859188317385,0.1735592482885781,0.03756537779727143,-0.930256439579349,0.0,1.0,0.0,0.0,0.0,3.59
STU-13986,-0.17089308146793408,-1.5222036444239964,-2.2908588806674453,-1.9062237791075138,-0.6850890904515713,-1.003261333527876,0.11324065514891044,0.0,0.0,1.0,0.0,0.0,2.03
STU-10423,0.9101170920111715,1.3750969858352085,1.500951693507151,0.6082685954834585,1.0544635222301855,-0.5279231504030053,-0.16657979483408653,0.0,0.0,0.0,0.0,0.0,4.66
STU-12377,0.9101170920111715,-0.8181393304274414,0.054296737878638826,-0.5170014727036621,-0.8085736341499873,0.2752344693597068,-0.11119866410828493,0.0,0.0,0.0,0.0,1.0,4.09
STU-10847,0.04530895322788702,-0.0026403768055323043,-0.17303475514869898,-1.1560437336494338,-0.4115564674917077,0.43094870176268196,2.39261140396874,0.0,0.0,0.0,0.0,0.0,4.1
STU-11801,0.04530895322788702,-0.3200602593747227,1.0177492559468797,-0.43364813431943033,-1.4784054903745347,0.9554598003832286,-0.4580594302330417,0.0,1.0,0.0,0.0,0.0,2.82
STU-14609,0.47771302261952925,-1.0224361697405904,-1.3529934570524984,-1.6839482100828973,-0.7202678267377476,0.02117440596537969,0.1598773968127433,1.0,0.0,1.0,0.0,0.0,3.68
STU-13636,0.6939150573153504,1.6925168684043985,1.4113968629206244,0.9277897259563437,1.0544635222301855,-0.7082238405538188,-1.0264447192610042,0.0,0.0,0.0,0.0,1.0,5.63
STU-11106,0.6939150573153504,1.7921326826149422,0.8583219751225126,0.49713081097115025,1.0544635222301855,0.2998209271075451,-1.3937090598636879,0.0,0.0,0.0,0.0,1.0,5.58
STU-12923,0.04530895322788702,0.49375029061649917,0.47451555832311093,0.23317857275441786,0.17786684865015093,0.644031335577279,-1.192588111438409,0.0,0.0,1.0,0.0,0.0,4.26
STU-12674,0.04530895322788702,0.35698959653083767,-0.774331474801094,-0.15580367303866097,1.0544635222301855,-1.675291178635452,1.0459754884255672,0.0,1.0,0.0,0.0,0.0,2.85
STU-13016,0.04530895322788702,-0.4703281825058817,0.46565848716620273,0.4554541417790343,0.9202099776278374,-1.831005411038427,2.112790953985743,1.0,0.0,0.0,0.0,1.0,4.29
STU-10714,0.47771302261952925,-0.17654595076631197,1.13978001410874,0.3721008033948038,-0.5379127447645059,1.2586927792732316,0.6000116462651656,0.0,1.0,0.0,0.0,0.0,3.72
STU-13819,2.423531334881919,-0.4720165861365689,1.3090484851074502,-0.3919714651273156,1.0544635222301855,-0.8557425870408474,1.4394729962141566,0.0,0.0,1.0,0.0,0.0,4.22
STU-13167,-0.17089308146793408,-0.44500212804557393,0.7845130488149354,0.024795226793840854,-0.4560683378946254,0.7341816806526857,0.5941820535571866,1.0,0.0,0.0,0.0,0.0,4.71
STU-14334,0.47771302261952925,0.8145469804470639,0.6772440759145897,-0.3919714651273156,1.0544635222301855,-2.4538623406503266,3.17377682683794,0.0,0.0,0.0,0.0,0.0,4.92
STU-11418,0.26151098792370814,0.36374321105358626,0.46664260618363623,-0.558678141895778,0.8764160406185154,0.2342570397799767,-0.7495390656319969,1.0,0.0,0.0,0.0,1.0,4.26
STU-11718,-1.2519032549470397,-1.7096164474302735,-1.1473125824087165,-0.0029892193342368227,-3.4383636548900918,-0.12634434052164964,-1.0235299229070147,0.0,0.0,0.0,0.0,0.0,2.72
STU-11845,-0.6032971508595764,0.06996097931401649,1.1584782754399927,0.8861130567642278,0.22237871905306764,0.2670389834437609,1.2383520477888772,0.0,0.0,0.0,0.0,0.0,4.73
STU-14397,-0.6032971508595764,0.5511560140598634,1.500951693507151,0.6499452646755731,0.19294344991565476,0.2752344693597068,-0.26859766722372075,0.0,0.0,0.0,0.0,1.0,5.03
STU-10503,-0.8194991855553975,-1.6100006332197296,-3.1185029743297434,-1.4338881949302045,-1.7921423833757428,0.7095952229048474,0.6932851295928313,0.0,0.0,1.0,0.0,0.0,1.42
STU-11087,0.6939150573153504,-0.7083930944327744,-0.6965860724237788,0.1498252343701873,-1.3735872149095996,0.9882417440470136,0.09283708067098376,0.0,0.0,0.0,0.0,0.0,3.33
STU-12643,-1.2519032549470397,0.11892468460394492,-0.45842927020466306,-0.7392770417282786,0.8326221036091935,1.4963618708356679,-0.05581753338248358,0.0,0.0,1.0,0.0,0.0,4.29
STU-12844,-1.0357012202512186,0.8145469804470639,0.33575477686486627,0.8583286106361514,1.0544635222301855,0.2014750961161925,-1.0993146281107429,1.0,1.0,0.0,0.0,0.0,5.16
STU-12234,-1.0357012202512186,0.8922135474586744,1.500951693507151,0.5110230340351885,1.0544635222301855,1.0046327158789052,0.8565137254162464,0.0,1.0,0.0,0.0,0.0,5.2
STU-10228,0.04530895322788702,0.19152604072349372,0.2865488259931482,1.789107555926732,0.689035424890105,-0.4131863475797609,-1.2712876129961266,1.0,0.0,0.0,0.0,0.0,5.26
STU-12871,0.47771302261952925,-0.94476960272898,-1.8627671080834984,-0.4892170265755844,-0.4158640678532805,1.3324521525167474,0.4892493848135629,0.0,0.0,0.0,0.0,1.0,3.33
STU-14282,-0.8194991855553975,-1.3651821067700884,-0.7113478576852948,-1.017121503009048,-1.118002926789623,0.7833545961483617,-1.0439334973849415,0.0,0.0,0.0,0.0,0.0,3.78
STU-12242,-0.17089308146793408,-0.4112340554318304,-0.48204812662308866,-0.9754448338169333,1.0544635222301855,-0.6754418968900346,2.3838670149067713,0.0,0.0,0.0,0.0,1.0,3.83
STU-14254,0.04530895322788702,-0.7657988178761386,-0.1868124213927801,-0.44754035738346976,-1.034722653132551,0.4063622440148436,1.2383520477888772,0.0,0.0,0.0,1.0,0.0,3.44
STU-14593,-0.3870951161637552,-0.7354075525237693,0.5217532711599607,0.16371745743422553,0.30206932574216167,1.5209483285835053,-0.4726334120029894,0.0,0.0,0.0,0.0,1.0,4.25
STU-11993,-0.3870951161637552,-0.0718649256637068,1.500951693507151,0.5249152570992267,0.2984796587741847,-0.7246148123857106,-0.16657979483408653,1.0,0.0,0.0,1.0,0.0,4.27
STU-14985,-0.17089308146793408,-0.8130741195353798,0.30721532535927054,0.3026396880746102,-1.3233318773579195,-0.7000283546378723,-0.032499162550567146,0.0,0.0,1.0,0.0,0.0,3.49
STU-13969,-0.17089308146793408,-0.048227274834086155,0.03264611949508298,-0.6420314802800086,0.7457521629841455,-0.26566760109273235,-0.3414675760734595,0.0,0.0,0.0,0.0,0.0,4.39
STU-11403,-0.17089308146793408,-0.7911248723364463,0.19994635245892478,-0.35029479593519974,-1.5968645003177826,-0.8229606433770632,0.25023608378641954,1.0,0.0,0.0,0.0,0.0,3.22
STU-13350,-0.8194991855553975,0.34348236748534017,0.1271215451687825,1.789107555926732,1.0221565195183904,-0.26566760109273235,-0.5455033208527282,0.0,0.0,0.0,0.0,0.0,5.7
STU-13903,-0.8194991855553975,-0.37577757918739974,-1.1404237492866764,0.7610830491878814,-0.17033084724363914,0.5374900186699805,0.19194015670662848,0.0,0.0,0.0,1.0,0.0,3.88
STU-14871,0.26151098792370814,0.36036640379221196,-0.8412515679866299,-0.5725703649598162,-0.5271437438605738,-0.06897593911002707,2.984315063828619,1.0,0.0,0.0,0.0,1.0,3.86
STU-11174,0.26151098792370814,-0.33356748842022016,-0.3747791537227429,0.010903003729801398,-1.5430194957981245,-0.18371274193327145,1.331625531116543,0.0,0.0,0.0,1.0,0.0,3.89
STU-11122,-1.0357012202512186,-0.9363275845755441,-0.07757521045756599,0.5665919262913426,0.07448443997240639,1.2832792370210708,0.5621192936633017,0.0,0.0,0.0,0.0,1.0,3.88
STU-10515,-0.6032971508595764,0.056453750268519017,0.23242228003425855,-0.43364813431943033,0.2396091204993589,1.2095198637775564,1.4132398290282506,1.0,1.0,0.0,0.0,0.0,3.56
STU-12275,-0.3870951161637552,-0.1782343543969991,1.3995874347114117,-0.8365226031765474,0.8835953745544705,1.455384441255937,0.028711560883213427,1.0,0.0,0.0,0.0,1.0,4.38
STU-14346,-0.8194991855553975,0.17464200441662195,-2.6982841538852713,-0.016881442398275045,1.0544635222301855,-0.25747211517678575,-0.28900124170164765,0.0,0.0,0.0,0.0,1.0,4.36
STU-13240,0.6939150573153504,0.7503876424809511,0.025757286373043118,-1.1421515105853957,0.5957040837226978,1.2996702088529626,1.1042714155053581,0.0,0.0,0.0,0.0,0.0,4.47
STU-14700,-1.2519032549470397,0.610250141133915,0.8543854990527759,1.136173071916922,-0.7820100985869556,-0.22469017151300152,-0.047073144320514855,0.0,0.0,0.0,1.0,0.0,4.6
STU-10924,1.5587231960986347,-0.048227274834086155,-1.445500644691328,-0.04466588852635272,-0.6491924207717992,-0.09356239685786541,-1.131377388004628,0.0,1.0,0.0,0.0,0.0,3.79
STU-11039,-0.17089308146793408,0.2928302585647246,0.5217532711599607,0.27485524194653377,1.0544635222301855,0.5374900186699805,-0.03541395890455664,1.0,0.0,0.0,1.0,0.0,4.51
STU-11921,-0.6032971508595764,-1.1321824057352572,0.4381031546780405,-1.5589182025065509,-0.013821367439832265,0.31621189893943685,-0.53384413543677,1.0,0.0,0.0,1.0,0.0,3.92
STU-11650,0.6939150573153504,-0.0026403768055323043,-0.6709989779704849,1.080604179660768,0.1735592482885781,-1.4048401434092324,-0.06456192244445205,0.0,0.0,0.0,0.0,1.0,4.96
STU-11899,-1.2519032549470397,0.6693442682079663,0.5394674134737799,0.9555741720844214,1.0544635222301855,0.07854280737700152,0.76615503844257,0.0,0.0,0.0,0.0,1.0,4.98
STU-10216,0.04530895322788702,0.26243899321235536,-0.5371587915994117,-2.378559363284823,0.49662927540652707,-1.3474717419976099,-0.0033511990106714763,0.0,0.0,1.0,0.0,0.0,3.41
STU-14967,0.04530895322788702,0.5832356830429201,0.24226347020860162,0.7055141569317273,1.0544635222301855,-0.38040440391597674,-0.507610968250864,1.0,0.0,0.0,0.0,1.0,4.59
STU-14085,-0.6032971508595764,-0.4669513752445074,0.7343229789257826,1.136173071916922,-0.4251972019700209,1.2013243778616105,-1.3062651692440013,0.0,0.0,0.0,1.0,0.0,3.9
STU-11497,-1.0357012202512186,-0.8265813485808772,-0.8176327115682057,-0.9476603876888556,-1.4604571555346486,1.2095198637775564,1.61144598109954,0.0,0.0,0.0,0.0,0.0,3.09
STU-11858,2.2073293001860983,0.5089459232926838,-1.5350554752778547,0.8722208337001897,0.8340579703963851,-1.6589002068035594,-0.09370988598434772,0.0,0.0,0.0,0.0,1.0,4.15
STU-11888,-0.3870951161637552,0.04294652122302155,-0.29014491822338784,1.789107555926732,-1.5746085651163237,2.209369145522973,-0.2452792963918043,1.0,0.0,0.0,1.0,0.0,5.04
STU-13726,-0.17089308146793408,-0.2542125177779225,0.06659822559656975,-0.9893370568809715,-0.9327761112419991,-0.2820585729246241,-0.16657979483408653,0.0,0.0,0.0,0.0,1.0,3.07
STU-10391,-0.3870951161637552,-0.9042479155924876,-2.827203745169172,-1.0032292799450098,-0.8236502354154911,0.6112493919134948,-0.061647126090462565,0.0,0.0,0.0,1.0,0.0,2.21
STU-10150,-0.6032971508595764,-0.019524413112404066,0.14089921141286363,-1.4894570871863586,-0.8609827718824549,-0.4787502349073294,-0.8165793817737566,0.0,0.0,0.0,0.0,1.0,3.54
STU-10819,-0.17089308146793408,-0.048227274834086155,-1.1345190351820702,-0.2391570114228915,-0.8853925072646991,-0.8065696715451715,0.448442235857709,1.0,0.0,0.0,0.0,0.0,3.88
STU-13044,1.7749252307944559,-0.11407501643088636,0.3839766087191509,-1.267181518161742,1.0544635222301855,0.3407983566872752,-0.02666956984258791,1.0,0.0,0.0,1.0,0.0,4.14
STU-13150,-1.2519032549470397,-0.21706763790280437,-1.1610902486527974,-1.656163763954821,-0.6398592866550578,0.48831710317430377,0.35516875253004326,0.0,0.0,0.0,0.0,1.0,3.06
STU-13998,0.26151098792370814,-0.4298064953693893,1.3395561746479157,1.5668319869021154,0.30206932574216167,-1.1589755659308512,-0.44057065210910423,0.0,0.0,0.0,0.0,0.0,5.36
STU-14773,0.04530895322788702,1.5034156617674346,0.33870713391716945,1.0111430643405754,1.0544635222301855,0.21786606794808422,1.0576346738415252,0.0,0.0,0.0,0.0,1.0,5.59
STU-10983,-0.17089308146793408,-0.048227274834086155,-0.36690620158326814,-1.1004748413932797,-0.5623224801467501,0.5047080750061963,2.482970090942416,1.0,0.0,0.0,0.0,1.0,3.89
STU-12535,-1.0357012202512186,1.19443779735168,1.500951693507151,0.024795226793840854,1.0544635222301855,0.7013997369889016,-0.061647126090462565,1.0,1.0,0.0,0.0,0.0,5.58
STU-13433,0.26151098792370814,1.5810822287790445,1.0600663736965565,0.9555741720844214,1.0544635222301855,1.0538056313745805,-0.29191603805563715,1.0,0.0,0.0,0.0,1.0,5.7
STU-13525,-0.17089308146793408,-0.6070888765915435,-0.7782679508708307,-0.905983718496741,1.0544635222301855,1.3898205539283686,-0.6271176187644357,0.0,0.0,1.0,0.0,0.0,4.45
STU-12661,-0.17089308146793408,-1.4867471681795654,-0.43579453280367375,0.010903003729801398,-1.7217849108033896,-1.2163439673424739,-0.084965496922379,1.0,0.0,0.0,1.0,0.0,3.65
STU-14375,0.9101170920111715,0.23035932422929897,-0.2212565870029822,0.7332986030598049,-1.379330682058364,-0.4213818334957068,-1.0701666645708474,1.0,0.0,0.0,1.0,0.0,3.58
STU-14895,0.26151098792370814,0.07671459383676536,-0.7261096429468094,0.1081485651780714,1.0544635222301855,-1.9457422138616716,0.6903703332388418,0.0,0.0,1.0,0.0,0.0,4.1
STU-10569,0.26151098792370814,0.8972787583507356,0.6683870047576815,0.024795226793840854,0.5626791476173079,0.5129035609221422,-0.4872073937729371,0.0,0.0,0.0,0.0,1.0,4.36
STU-11512,-0.6032971508595764,0.40764170545145295,-0.8235374256728121,0.024795226793840854,0.2948899918062077,-0.9376974462003076,-0.702902323968164,1.0,0.0,0.0,0.0,1.0,3.63
STU-14213,0.9101170920111715,1.0981987904025106,1.500951693507151,1.038927510468652,1.0544635222301855,-1.085216192687337,1.2587556222668042,1.0,1.0,0.0,0.0,0.0,5.53
STU-13720,1.5587231960986347,0.3519243856387759,1.3690797451709462,1.2056341872371144,1.0544635222301855,-0.6344644673103038,-0.9331712359333386,1.0,0.0,1.0,0.0,0.0,4.81
STU-10029,0.6939150573153504,-0.3082414339599124,0.06659822559656975,1.136173071916922,-0.1868433152963346,-0.3476224602521925,-0.2423645000378148,1.0,0.0,0.0,0.0,0.0,5.46
STU-12412,1.5587231960986347,-0.5057846587503126,0.37610365657967476,-1.225504848969626,0.49016787486416785,-0.3066450306724624,0.5941820535571866,0.0,0.0,1.0,0.0,0.0,3.64
STU-13213,-0.17089308146793408,0.9665033072089101,1.267715486375207,-0.016881442398275045,1.0544635222301855,0.22606155386403082,0.8623433181242253,0.0,0.0,0.0,1.0,0.0,5.6
STU-12009,-0.8194991855553975,-0.5327991168413077,-0.720204928842203,-0.07245033465442915,0.023511169027130442,-0.8229606433770632,-1.4345162088195413,0.0,0.0,1.0,0.0,0.0,3.67
STU-11413,-1.2519032549470397,-1.0612694532463955,0.9055596879593624,-1.2393970720336644,-1.0390302534941238,0.07034732146105564,-1.215906482270325,1.0,0.0,0.0,1.0,0.0,3.99
STU-11166,0.26151098792370814,0.4599822180027557,-0.724141404911941,1.2334186333651909,0.35950399722979687,0.644031335577279,-0.12285784952424314,1.0,0.0,0.0,1.0,0.0,4.71
STU-11681,-0.3870951161637552,1.184307375567557,1.500951693507151,0.9833586182124978,1.0544635222301855,-1.503185974400585,1.1800561207090865,1.0,0.0,0.0,1.0,0.0,5.58
STU-12452,-0.8194991855553975,0.3265983311784681,1.327746746438703,1.4695864254538455,1.0544635222301855,0.25064801161186845,0.4863345884595729,1.0,0.0,0.0,0.0,1.0,5.51
STU-14924,-1.2519032549470397,-1.149066442042129,-1.5803249500798362,-1.267181518161742,-0.8724697061799817,0.21786606794808422,-0.5717364880386341,1.0,0.0,1.0,0.0,0.0,2.29
STU-14579,-0.3870951161637552,-0.4095456518011433,-0.11103525705033324,-0.558678141895778,-0.5443741453068641,0.22606155386403082,0.34933915982206426,1.0,0.0,0.0,1.0,0.0,4.39
STU-14457,-0.8194991855553975,0.380627247360458,-0.6975701914412137,0.024795226793840854,-1.4137914849509445,-0.20010371376516392,-0.4988665791888953,0.0,0.0,0.0,1.0,0.0,4.01
STU-14364,0.04530895322788702,-0.07355332929439394,1.500951693507151,-1.308858187353858,-0.010949633865451067,1.3898205539283686,2.742386966447486,0.0,0.0,0.0,0.0,0.0,5.0
STU-11055,1.5587231960986347,-0.01783600948171692,1.500951693507151,0.13593301130614785,-0.6786276899092121,-0.8147651574611173,0.11032585879492095,0.0,0.0,0.0,0.0,0.0,3.99
STU-13064,0.6939150573153504,-0.5395527313640562,-1.105979583676473,0.23317857275441786,0.2956079251998035,0.7669636243164699,-0.5746512843926236,0.0,0.0,0.0,1.0,0.0,3.38
STU-11394,0.6939150573153504,0.5089459232926838,1.500951693507151,0.1081485651780714,1.0544635222301855,0.9800462581310663,3.3894717570331667,0.0,0.0,0.0,0.0,0.0,5.7
STU-11644,0.47771302261952925,1.2805463825167265,1.4989834554722827,1.5668319869021154,1.0544635222301855,0.9882417440470136,0.15113300775077457,0.0,0.0,1.0,0.0,0.0,5.57
STU-14382,0.47771302261952925,1.1792421646754954,0.18026397211023726,0.1498252343701873,1.0544635222301855,0.11952023695673232,-1.3849646708017191,0.0,0.0,1.0,0.0,0.0,4.28
STU-12533,-0.17089308146793408,1.1691117428913724,0.6260698870080033,-0.558678141895778,1.0544635222301855,-0.2082991996811098,0.6087560353271345,0.0,0.0,0.0,1.0,0.0,4.14
STU-14602,0.47771302261952925,0.804416558662941,1.500951693507151,1.094496402724806,1.0544635222301855,-0.8885245307046317,0.3318503816981268,1.0,0.0,0.0,0.0,1.0,5.23
STU-14563,0.26151098792370814,0.7807789078333204,0.32985006276025985,1.0250352874046138,0.20945591796835022,0.22606155386403082,-0.8311533635437043,0.0,0.0,0.0,0.0,1.0,4.97
STU-11186,-0.8194991855553975,0.06489576842195505,-0.5450317437388879,-1.2810737412257802,-0.5587328131787731,0.03756537779727143,0.10158146973295222,0.0,0.0,0.0,1.0,0.0,4.21
STU-13173,-0.3870951161637552,-1.1676388819796881,-1.0380753714735023,0.6777297108036509,0.05079263798375692,-0.7737877278813873,1.9145848019144533,0.0,0.0,1.0,0.0,0.0,3.6
STU-11000,0.47771302261952925,-0.24239369236311217,0.7185770746468331,1.094496402724806,-0.7389340949712295,0.7177907088207933,0.7515810566726221,0.0,1.0,0.0,0.0,0.0,3.6
STU-12615,-1.2519032549470397,1.072872735942203,1.500951693507151,1.3306641948134608,1.0544635222301855,-1.675291178635452,-1.172184536960482,0.0,0.0,0.0,0.0,1.0,5.3
STU-13043,-0.17089308146793408,-1.3601168958780268,-0.20944715879376943,-0.32251034980712207,-1.6808627073684494,-0.6590509250581421,0.46593101398164616,0.0,0.0,1.0,0.0,0.0,2.26
STU-10604,-0.17089308146793408,-1.7805293999191352,-0.4062709622806418,-1.419995971866165,-0.7288830274608933,-0.14273531235354137,-1.475323357775395,0.0,0.0,0.0,1.0,0.0,3.1
STU-11332,1.3425211614028136,-0.048227274834086155,-0.1002099478585553,0.5249152570992267,-0.49555467454237456,1.7094445046502649,-0.041243551612535616,0.0,0.0,0.0,0.0,1.0,4.9
STU-10937,0.47771302261952925,0.3654316146842734,0.9646068290054235,0.3026396880746102,0.1735592482885781,0.8571139693918767,-0.10245427504631645,0.0,0.0,0.0,0.0,1.0,5.22
STU-12933,0.47771302261952925,0.6153153520259764,0.6201651729033969,0.16371745743422553,0.3523246632938428,-0.454163777159491,-1.1401217770665968,0.0,0.0,0.0,1.0,0.0,3.54
STU-14079,1.7749252307944559,0.8922135474586744,-0.38560446291452083,0.23317857275441786,1.0544635222301855,0.9062868848875519,-0.8049201963577983,0.0,0.0,0.0,0.0,1.0,4.93
STU-12346,0.04530895322788702,0.5038807124006224,0.7107041225073584,0.6082685954834585,1.0544635222301855,-0.8967200166205775,0.33767997440610603,0.0,0.0,1.0,0.0,0.0,4.58
STU-11829,1.7749252307944559,0.8331194203846228,1.500951693507151,1.2195264103011525,1.0544635222301855,-0.91311098845247,0.46593101398164616,1.0,0.0,0.0,1.0,0.0,5.13
STU-12017,-0.8194991855553975,-1.9020944613286124,-0.6818242871622642,-0.8365226031765474,-1.5688650979675602,0.7669636243164699,-0.19281296201999243,1.0,0.0,0.0,0.0,1.0,3.15
STU-14703,0.26151098792370814,-0.39772682638633294,-0.4525245561000567,-0.4892170265755844,-0.025308301737360116,-0.11814885460570303,-0.14909101671014907,0.0,0.0,0.0,1.0,0.0,3.82
STU-12576,0.9101170920111715,-1.8565075633000585,0.9222897112557467,-0.19748034223077562,0.457142938758778,1.0046327158789052,0.4513570322116985,0.0,1.0,0.0,0.0,0.0,3.83
STU-10271,-0.3870951161637552,-1.3212836123722216,0.7166088366119647,-0.32251034980712207,0.09889417535465167,-1.044238763107606,-0.8020054000038087,0.0,0.0,1.0,0.0,0.0,3.04
STU-14384,-0.3870951161637552,1.8242123515979989,1.1063199675159714,1.789107555926732,1.0544635222301855,-0.839351615208955,0.1453034150427956,0.0,0.0,0.0,1.0,0.0,5.82
STU-12479,-0.17089308146793408,0.9597496926861615,-0.6729672160053546,0.024795226793840854,0.31355626003968956,0.5620764764178188,1.7746745769229553,0.0,0.0,0.0,1.0,0.0,5.1
STU-14645,0.04530895322788702,1.1910609900903055,1.500951693507151,0.8722208337001897,1.0544635222301855,-0.7410057842176031,-0.16657979483408653,0.0,0.0,0.0,1.0,0.0,5.81
STU-14948,0.9101170920111715,0.49037348335512493,0.3003264922372293,0.8166519414440355,0.3645295309849655,1.0783920891224197,-0.8428125489596625,0.0,0.0,0.0,0.0,1.0,4.79
STU-13163,-1.2519032549470397,-0.11069820916951206,0.18518456719740878,0.024795226793840854,-0.4402738032355248,-1.003261333527876,1.474450552462031,1.0,0.0,0.0,0.0,1.0,4.32
STU-14093,1.1263191267069925,-1.1237403875818213,0.06659822559656975,-1.461672641058281,-1.2831276073165745,-0.7573967560494947,0.6087560353271345,0.0,1.0,0.0,0.0,0.0,2.45
STU-12879,-1.2519032549470397,0.3147795057636581,1.500951693507151,0.024795226793840854,0.3681191979529425,1.1357604905340422,-0.9739783848891923,0.0,1.0,0.0,0.0,0.0,5.12
STU-13389,-0.8194991855553975,-0.2829153794996046,-0.20059008763686123,1.05281973353269,0.1441239791511642,-0.8721335588727391,-1.6764443062006742,0.0,0.0,0.0,0.0,0.0,4.33
STU-12636,-0.17089308146793408,-0.35889354288052766,-0.720204928842203,-2.350774917156747,-0.015257234227023884,-0.8065696715451715,0.6087560353271345,0.0,0.0,0.0,0.0,1.0,3.23
STU-13747,-1.2519032549470397,-0.6087772802222307,0.2885170640280179,-2.3090982479646307,-0.8681621058184089,-0.5033366926551677,-0.6504359895963522,0.0,0.0,0.0,0.0,0.0,3.03
STU-11240,-0.17089308146793408,-0.2862921867609789,-1.9897184613325303,0.788867495315959,0.27765959035991744,-0.3558179461681384,-0.9506600140572758,0.0,0.0,0.0,1.0,0.0,3.82
STU-11992,-1.2519032549470397,0.7453224315888893,0.43121432155599926,0.7194063799957667,1.0544635222301855,0.2014750961161925,1.468620959754052,0.0,0.0,1.0,0.0,0.0,5.36
STU-13041,1.3425211614028136,0.9715685181009718,0.06659822559656975,-0.961552610752895,1.0544635222301855,-1.1098026504351746,0.1627921931667328,1.0,0.0,0.0,0.0,1.0,5.49
STU-12922,0.9101170920111715,0.5477792067984891,0.6624822906530751,1.6501853252863472,1.0544635222301855,-0.12634434052164964,0.11032585879492095,0.0,0.0,1.0,0.0,0.0,5.79
STU-10247,-1.2519032549470397,-0.500719447858251,-0.724141404911941,-0.5170014727036621,-0.32827619383463663,0.8325275116440376,-0.6562655823043311,0.0,0.0,0.0,0.0,0.0,3.96
STU-13910,-0.3870951161637552,-0.28122697586891743,-0.0864322816144742,0.20539412662634143,-0.10571684182004895,0.02117440596537969,-0.18989816566600295,0.0,1.0,0.0,0.0,0.0,3.45
STU-12667,0.26151098792370814,-0.027966431265840096,-0.49877814991947156,-2.5452660400532854,0.7234962277826866,-0.5852915518146279,-0.11994305317025365,0.0,0.0,0.0,0.0,0.0,3.2
STU-11283,-0.8194991855553975,0.04632332848439584,-0.6847766442145661,0.05257967292191729,-0.13443417756386705,0.9062868848875519,-0.5571625062686864,0.0,0.0,1.0,0.0,0.0,3.29
STU-13611,-1.0357012202512186,0.725061588020643,-0.14547942266053673,-0.35029479593519974,1.0544635222301855,0.5538809905018722,1.7076342607811954,0.0,0.0,1.0,0.0,0.0,4.14
STU-13300,-1.2519032549470397,0.18983763709280657,-0.5863647424711298,0.8027597183799973,0.48227060753461803,-1.462208544820855,2.614135926871946,1.0,0.0,0.0,0.0,1.0,4.57
STU-12113,0.04530895322788702,-1.0241245733712776,-0.6070312418372522,-1.0449059491371255,-0.1466390452549897,0.2834299552756527,0.3580835488840327,1.0,1.0,0.0,0.0,0.0,3.76
STU-11603,0.04530895322788702,1.1978146046130542,1.0285745651386575,-0.0029892193342368227,0.8950823088519974,-2.2407797068357294,-0.37935992867532364,1.0,0.0,0.0,0.0,0.0,5.13
STU-14963,2.6397333695777405,-0.2508357105165482,-2.240668810778293,-2.962032731974441,-0.1207934430855538,-0.17551725601732557,-0.3356379833654805,0.0,0.0,0.0,1.0,0.0,2.21
STU-13235,0.26151098792370814,0.5207647487074941,0.12220095008160957,0.7055141569317273,1.0544635222301855,-1.2163439673424739,-0.4872073937729371,0.0,0.0,1.0,0.0,0.0,5.16
STU-10316,0.47771302261952925,-0.19342998707318404,-0.11497173312007129,0.9972508412765361,-1.3707154813352185,-2.544012685725733,-0.612543636994488,0.0,0.0,0.0,0.0,0.0,4.64
STU-13393,-1.0357012202512186,-0.7522915888306413,0.0041066679894872695,0.27485524194653377,-1.2644613390830928,1.9880910257924302,-1.4053682452796459,0.0,1.0,0.0,0.0,0.0,3.35
STU-14178,0.26151098792370814,-0.6509873709894103,-0.4613816272569663,0.8305441645080737,0.950363180158846,2.4224517793375715,-0.5688216916846446,1.0,0.0,0.0,0.0,1.0,4.68
STU-11082,0.04530895322788702,0.12398989549600636,-0.25274839556088113,0.6638374877396126,0.030690502963084457,-1.2409304250903113,0.4892493848135629,1.0,0.0,0.0,0.0,1.0,4.69
STU-11054,-1.2519032549470397,0.7199963771285819,0.8652108082445539,1.1222808488528826,1.0544635222301855,-0.6836373828059805,-0.1403466276481806,0.0,0.0,0.0,1.0,0.0,5.31
STU-11661,-1.2519032549470397,0.4988155015085609,0.11728035499443805,0.1498252343701873,0.9482093799780597,-1.0770207067713904,-0.4988665791888953,1.0,0.0,0.0,0.0,0.0,4.95
STU-11658,0.26151098792370814,-0.10732140190813748,0.24915230333064287,-0.32251034980712207,1.0544635222301855,1.6520761032386422,-0.8777901052075371,1.0,0.0,0.0,1.0,0.0,5.22
STU-13002,-1.0357012202512186,0.4971270978778738,0.5030550098287081,0.594376372419419,1.0544635222301855,0.2916254411915993,0.3056172145122209,0.0,0.0,0.0,0.0,1.0,4.79
STU-11422,1.1263191267069925,1.4206838838637623,0.1477880445349035,1.789107555926732,0.9704653151795185,-0.7819832137973332,-0.8224089744817357,1.0,0.0,0.0,0.0,0.0,5.29
STU-10370,-0.3870951161637552,-0.17654595076631197,-0.9642664451659251,-1.058798172201164,-0.2184323846145339,-1.462208544820855,1.684315889949279,0.0,0.0,0.0,1.0,0.0,3.22
STU-13981,-1.2519032549470397,-0.16135031809012734,-1.070551299048836,-1.4477804179942426,-1.5128662932671162,-0.6590509250581421,3.3894717570331667,0.0,0.0,0.0,0.0,1.0,2.81
STU-13827,0.47771302261952925,-0.7421611670465181,0.06659822559656975,0.3026396880746102,-0.8947256413814406,0.7669636243164699,-0.2977456307636164,1.0,0.0,1.0,0.0,0.0,4.63
STU-12603,0.04530895322788702,-0.40110363364770724,0.542419770526083,-0.9198759415607791,-0.591757749284164,-0.43777280532759927,0.15404780410476432,0.0,1.0,0.0,0.0,0.0,3.14
STU-11033,1.991127265490277,-0.17485754713562482,-0.3787156297924795,-1.419995971866165,0.29417205841261185,-1.0524342490235528,-0.8603013270835997,0.0,0.0,1.0,0.0,0.0,3.49
STU-10996,-0.3870951161637552,-1.4715515355033808,-0.6749354540402229,-1.3644270796100109,-3.263187906852804,0.10312926512483986,0.10449626608694197,1.0,0.0,1.0,0.0,0.0,1.92
STU-14076,0.04530895322788702,-0.3318790847895327,0.6201651729033969,1.427909756261731,-1.2213853354673665,1.578316729995128,1.500683719647937,1.0,0.0,0.0,0.0,1.0,4.43
STU-13222,0.47771302261952925,-0.35551673561915337,-0.5903012185408679,-0.04466588852635272,0.25612158855205336,0.7013997369889016,-0.16075020212610727,1.0,0.0,0.0,0.0,1.0,4.01
STU-14381,0.26151098792370814,0.5173879414461199,1.500951693507151,0.9694663951484597,-0.20694545031700606,-0.6836373828059805,-1.4461753942354996,0.0,0.0,0.0,1.0,0.0,5.24
STU-14410,0.26151098792370814,-0.9785376753427237,0.6496887434264275,0.3582085803307643,-0.7633438303534738,-1.7490505518789663,0.25315088014040904,1.0,0.0,0.0,0.0,1.0,3.75
STU-12755,-0.8194991855553975,0.22529411333723723,-0.028369259585847902,0.12204078824210964,0.01633183509117643,0.02117440596537969,-1.3062651692440013,1.0,0.0,0.0,0.0,1.0,4.95
STU-12921,0.26151098792370814,-0.07355332929439394,0.5414356515086483,0.4415619187149961,1.0544635222301855,0.1604976665364624,1.2179484733109507,0.0,0.0,1.0,0.0,0.0,4.04
STU-11331,0.04530895322788702,1.150539302953813,1.500951693507151,-0.33640257287116154,1.0544635222301855,0.930873342635391,-0.05290273702849384,0.0,0.0,0.0,0.0,0.0,5.41
STU-10421,0.47771302261952925,-1.2098489727468678,-0.09528935277138378,-2.1007149020040528,-0.4840677402448477,0.7997455679802542,-0.4172522812771878,0.0,0.0,0.0,1.0,0.0,2.25
STU-14577,-0.8194991855553975,0.4127069163435147,1.500951693507151,0.385993026458842,1.0544635222301855,0.43094870176268196,-0.4901221901269266,1.0,0.0,1.0,0.0,0.0,4.62
STU-14238,-0.6032971508595764,-0.10225619101607604,-0.3796997488099144,-2.5174815939252086,-0.4172999346404711,1.0128282017948511,-1.3062651692440013,1.0,0.0,0.0,0.0,1.0,2.97
STU-11600,-1.2519032549470397,0.9276700237031054,-0.6336024553079797,1.0667119565967296,1.0544635222301855,1.5127528426675596,0.36682793794600144,0.0,0.0,1.0,0.0,0.0,4.88
STU-14943,0.26151098792370814,-0.5277339059492459,1.029558684156091,1.3167719717494226,-0.20335578334902904,-0.5443141222348977,-0.787431418233861,1.0,0.0,0.0,1.0,0.0,4.16
STU-10619,-1.0357012202512186,-0.4720165861365689,0.9852733283715459,0.024795226793840854,-0.6233468186023633,0.7505726524845775,-1.014785533845046,1.0,0.0,1.0,0.0,0.0,4.03
STU-14433,-0.3870951161637552,1.1708001465220592,1.500951693507151,1.4695864254538455,1.0544635222301855,0.6522268214932249,1.526916886833843,1.0,0.0,1.0,0.0,0.0,5.93
STU-13884,0.04530895322788702,-0.5040962551196255,-1.5813090690972695,-0.5447859188317385,-1.0117487845374973,1.0046327158789052,0.5358861264773958,0.0,0.0,0.0,0.0,1.0,2.39
STU-14729,1.3425211614028136,-1.3955733721224577,-2.275112976388495,-0.8504148262405868,-1.7181952438354122,-0.14273531235354137,0.1453034150427956,0.0,1.0,0.0,0.0,0.0,2.11
STU-12467,-0.3870951161637552,0.39413447640595545,-0.5361746725819783,-0.05855811159039094,1.0544635222301855,0.5456855045859264,-0.4988665791888953,0.0,0.0,0.0,0.0,1.0,3.9
STU-10101,0.04530895322788702,-0.1951183907038712,-0.6473801215520607,-0.43364813431943033,-1.4970717586080167,1.3734295820964768,-0.5163553573128328,0.0,0.0,1.0,0.0,0.0,2.76
STU-10528,-0.8194991855553975,1.0678075250501413,1.0807328730626788,0.26096301888249557,0.6330366201896604,-0.011607537698404523,0.6553927769909669,1.0,0.0,1.0,0.0,0.0,5.2
STU-10020,-1.2519032549470397,-1.214914183638929,-1.2752480546751832,0.024795226793840854,-0.5257078770733833,-0.3476224602521925,0.9060652634340687,1.0,0.0,0.0,1.0,0.0,2.66
STU-12955,0.9101170920111715,0.898967161981423,-0.9170287323290753,1.1222808488528826,0.1735592482885781,-1.9375467279457257,-1.0789110536328161,1.0,0.0,0.0,0.0,1.0,4.56
STU-14925,0.04530895322788702,-0.9228203555300467,-0.6247453841510701,-0.9893370568809715,-0.06407670499151343,-1.085216192687337,-0.21321653649791938,1.0,0.0,0.0,0.0,1.0,4.01
STU-10460,0.47771302261952925,-0.5631903821936769,0.12023271204674124,-2.1979604634523224,0.16422611417183666,0.685008765157009,1.3345403274705325,0.0,0.0,0.0,0.0,1.0,3.68
STU-12723,0.26151098792370814,0.3958228800366426,-0.34131910712997426,-0.10023478078250683,0.1735592482885781,0.10312926512483986,-1.2421396494562311,0.0,0.0,1.0,0.0,0.0,3.84
STU-12794,0.9101170920111715,-1.3837545467076473,-1.7889581817759213,-0.9754448338169333,-0.8179067682667277,1.4144070116762075,1.2033744915410027,0.0,1.0,0.0,0.0,0.0,2.07
STU-11300,-0.8194991855553975,0.27088101136579107,0.7097200034899235,0.9000052798282673,0.9920033169873815,2.373278863841895,1.3695178837184074,0.0,1.0,0.0,0.0,0.0,4.48
STU-11654,-0.3870951161637552,-0.16135031809012734,-1.2919780779715675,-2.281313801836553,-0.395761932832608,-0.3066450306724624,0.089922284316994,0.0,0.0,1.0,0.0,0.0,3.57
STU-13722,0.47771302261952925,-1.103479544013575,-0.4298898186990674,-0.6420314802800086,0.21160971814913662,0.7833545961483617,0.8506841327082668,1.0,0.0,1.0,0.0,0.0,3.74
STU-13399,-1.0357012202512186,-0.6408569492052871,-0.6877290012668692,-1.253289295097704,-1.2228212022545573,0.43094870176268196,-0.1549206094181283,0.0,0.0,0.0,0.0,1.0,2.95
STU-12588,-0.3870951161637552,-0.9954217116495955,-2.2101611212378276,-0.016881442398275045,-1.3900996829622951,1.5045573567516137,1.2849887894527101,0.0,0.0,1.0,0.0,0.0,2.63
STU-12027,-0.8194991855553975,-1.677536778447217,-1.4258182643426407,-0.7392770417282786,-2.98821941710575,1.021023687710797,-0.5484181172067176,1.0,0.0,0.0,0.0,0.0,2.07
STU-13832,-1.2519032549470397,-0.5125382732730612,-0.19763773058455802,0.17760968049826376,0.0400236370798259,-0.9622839039481459,-0.7349650838620491,0.0,0.0,0.0,0.0,0.0,3.72
STU-13383,2.2073293001860983,0.9175396019189819,1.500951693507151,0.2470707958184561,1.0544635222301855,-0.33123148842030076,-0.16657979483408653,0.0,0.0,0.0,1.0,0.0,5.09
STU-10083,0.47771302261952925,-1.2351750272071753,-1.4287706213949438,-0.2808336806150074,0.0026911006128621704,2.5044066384970316,-1.0293595156149937,0.0,0.0,1.0,0.0,0.0,3.62
STU-12205,-0.8194991855553975,-0.10225619101607604,-0.8117279974635994,-0.4892170265755844,0.1398163787895924,1.1603469482818798,0.28229884368030445,0.0,0.0,0.0,0.0,0.0,4.32
STU-12528,0.6939150573153504,-0.9278855664221083,-1.8243864664035583,1.789107555926732,-0.2844822568253147,0.6276403637453866,0.38140191971594917,1.0,0.0,0.0,1.0,0.0,4.36
STU-10129,0.9101170920111715,-0.20018360159593263,-0.08938463866677739,0.4415619187149961,0.18648204937329554,-0.8721335588727391,-0.6883283421982163,1.0,0.0,0.0,0.0,0.0,4.47
STU-13907,-1.2519032549470397,1.094821983141136,0.28950118304545136,0.13593301130614785,0.8275965698540259,-0.4705547489913835,-0.761198251047955,0.0,0.0,0.0,0.0,1.0,4.57
STU-12200,0.6939150573153504,-0.9059363192231747,-2.0290832220299055,0.20539412662634143,-2.447615571728382,0.33260287077132933,-0.3356379833654805,0.0,1.0,0.0,0.0,0.0,2.55
STU-14865,1.7749252307944559,0.9378004454872283,1.500951693507151,1.6918619944784619,1.0544635222301855,-0.7492012701335489,-0.061647126090462565,0.0,0.0,1.0,0.0,0.0,5.98
STU-10640,-0.17089308146793408,-0.49396583333550237,-1.4750242152143587,-1.2949659642898186,-0.6613972884629219,0.6112493919134948,-1.352901910907834,1.0,1.0,0.0,0.0,0.0,3.41
STU-14297,0.26151098792370814,-0.4905890260741281,0.48042027242771734,-0.3780792420632762,-0.5616045467531553,-0.6098780095624662,0.44261264314972976,1.0,1.0,0.0,0.0,0.0,3.39
STU-13846,-0.3870951161637552,-0.45682095346038426,-0.06773402028322154,1.789107555926732,-0.8401627034681866,-0.6836373828059805,0.6349892025130405,1.0,0.0,0.0,1.0,0.0,3.98
STU-10221,-0.8194991855553975,-0.6492989673587232,-0.2822719660839131,-1.6005948716986669,-0.0016164997487096255,1.0128282017948511,0.2298325093084926,0.0,1.0,0.0,0.0,0.0,2.83
STU-12941,0.04530895322788702,0.5528444176905505,1.500951693507151,1.6224008791582696,1.0544635222301855,2.2831285187664876,-0.8457273453136519,1.0,1.0,0.0,0.0,0.0,6.17
STU-11935,-1.0357012202512186,0.7199963771285819,0.7648306684662479,1.2750953025573066,1.0544635222301855,0.8735049412237684,0.31727639992817913,0.0,0.0,1.0,0.0,0.0,5.64
STU-10821,0.04530895322788702,-1.5762325606059862,-2.1127333385118257,-1.1421515105853957,-1.975933332136176,-0.7082238405538188,-0.3123196125335641,0.0,0.0,1.0,0.0,0.0,2.62
STU-10244,2.2073293001860983,-1.5914281932821708,-1.241788008082416,-0.1419114499746215,-0.6915504909939295,0.43914418767862784,-0.7990906036498192,0.0,1.0,0.0,0.0,0.0,2.61
STU-11446,0.26151098792370814,-0.287980590391666,-0.9032510660849956,0.3721008033948038,-0.6018088167944993,-0.8721335588727391,1.1130158045673266,1.0,0.0,0.0,0.0,1.0,4.85
STU-11875,-0.17089308146793408,-1.0595810496157083,-1.9651154858966713,-1.072690395265202,0.1735592482885781,-0.19190822784921804,-0.3968487067992611,1.0,0.0,0.0,0.0,0.0,3.6
STU-10834,-0.6032971508595764,-0.41798766995457926,-0.5027146259892097,-0.6003548110878927,-0.16458738009487572,1.0292191736267429,-0.16657979483408653,1.0,1.0,0.0,0.0,0.0,3.49
STU-14856,0.47771302261952925,-1.4141458120600165,-1.7663234443749305,-1.8784393329794362,-1.6744013068260901,0.22606155386403082,-0.592140062516561,0.0,0.0,0.0,0.0,0.0,1.63
STU-11592,-1.2519032549470397,-0.048227274834086155,-0.5125558161635527,0.024795226793840854,-0.6269364855703403,0.5538809905018722,0.15696260045875382,1.0,0.0,0.0,0.0,0.0,4.29
STU-13379,1.3425211614028136,2.114617776076194,1.500951693507151,0.6082685954834585,1.0544635222301855,0.5620764764178188,-1.5540228593331131,0.0,0.0,0.0,0.0,1.0,5.96
STU-12756,-0.6032971508595764,-0.048227274834086155,1.500951693507151,-0.10023478078250683,0.9848239830514276,-0.0607804531940812,0.7399218712566642,1.0,1.0,0.0,0.0,0.0,5.05
STU-13634,0.26151098792370814,-0.9937333080189084,0.6920058611761057,-1.1004748413932797,-0.3756597978119356,0.12771572287267818,2.0515802305519624,1.0,0.0,0.0,0.0,1.0,4.52
STU-10054,-0.17089308146793408,-1.750138134566766,-0.3934774150539955,-1.767301548467128,-0.08130710643780367,-0.20010371376516392,-0.6883283421982163,0.0,0.0,0.0,0.0,0.0,3.87
STU-14040,0.26151098792370814,-0.3453863138350302,0.06659822559656975,0.9833586182124978,-1.8926530584791046,1.1931288919456646,0.7224330931327267,1.0,0.0,0.0,0.0,1.0,3.63
STU-13307,-0.8194991855553975,-0.34707471746571733,0.057249094930942025,-0.0029892193342368227,1.0544635222301855,-0.17551725601732557,0.22400291660051336,0.0,0.0,0.0,0.0,0.0,4.0
STU-12397,0.26151098792370814,0.1661999862631859,1.3503814838396935,0.9555741720844214,0.1735592482885781,0.3407983566872752,1.684315889949279,0.0,0.0,0.0,0.0,1.0,4.62
STU-10851,0.04530895322788702,0.9361120418565408,-0.1671300410440926,0.8027597183799973,1.0544635222301855,-0.7164193264697647,-1.4986417286073115,1.0,0.0,1.0,0.0,0.0,5.33
STU-14889,0.47771302261952925,2.49450859298081,1.500951693507151,1.789107555926732,1.0544635222301855,-0.6836373828059805,-1.536534081209176,0.0,0.0,1.0,0.0,0.0,5.82
STU-13479,1.1263191267069925,-0.048227274834086155,1.3149531992120567,-0.2808336806150074,1.0544635222301855,-0.33942697433624663,0.24732128743242981,1.0,0.0,0.0,1.0,0.0,4.4
STU-10201,0.47771302261952925,0.19152604072349372,0.25013642234807776,1.2750953025573066,1.0544635222301855,-1.7408550659630204,-0.7699426401099236,0.0,0.0,0.0,0.0,1.0,5.46
STU-10155,0.6939150573153504,-0.24577049962448647,-0.5391270296342815,-1.1004748413932797,0.15202124648071505,0.6768132792410632,2.7831941154033397,1.0,0.0,0.0,0.0,1.0,3.94
STU-11902,0.04530895322788702,-1.750138134566766,-0.6719830969879198,-1.7534093254030896,-2.940117879734855,-0.2984495447565166,0.34642436346807454,0.0,0.0,0.0,0.0,1.0,3.04
STU-14216,0.26151098792370814,-1.017370958848529,0.36134187131816015,-0.8781992723686632,0.9769267157218777,0.5292945327540346,-0.42308187398516706,0.0,1.0,0.0,0.0,0.0,3.0
STU-14326,0.26151098792370814,0.2016564625076169,-0.25373251457831597,0.6777297108036509,1.0544635222301855,0.8489184834759294,-0.4551446338790522,0.0,0.0,1.0,0.0,0.0,4.52
STU-14553,-0.8194991855553975,-0.048227274834086155,-1.201439128367606,-0.4058636881913539,0.1735592482885781,0.02936989188132556,-0.07622110786041027,0.0,0.0,0.0,0.0,1.0,3.06
STU-13001,0.47771302261952925,0.471801043417566,1.500951693507151,1.1083886257888442,0.5971399505098883,-0.8721335588727391,-0.1403466276481806,0.0,0.0,0.0,0.0,1.0,4.73
STU-13645,0.26151098792370814,-0.06004610024889648,-0.9229334464336818,-0.1419114499746215,0.1735592482885781,0.045760863713217304,0.2735544546183357,0.0,0.0,0.0,0.0,1.0,3.39
STU-11856,0.26151098792370814,0.4751778506789403,1.500951693507151,0.8444363875721131,0.5598074140429257,0.8079410538962001,-1.0089559411370668,0.0,0.0,0.0,0.0,1.0,5.26
STU-10957,-0.6032971508595764,-0.6003352620687947,-1.4858495244061367,1.05281973353269,-0.11935757629836219,2.0782413708678362,-1.2217360749783042,1.0,0.0,0.0,1.0,0.0,4.61
STU-13536,1.3425211614028136,1.251843520795044,0.06659822559656975,1.789107555926732,1.0544635222301855,-0.21649468559705567,-0.8369829562516834,0.0,1.0,0.0,0.0,0.0,5.86
STU-11349,0.04530895322788702,0.5258299595995559,-0.18287594532304205,-0.2391570114228915,-0.016693101014214482,-0.48694572082327525,1.9903695071181815,1.0,0.0,0.0,0.0,1.0,4.12
STU-13499,-0.3870951161637552,-0.5851396293926101,-0.7625220465918813,0.31653191113864965,-0.2162785844337475,-1.3966446574932865,-0.871960512499558,0.0,0.0,0.0,0.0,0.0,3.25
STU-11556,-0.6032971508595764,0.9681917108395975,0.5010867717938398,1.386233087069615,0.03715190350544368,-0.790178699713279,-0.23653490732983581,0.0,0.0,1.0,0.0,0.0,4.81
STU-10977,-1.0357012202512186,0.6321993883328485,-0.7359508331211538,-0.07245033465442915,0.29273619162542125,-0.5197276644870594,-1.151780962482555,1.0,0.0,0.0,1.0,0.0,4.12
STU-10406,0.6939150573153504,1.4949736436139984,1.500951693507151,0.5804841493553808,1.0544635222301855,-0.8311561292930091,-0.16657979483408653,0.0,0.0,1.0,0.0,0.0,5.13
STU-10253,0.04530895322788702,0.9597496926861615,0.6634664096705086,1.386233087069615,0.7479059631649319,-0.6590509250581421,1.658082722763373,0.0,1.0,0.0,0.0,0.0,4.23
STU-14201,0.9101170920111715,0.6034965266111662,-0.9937900156889558,-0.7948459339844327,-1.172565864702876,-0.4213818334957068,-0.7437094729240178,0.0,1.0,0.0,0.0,0.0,4.01
STU-13951,0.04530895322788702,-0.5699439967164255,-2.1619392893835436,1.0250352874046138,-2.34710489662502,-0.8803290447886858,0.5941820535571866,1.0,0.0,1.0,0.0,0.0,2.83
STU-12082,0.26151098792370814,0.9513076745327255,0.1763274960405006,0.024795226793840854,0.1735592482885781,-0.7573967560494947,-0.4697186156489999,1.0,0.0,0.0,1.0,0.0,4.15
STU-14719,-1.2519032549470397,-0.048227274834086155,-1.1118842977810794,-0.6420314802800086,0.3013513923485669,-1.5769453476440993,0.20359934212258668,1.0,0.0,0.0,0.0,0.0,4.41
STU-13085,-0.17089308146793408,-1.1828345146558727,-0.18779654041021357,-0.9476603876888556,-0.03033383549252772,1.0947830609543114,-1.3907942635096984,0.0,0.0,0.0,1.0,0.0,2.82
STU-10933,-0.6032971508595764,-0.7742408360295746,0.8386395947738251,0.788867495315959,-0.4144282010660889,-1.167171051846797,-1.4141126343416146,0.0,1.0,0.0,0.0,0.0,4.25
STU-10487,-0.17089308146793408,0.6473950210090331,0.2747393977839368,0.9694663951484597,1.0544635222301855,0.3489938426032211,-0.4085078922152193,0.0,0.0,1.0,0.0,0.0,4.8
STU-14928,-1.2519032549470397,-0.370712368295338,0.7677830255185512,-0.8226303801125091,0.93241484531896,0.7751591102324158,-0.682498749490237,0.0,0.0,0.0,0.0,1.0,5.29
STU-12906,0.6939150573153504,-0.6425453528359742,-1.9818455091930556,-1.267181518161742,-1.448252287843526,0.20967058203213837,-0.9972967557211087,1.0,0.0,0.0,0.0,1.0,3.25
STU-10388,0.04530895322788702,-0.6999510762793387,0.8248619285297439,-0.5031092496396239,1.0544635222301855,-1.6097272913078835,-0.9535748104112654,1.0,0.0,0.0,0.0,1.0,4.2
STU-12324,0.9101170920111715,-1.1811461110251855,0.602451030589579,0.7610830491878814,0.1735592482885781,1.1767379201137715,-0.169494591188076,1.0,0.0,0.0,1.0,0.0,4.1
STU-10648,0.26151098792370814,0.16788838989387306,0.24915230333064287,1.789107555926732,0.8132379019821169,1.6520761032386422,-0.23653490732983581,0.0,0.0,0.0,1.0,0.0,4.98
STU-13259,0.6939150573153504,-0.3690239646646508,0.9724797811448983,-0.25304923448692973,-2.0254707362942614,0.21786606794808422,-0.4638890229410207,0.0,0.0,0.0,1.0,0.0,3.31
STU-14330,0.04530895322788702,0.43296775991176073,1.500951693507151,0.49713081097115025,-0.003770299929496034,0.7259861947367392,-0.344382372427449,0.0,1.0,0.0,0.0,0.0,4.7
STU-12681,1.1263191267069925,-0.23057486694830184,-0.4830322456405221,0.3582085803307643,0.6380621539448291,-0.44596829124354515,0.5912672572031971,0.0,0.0,0.0,0.0,0.0,4.85
STU-11975,-0.17089308146793408,-1.1558200565648777,1.500951693507151,-1.461672641058281,0.1735592482885781,0.7341816806526857,0.4047202905478656,0.0,0.0,0.0,1.0,0.0,3.61
STU-14274,0.26151098792370814,-1.0545158387236468,0.06659822559656975,-1.517241533314435,1.0544635222301855,-0.06897593911002707,-0.4988665791888953,0.0,0.0,0.0,0.0,1.0,3.19
STU-12350,-1.0357012202512186,-0.750603185199954,0.9970827565807573,0.7194063799957667,0.1735592482885781,-1.3884491715773406,0.19194015670662848,0.0,0.0,0.0,0.0,0.0,3.98
STU-11964,0.04530895322788702,0.2641273968430425,0.4843567484974554,-0.6142470341519322,1.0544635222301855,1.357038610264585,-0.11411346046227441,0.0,0.0,0.0,0.0,1.0,4.53
STU-11617,0.04530895322788702,0.2793230295192271,-0.5283017204425036,0.024795226793840854,1.0544635222301855,0.19327961020024662,-0.5746512843926236,0.0,0.0,1.0,0.0,0.0,4.35
STU-14088,-1.0357012202512186,0.7942861368788176,1.0561298976268199,0.4554541417790343,1.0544635222301855,-1.511381460316531,-0.9535748104112654,0.0,0.0,0.0,1.0,0.0,5.37
STU-10841,-0.6032971508595764,0.3384171565932784,0.10350268875035692,1.789107555926732,0.6287290198280877,-0.6590509250581421,-0.16657979483408653,1.0,0.0,1.0,0.0,0.0,4.5
STU-10509,-0.8194991855553975,-0.4146108626932047,1.1496212042830845,-1.0865826183292415,0.6086268848074162,0.02936989188132556,0.8244509655223609,0.0,0.0,0.0,0.0,0.0,4.82
STU-11876,-0.3870951161637552,0.07840299746745251,0.2914694210803197,0.8861130567642278,0.747188029771336,-1.5277724321484234,0.36974273429999094,1.0,0.0,0.0,1.0,0.0,4.21
STU-12143,-0.6032971508595764,-0.3133066448519738,-0.5529046958783626,-0.6976003725361627,-1.624863902668005,-0.2082991996811098,0.089922284316994,0.0,1.0,0.0,0.0,0.0,3.1
STU-12120,0.9101170920111715,0.06827257568332934,0.2048669475460963,-0.4197559112553921,-0.02889796870533712,-0.38040440391597674,-0.20155735108196116,1.0,0.0,0.0,1.0,0.0,3.98
STU-14909,-0.17089308146793408,0.34685917474671446,0.31705651553361364,0.26096301888249557,0.8082123682269482,-0.18371274193327145,-0.20447214743595066,1.0,0.0,0.0,1.0,0.0,4.62
STU-13063,-0.6032971508595764,-0.2542125177779225,-0.03230573565558457,-0.8781992723686632,-0.3663266636951952,0.07854280737700152,0.31436160357418963,0.0,0.0,0.0,1.0,0.0,3.58
STU-13938,-0.3870951161637552,0.020997274024088342,1.500951693507151,1.094496402724806,0.15345711326790565,0.11952023695673232,-0.4172522812771878,0.0,0.0,0.0,0.0,1.0,5.0
STU-14160,-0.6032971508595764,-0.6138424911142921,-1.3559458141048015,-2.225744909580399,-0.504887808659115,-1.298298826501934,0.9060652634340687,0.0,1.0,0.0,0.0,0.0,2.53
STU-10314,1.3425211614028136,0.8702643002597412,1.2755884385146816,-0.030773665462313266,0.6150882853497744,0.9554598003832286,1.442387792568146,1.0,0.0,0.0,0.0,1.0,5.3
STU-14997,-1.0357012202512186,0.8348078240153103,0.8750519984188969,0.17760968049826376,1.0544635222301855,0.012978920049433091,0.8973208743720997,0.0,0.0,0.0,1.0,0.0,5.33
STU-13723,-0.6032971508595764,0.6558370391624685,-0.43973100887341043,1.789107555926732,0.6086268848074162,0.6112493919134948,0.643733591575009,1.0,0.0,1.0,0.0,0.0,5.35
STU-10858,-1.2519032549470397,-0.7100814980634615,-1.652165638352545,-0.7531692647923168,-0.577399081412255,-0.17551725601732557,0.15404780410476432,0.0,0.0,0.0,0.0,1.0,3.5
STU-14322,0.04530895322788702,0.8331194203846228,1.334635579560744,0.8583286106361514,1.0544635222301855,0.15230218062051654,0.019967171821244956,1.0,0.0,0.0,0.0,1.0,4.94
STU-10682,0.47771302261952925,-1.5897397896514838,-0.03525809270788777,0.385993026458842,-0.22417585176329732,0.1604976665364624,-0.9156824578094013,0.0,0.0,0.0,0.0,1.0,2.89
STU-10318,-1.2519032549470397,-0.5513715567788665,-0.954425254991582,-0.0029892193342368227,0.06730510603645237,-1.044238763107606,-1.5627672483950819,0.0,0.0,0.0,0.0,1.0,4.02
STU-12616,0.04530895322788702,0.02268567765477549,1.2244142496080952,-0.2391570114228915,0.9963109173489544,0.6522268214932249,-0.6475211932423623,0.0,0.0,1.0,0.0,0.0,5.21
STU-11488,0.04530895322788702,-0.473704989767256,-0.894393994928086,-0.864307049304625,-0.9413913119651437,-0.8803290447886858,0.946872412389922,0.0,0.0,0.0,1.0,0.0,3.09
STU-14590,0.26151098792370814,-1.3027111724346627,-1.1158207738508175,0.024795226793840854,1.0544635222301855,-0.5852915518146279,-0.061647126090462565,1.0,1.0,0.0,0.0,0.0,2.81
STU-13622,0.04530895322788702,-1.1710156892410624,-1.82733882345586,-1.253289295097704,-2.74555793007049,0.02117440596537969,0.10741106244093146,0.0,1.0,0.0,0.0,0.0,2.28
STU-12579,0.47771302261952925,0.14425073906425243,-0.2419230863691032,0.05257967292191729,-0.038949036215673354,1.143955976449988,0.26772486191035677,1.0,0.0,0.0,0.0,1.0,4.54
STU-10066,-0.17089308146793408,-0.0499156784647733,0.06659822559656975,-0.05855811159039094,0.16494404756543246,0.47192613134241207,-1.6152335827668935,0.0,0.0,0.0,0.0,1.0,4.12
STU-13358,0.04530895322788702,-0.6763134254497181,-0.639507169412586,-0.461432580447508,-0.0848967734057817,-0.8065696715451715,1.5706388321436864,1.0,0.0,0.0,1.0,0.0,3.21
STU-10285,-1.2519032549470397,-1.481681957287504,-1.1679790817748388,-1.961792671363668,-0.9291864442740211,-2.527621713893841,0.13947382233481637,0.0,0.0,1.0,0.0,0.0,2.25
STU-14181,0.26151098792370814,-1.165950478349001,-1.9779090331233176,-0.5170014727036621,-1.1790272652452352,-0.10175788277381129,-1.3150095583059698,0.0,0.0,0.0,0.0,1.0,2.58
STU-12777,-0.8194991855553975,0.024374081285462635,0.3288659437428264,-0.21137256529481507,0.41765660211102784,-0.6344644673103038,0.17736617493668075,1.0,0.0,0.0,1.0,0.0,3.74
STU-11861,-1.2519032549470397,-0.9211319518993595,-0.7123319767027283,1.789107555926732,-2.414590635622991,1.062001117290528,-0.8777901052075371,0.0,0.0,1.0,0.0,0.0,4.23
STU-12972,-0.3870951161637552,-1.5981818078049195,-2.275112976388495,-0.5447859188317385,-1.4784054903745347,-1.003261333527876,-0.16657979483408653,1.0,0.0,0.0,0.0,1.0,3.01
STU-14391,0.26151098792370814,-0.09550257649332745,-1.4041676459590848,-0.6142470341519322,-0.4402738032355248,-0.7737877278813873,0.6553927769909669,1.0,0.0,1.0,0.0,0.0,3.06
STU-11381,1.5587231960986347,0.7588296606343872,0.24619994627833966,0.08036411904999374,0.43632287034450973,-0.5197276644870594,-0.8981936796854639,1.0,0.0,0.0,0.0,0.0,5.38
STU-14671,-1.2519032549470397,0.39413447640595545,-0.8589657103004491,-1.3366426334819344,-0.39217226586463105,-1.831005411038427,1.6143607774535296,1.0,0.0,0.0,1.0,0.0,4.74
STU-13522,0.26151098792370814,0.5545328213212379,1.500951693507151,0.26096301888249557,1.0544635222301855,0.48831710317430377,0.7282626858407056,0.0,1.0,0.0,0.0,0.0,5.32
STU-14441,0.26151098792370814,-1.165950478349001,-1.2388356510301126,-0.05855811159039094,-1.8065010512476518,0.47192613134241207,-0.0674767187984418,0.0,1.0,0.0,0.0,0.0,2.79
STU-12782,0.47771302261952925,-0.21031402338005578,-0.774331474801094,1.136173071916922,1.0523097220493989,0.08673829329294812,-0.3939339104452716,1.0,0.0,0.0,1.0,0.0,4.48
STU-12629,0.6939150573153504,1.8883716895641116,0.6152445778162253,-0.35029479593519974,0.1735592482885781,-0.3885998898319226,-0.1840685729580237,0.0,0.0,1.0,0.0,0.0,4.6
STU-12090,-0.8194991855553975,0.6271341774407867,0.7540053592744701,0.3304241342026879,1.0544635222301855,0.08673829329294812,-0.7728574364639131,1.0,0.0,0.0,0.0,1.0,3.66
STU-13489,1.3425211614028136,0.9901409580385306,1.500951693507151,0.8722208337001897,1.0544635222301855,-0.7328102983016564,0.12489984056486865,0.0,0.0,1.0,0.0,0.0,5.14
STU-12531,-1.2519032549470397,-0.15121989630600446,0.2255334469122187,0.28874746501057197,-0.4481710705650756,0.02117440596537969,0.8506841327082668,0.0,0.0,1.0,0.0,0.0,3.82
STU-14468,-1.2519032549470397,-0.5192918877958101,-0.6247453841510701,-1.058798172201164,-0.8401627034681866,-0.10995336868975716,0.08700748796300452,1.0,0.0,0.0,1.0,0.0,2.91
STU-14429,-0.8194991855553975,0.9952061689305924,1.3434926507176537,0.39988524952288024,0.7672901647920085,0.14410669470456994,-0.6416916005343835,1.0,0.0,0.0,0.0,0.0,4.99
STU-10273,0.26151098792370814,-0.12420543821500954,0.6319746011126097,0.6499452646755731,-0.10284510824566775,-1.6097272913078835,0.01413757911326572,0.0,0.0,1.0,0.0,0.0,4.18
STU-10130,0.47771302261952925,0.35698959653083767,-0.9386793507126326,-0.364187018999238,1.0544635222301855,-0.10175788277381129,-0.48137780106495814,0.0,0.0,0.0,1.0,0.0,3.29
STU-12428,0.04530895322788702,1.94915422026885,1.500951693507151,-0.6420314802800086,1.0544635222301855,-0.011607537698404523,0.5388009228313853,1.0,0.0,0.0,1.0,0.0,5.28
STU-13067,1.7749252307944559,0.08346820835951395,-0.28916079920595295,-0.11412700384654506,-0.04684630354522318,0.6932042510729549,-0.7087319166761431,1.0,0.0,0.0,1.0,0.0,4.53
STU-12988,0.47771302261952925,-0.8350233667343131,-0.9229334464336818,-0.43364813431943033,0.4636043393011362,-0.839351615208955,-0.6737543604282685,0.0,1.0,0.0,0.0,0.0,3.69
STU-12305,-0.6032971508595764,-0.9430811990982929,-1.1286143210774637,-0.7531692647923168,-0.3663266636951952,-0.20010371376516392,-1.178014129668461,1.0,0.0,0.0,0.0,1.0,3.31
STU-12245,0.6939150573153504,-0.13264745636844527,-1.8007676099851326,-1.8506548868513597,1.0544635222301855,0.8653094553078226,0.6029264426191551,1.0,0.0,1.0,0.0,0.0,3.33
STU-12653,-1.2519032549470397,-0.6813786363417795,-1.8115929191769107,-1.3922115257380885,-1.1287719276935542,-1.290103340585988,0.9293836342659851,1.0,0.0,0.0,0.0,1.0,3.08
STU-14472,1.1263191267069925,0.37556203646839653,0.06659822559656975,0.9416819490203819,-0.7827280319805514,0.17688863836835414,-0.7553686583399759,0.0,0.0,0.0,1.0,0.0,4.64
STU-10194,-1.2519032549470397,1.4021114439262035,0.2393111131562998,1.6224008791582696,1.0544635222301855,0.8898959130556602,-0.3094048161795746,1.0,0.0,0.0,0.0,1.0,5.35
STU-13047,0.26151098792370814,-0.048227274834086155,-0.5204287683030289,1.789107555926732,0.2353015201377861,-0.04438948136218873,-0.98855236665914,0.0,1.0,0.0,0.0,0.0,4.26
STU-10786,9.990602549235659,-0.674625021819031,0.18912104326714685,1.386233087069615,-0.3799673981735084,-0.24927662926083988,0.16570698952072255,0.0,1.0,0.0,0.0,0.0,4.62
STU-14327,-0.8194991855553975,1.7735602426773833,0.32492946767308833,-0.4753248035115462,1.0544635222301855,-0.7082238405538188,-0.6970727312601849,0.0,0.0,0.0,1.0,0.0,4.46
STU-10990,0.26151098792370814,0.416083723604889,0.6329587201300445,1.6779697714144237,-0.17176671403082974,1.3980160398443158,-0.2977456307636164,0.0,0.0,0.0,0.0,1.0,4.66
STU-12896,-0.6032971508595764,-0.7674872215068259,0.37315129952737297,1.080604179660768,0.14699571272554643,-0.8065696715451715,-1.367475892677782,0.0,1.0,0.0,0.0,0.0,4.22
STU-10864,-0.6032971508595764,0.6794746899920892,1.500951693507151,1.789107555926732,1.0121054520080541,1.602903187742967,-1.2450544458102206,1.0,0.0,0.0,1.0,0.0,6.07
STU-10138,0.47771302261952925,-0.9836028862347851,-0.8796322096665701,-0.9198759415607791,-0.5788349481994456,-0.8475471011249015,0.3201911962821686,0.0,0.0,0.0,0.0,0.0,3.1
STU-13299,-0.8194991855553975,-0.7016394799100258,0.433182559590869,0.16371745743422553,-1.0684655226315367,1.5619257581632362,0.2910432327422732,0.0,1.0,0.0,0.0,0.0,4.54
STU-14926,-1.2519032549470397,-0.6611177927735334,-0.9593458500787536,0.5665919262913426,-0.9981080500591841,-0.5689005799827361,-0.16657979483408653,0.0,0.0,0.0,0.0,1.0,3.93
STU-10424,-0.17089308146793408,-0.5344875204719948,-0.0017980461151191256,1.789107555926732,0.35735019704901144,-0.91311098845247,-0.31814920524154305,1.0,1.0,0.0,0.0,0.0,4.77
STU-13191,2.2073293001860983,-0.012770798589655482,-0.6582054307438386,1.789107555926732,-0.061922904810727014,-0.7164193264697647,0.5766932754332491,1.0,0.0,0.0,1.0,0.0,5.26
STU-10967,0.6939150573153504,1.0526118923739567,1.3110167231423184,1.789107555926732,1.0544635222301855,-1.7162686082151821,1.1042714155053581,0.0,0.0,0.0,1.0,0.0,5.25
STU-12396,0.26151098792370814,1.5152344871822443,1.0354633982606976,1.4834786485178848,1.0544635222301855,-0.6426599532262504,-0.624202822410446,0.0,0.0,1.0,0.0,0.0,5.96
STU-14414,-1.2519032549470397,-0.048227274834086155,0.18518456719740878,0.09425634211403319,-0.13371624417027123,0.8407229975599835,-1.0818258499868056,0.0,1.0,0.0,0.0,0.0,4.62
STU-11697,0.9101170920111715,1.1420972848003774,1.500951693507151,0.7055141569317273,1.0544635222301855,-0.8475471011249015,0.8798320962481627,1.0,1.0,0.0,0.0,0.0,5.77
STU-12101,-0.3870951161637552,0.18139561893937053,-1.3352793147386792,-1.0032292799450098,0.460732605726755,1.6274896454908045,-1.1284625916506386,0.0,0.0,0.0,0.0,0.0,4.36
STU-14715,0.47771302261952925,-0.38084279007946115,0.32296122963822,-0.19748034223077562,-0.3045843918459872,0.48831710317430377,-0.5163553573128328,1.0,0.0,0.0,0.0,0.0,4.86
STU-12974,1.991127265490277,-0.8738566502401184,-0.2566848716306192,0.39988524952288024,-1.0605682553019868,0.9718507722151204,0.9177244488500267,0.0,0.0,1.0,0.0,0.0,3.65
STU-12549,0.47771302261952925,-0.44500212804557393,-1.3215016484945994,-1.114367064457318,-1.230000536190511,-0.5607050940667895,1.0692938592574832,0.0,0.0,0.0,0.0,1.0,2.59
STU-10701,1.5587231960986347,-0.9312623736834825,-0.41709627147241973,-0.6837081494721244,-0.6613972884629219,-0.8147651574611173,-0.39101911409128187,0.0,0.0,0.0,0.0,0.0,3.45
STU-11881,-0.3870951161637552,0.7638948715264483,0.06659822559656975,0.7749752722519196,1.0544635222301855,-0.7737877278813873,-0.4085078922152193,0.0,0.0,0.0,0.0,1.0,4.99
STU-11490,-0.3870951161637552,0.40764170545145295,-0.8284580207599836,-0.8365226031765474,1.0544635222301855,0.37358030035105944,-1.041018701030952,0.0,0.0,0.0,1.0,0.0,3.8
STU-14174,-0.17089308146793408,0.4751778506789403,0.5443880085609514,0.28874746501057197,1.0544635222301855,-0.03619399544624286,-0.4697186156489999,0.0,0.0,0.0,1.0,0.0,4.39
STU-10149,-0.3870951161637552,-0.9413927954676056,-0.9849329445320475,-0.7253848186642391,-0.9916466495168248,-1.2737123687540957,-1.4024534489256562,1.0,0.0,0.0,0.0,0.0,2.9
STU-11421,1.991127265490277,-0.1410894745218813,0.06659822559656975,-0.669815926408085,-0.04182076979005455,-0.2984495447565166,3.3894717570331667,0.0,0.0,0.0,0.0,1.0,3.96
STU-13107,0.6939150573153504,-0.4078572481704561,-1.8598147510311953,-1.6839482100828973,0.1735592482885781,1.3488431243486392,-0.07913590421440002,1.0,1.0,0.0,0.0,0.0,2.5
STU-10202,-0.6032971508595764,-0.5057846587503126,-0.8776639716317017,-0.11412700384654506,-0.6771918231220215,0.25884349752781505,-0.2511088890997835,0.0,0.0,0.0,0.0,0.0,4.56
STU-13535,-1.2519032549470397,0.46335902526413,0.06659822559656975,0.6082685954834585,0.8110841018013304,-0.0607804531940812,-1.5015565249613012,0.0,1.0,0.0,0.0,0.0,4.58
STU-11597,-0.17089308146793408,-1.9020944613286124,-2.528031563869126,-0.11412700384654506,-1.8230135193003467,-0.06897593911002707,-0.5629920989766654,1.0,0.0,0.0,0.0,1.0,2.04
STU-10414,0.04530895322788702,0.3367287529625913,-0.057892830108878475,0.024795226793840854,0.8663649731081792,-1.839200896954373,1.8941812274365264,0.0,0.0,0.0,0.0,1.0,4.44
STU-11740,0.9101170920111715,-0.6341033346825385,1.500951693507151,-0.44754035738346976,-2.8661707401945242,0.3817757862670053,0.06951870983906731,1.0,0.0,1.0,0.0,0.0,3.77
STU-14709,0.26151098792370814,0.34685917474671446,0.6290222440603065,1.1222808488528826,0.7450342295905497,-0.08536691094191881,-1.1168034062346803,0.0,1.0,0.0,0.0,0.0,4.74
STU-14847,-1.2519032549470397,-1.4799935536568167,0.06659822559656975,-0.8365226031765474,-1.802193450886079,0.012978920049433091,1.319966345700585,0.0,0.0,1.0,0.0,0.0,1.79
STU-14116,0.26151098792370814,0.760518064265074,0.8140366193379661,0.8305441645080737,0.10966317625858371,1.5045573567516137,-0.16657979483408653,0.0,0.0,0.0,0.0,1.0,4.7
STU-11721,0.6939150573153504,0.38738086188320686,0.428261964503696,1.6779697714144237,0.6969326922196549,0.18508412428430074,-1.3150095583059698,0.0,0.0,0.0,0.0,1.0,5.12
STU-12623,0.47771302261952925,0.5359603813836787,0.9340991394649582,1.2889875256213448,0.8031868344717806,-0.9376974462003076,-0.16657979483408653,1.0,0.0,0.0,0.0,1.0,5.45
STU-11094,-1.2519032549470397,0.665967460946592,0.21569225673787423,-1.1977204028415498,1.0544635222301855,0.4473396735945737,0.10741106244093146,0.0,0.0,1.0,0.0,0.0,4.25
STU-14938,-0.8194991855553975,0.7368804134354534,1.1624147515097307,0.31653191113864965,0.02422910242072625,0.36538481443511356,0.6787111478228833,0.0,0.0,0.0,1.0,0.0,5.12
STU-10047,0.47771302261952925,-0.3724007719260251,1.1919383220327613,-0.5170014727036621,-0.9643651805601984,-0.7983741856292249,-0.4085078922152193,0.0,0.0,0.0,1.0,0.0,4.12
STU-14353,0.26151098792370814,-1.9020944613286124,-2.4994921123635296,-2.4480204786050157,-3.000424284796872,-0.7164193264697647,0.3988906978398866,0.0,0.0,0.0,0.0,0.0,1.6
STU-11939,-0.3870951161637552,-1.8531307560386843,-2.3794295922365376,-2.267421578772515,-2.9085288104166556,-1.4130356293251782,-0.009180791718650714,0.0,0.0,0.0,0.0,0.0,1.58
STU-12967,-0.3870951161637552,0.4768662543096274,0.22258108985991548,0.3026396880746102,0.5310900782991076,-0.29025405884057,-1.0468482937389312,0.0,0.0,0.0,1.0,0.0,4.92
STU-12797,-0.8194991855553975,-0.564878785824364,0.06659822559656975,-2.5174815939252086,-1.652145371624632,-1.9047647842819415,-1.157610555190534,0.0,0.0,0.0,1.0,0.0,2.93
STU-13579,0.26151098792370814,-0.35889354288052766,-1.056773632804755,1.4556942023898072,-1.2587178719343293,0.37358030035105944,0.11907024785688967,0.0,0.0,0.0,0.0,1.0,4.69
STU-14877,0.47771302261952925,-0.34032110294296875,1.500951693507151,-0.1419114499746215,1.0544635222301855,1.455384441255937,-1.2596284275801684,0.0,1.0,0.0,0.0,0.0,5.15
STU-11387,-1.2519032549470397,1.721219730126081,1.500951693507151,1.789107555926732,1.0544635222301855,-1.3064943124178798,0.19194015670662848,1.0,0.0,0.0,0.0,1.0,6.61
STU-12220,-0.8194991855553975,-0.22382125242555326,-0.16122532693948619,-0.07245033465442915,0.36381159759136966,-0.6590509250581421,-0.554247709914697,1.0,0.0,0.0,0.0,1.0,4.11
STU-13189,-0.3870951161637552,0.13749712454150384,0.008043144059223933,0.024795226793840854,1.0544635222301855,0.2670389834437609,-0.7087319166761431,1.0,0.0,1.0,0.0,0.0,5.09
STU-11314,-0.17089308146793408,0.47348944704825313,-0.313763774641812,-0.9198759415607791,0.12976531127925617,1.1767379201137715,1.5181724977718745,0.0,0.0,0.0,1.0,0.0,4.45
STU-14570,0.04530895322788702,-0.048227274834086155,-0.5115716971461193,-0.461432580447508,1.0544635222301855,-0.12634434052164964,-1.1488661661285653,0.0,0.0,0.0,0.0,0.0,5.01
STU-13674,-0.6032971508595764,-0.703327883540713,-1.2476927221870222,-2.3090982479646307,-1.810808651609224,-0.2082991996811098,0.06077432077709859,0.0,0.0,0.0,1.0,0.0,2.56
STU-11304,-0.17089308146793408,1.229894273596111,1.500951693507151,1.5112630946459613,1.0544635222301855,0.3571893285191677,1.489024534231979,0.0,1.0,0.0,0.0,0.0,5.75
STU-12798,0.47771302261952925,-0.612154087483605,1.500951693507151,-1.211612625905588,1.0544635222301855,-0.5197276644870594,0.6816259441768733,0.0,0.0,0.0,1.0,0.0,4.53
STU-11838,-0.3870951161637552,-0.8029436977512567,-0.4416992469082788,-0.6976003725361627,-2.011112068422353,1.2095198637775564,1.623105166515498,1.0,0.0,0.0,0.0,1.0,3.55
STU-10345,-0.17089308146793408,-1.8193626834249403,-0.7920456171149118,-2.378559363284823,-2.20997961844829,2.3241059483462183,-0.22196092555988786,0.0,0.0,0.0,1.0,0.0,2.92
STU-10044,1.991127265490277,-0.38421959734083544,0.12220095008160957,-1.225504848969626,0.1735592482885781,-0.14273531235354137,-0.4842925974189476,0.0,0.0,1.0,0.0,0.0,2.89
STU-12294,-0.6032971508595764,-1.8261162979476893,-0.7359508331211538,0.4554541417790343,-1.6492736380502497,-0.8885245307046317,-1.4316014124655518,1.0,0.0,0.0,0.0,0.0,3.49
STU-12154,-0.3870951161637552,0.1577579681097499,1.500951693507151,-0.4892170265755844,-0.9579037800178392,0.2014750961161925,-0.32397879794952233,0.0,0.0,0.0,0.0,1.0,4.34
STU-11703,-0.6032971508595764,0.4582938143720685,1.500951693507151,0.7194063799957667,1.0544635222301855,0.24245252569592257,-1.1430365734205863,1.0,0.0,0.0,0.0,1.0,5.37
STU-11016,0.26151098792370814,-0.7337191488930822,-0.9229334464336818,-0.767061487856355,-1.3025118089436512,-0.26566760109273235,-0.009180791718650714,0.0,0.0,0.0,0.0,0.0,3.53
STU-10909,-1.0357012202512186,0.13074351001875495,-0.1671300410440926,-0.2252647883588533,1.0544635222301855,-0.0525849672781346,0.6408187952210195,0.0,1.0,0.0,0.0,0.0,4.27
STU-13516,0.6939150573153504,0.15606956447906276,-0.9327746366080262,1.1778497411090367,1.0544635222301855,-0.536118636318952,-0.7058171203221535,0.0,0.0,0.0,1.0,0.0,4.47
STU-11045,1.5587231960986347,0.7115543589751459,0.6427999103043877,0.6499452646755731,1.0544635222301855,-1.5195769462324769,-0.7961758072958296,0.0,0.0,0.0,0.0,1.0,5.67
STU-11405,0.6939150573153504,-1.5407760843615552,-1.0941701554672616,-0.6003548110878927,-2.5057681766096125,-2.601381087137355,-0.05290273702849384,1.0,0.0,0.0,0.0,1.0,2.38
STU-10234,-1.2519032549470397,-0.3116182412212867,-0.47614341251848225,0.05257967292191729,-1.3441519457721867,-0.27386308700867823,1.3024775675766476,1.0,0.0,0.0,1.0,0.0,4.03
STU-10225,-0.8194991855553975,-0.048227274834086155,0.08480442741910427,0.5804841493553808,1.0544635222301855,-1.2409304250903113,-0.2452792963918043,1.0,0.0,0.0,0.0,0.0,5.47
STU-13145,-0.17089308146793408,-0.44162532078419964,0.029693762442779784,-1.1282592875213562,0.7457521629841455,1.5373393004153986,-1.1080590171727116,0.0,0.0,0.0,0.0,0.0,4.86
STU-14229,-0.17089308146793408,-0.6256613165291025,0.23832699413886493,0.7332986030598049,0.15058537969352342,0.10312926512483986,0.11907024785688967,0.0,0.0,0.0,1.0,0.0,8.007299994402032
STU-11534,-0.3870951161637552,-1.5255804516853706,-1.5596584507137137,-3.7261050004965597,-1.139540928597486,1.0783920891224197,0.7253478894867161,0.0,0.0,0.0,0.0,1.0,1.95
STU-12451,0.04530895322788702,-1.868326388714869,-0.1523682557825766,-0.7809537109203932,-2.2379790207985124,0.6276403637453866,1.002253543115724,0.0,1.0,0.0,0.0,0.0,3.49
STU-14897,-0.17089308146793408,-1.0410086096781495,-1.3037875061807802,-1.0032292799450098,-1.3664078809736455,-0.91311098845247,-0.4259966703391565,0.0,0.0,0.0,1.0,0.0,2.2
STU-10968,0.6939150573153504,0.9479308672713511,-0.4722069364487442,0.5526997032273043,1.0544635222301855,-0.21649468559705567,-0.5833956734545923,0.0,0.0,0.0,0.0,0.0,5.21
STU-11013,-0.17089308146793408,0.12398989549600636,1.500951693507151,-0.9198759415607791,0.750777696739313,-0.06897593911002707,1.124674989983285,0.0,0.0,0.0,1.0,0.0,4.38
STU-11095,0.26151098792370814,-1.1338708093659444,-1.9867661042802272,0.08036411904999374,-1.3814844822391505,0.9554598003832286,-0.16657979483408653,0.0,0.0,0.0,1.0,0.0,3.13
STU-12114,0.26151098792370814,-0.31499504848266097,-0.17697123121843564,-0.4892170265755844,-0.16530531348847052,2.7748576737232513,-1.469493765067416,0.0,0.0,0.0,0.0,1.0,4.07
STU-13566,0.26151098792370814,-0.08199534744782998,0.4095637031724434,0.8166519414440355,-1.4360474201524034,0.8243320257280918,-0.16657979483408653,0.0,1.0,0.0,0.0,0.0,5.1
STU-11067,-1.2519032549470397,-1.3415444559404677,-2.3518742597483753,-1.7950859945952056,-1.1538995964693952,0.9062868848875519,-1.5015565249613012,0.0,1.0,0.0,0.0,0.0,2.22
STU-10547,-0.8194991855553975,-0.9582768317744775,-0.046083401899665685,0.9138975028923055,-1.0117487845374973,1.5045573567516137,-0.9215120505173804,0.0,0.0,0.0,0.0,1.0,3.94
STU-14663,0.6939150573153504,-0.07017652203301965,0.08874090348884234,-1.4755648641223191,0.39755446709035536,0.02117440596537969,0.08700748796300452,0.0,1.0,0.0,0.0,0.0,3.92
STU-12745,-0.17089308146793408,-1.3736241249235244,0.06659822559656975,-1.2949659642898186,-0.8846745738711044,0.11132475104078572,0.9031504670800792,0.0,0.0,1.0,0.0,0.0,2.9
STU-14763,-1.2519032549470397,0.2573737823202936,1.500951693507151,-0.4892170265755844,0.1735592482885781,-0.37220891800003086,-0.8311533635437043,0.0,0.0,0.0,0.0,1.0,5.76
STU-11189,0.04530895322788702,0.5798588757815455,1.0787646350278093,1.789107555926732,0.13766257860880599,-0.26566760109273235,1.3636882910104284,0.0,0.0,1.0,0.0,0.0,5.45
STU-14251,1.3425211614028136,0.7554528533730123,0.30721532535927054,0.4832385879071108,0.28196719072148924,-0.6016825236465203,0.8798320962481627,1.0,0.0,0.0,0.0,1.0,4.65
STU-11739,-0.17089308146793408,-0.4990310442275638,-0.3511602973043173,-0.32251034980712207,-1.2694868728382613,0.24245252569592257,0.002478393697307503,0.0,0.0,0.0,0.0,1.0,3.13
STU-12758,-1.2519032549470397,0.297895469456786,0.2393111131562998,-0.1419114499746215,0.5791916156700023,1.1193695187021488,-0.4318262630471358,0.0,0.0,0.0,0.0,0.0,4.92
STU-12918,1.3425211614028136,1.0526118923739567,-0.04509928288223082,0.39988524952288024,1.0544635222301855,1.5947077018270197,-1.105144220818722,1.0,0.0,0.0,0.0,0.0,5.04
STU-10410,-0.17089308146793408,-0.6594293891428463,-0.32163672678128674,-2.211852686516361,-0.5831425485610184,1.021023687710797,-0.4638890229410207,0.0,0.0,0.0,1.0,0.0,2.95
STU-14879,-0.6032971508595764,0.21854049881448864,-1.5970549733762205,1.539047540774039,0.23242978656340388,-0.6344644673103038,0.2414916947244508,0.0,0.0,0.0,0.0,1.0,4.81
STU-10912,-0.17089308146793408,-1.1878997255479342,-0.4525245561000567,-1.3366426334819344,-0.9456989123267165,-1.2245394532584197,0.941042819681943,0.0,0.0,0.0,1.0,0.0,2.84
STU-13331,0.9101170920111715,-0.17992275802768656,0.06659822559656975,0.21928634969037966,1.0544635222301855,1.6438806173226963,1.5881276102676238,1.0,0.0,0.0,1.0,0.0,4.95
STU-11038,-1.2519032549470397,-0.87892186113218,1.4389521954087867,0.26096301888249557,-0.27730292288935965,-0.8229606433770632,-1.0585074791548892,0.0,0.0,0.0,1.0,0.0,4.04
STU-14121,1.991127265490277,1.9255165694392302,1.267715486375207,1.789107555926732,1.0544635222301855,-3.1258921857579023,-0.9739783848891923,0.0,0.0,1.0,0.0,0.0,4.76
STU-12594,0.26151098792370814,-0.6003352620687947,-0.6365548123602828,0.03868744985787907,-0.2866360570061011,-1.9867196434414016,0.3085320108662104,1.0,0.0,0.0,1.0,0.0,4.19
STU-12469,0.47771302261952925,-0.35551673561915337,0.4646743681487679,0.5249152570992267,0.19725105027722759,0.12771572287267818,-0.5513329135607071,1.0,0.0,0.0,1.0,0.0,4.48
STU-14304,-0.3870951161637552,0.15100435358700132,-0.08840051964934392,-0.4892170265755844,1.0544635222301855,0.21786606794808422,-1.2916911874740535,0.0,0.0,0.0,0.0,0.0,5.27
STU-13224,0.26151098792370814,1.2737927679939773,-0.8629021863701858,0.39988524952288024,1.0544635222301855,1.6110986736589128,-0.5775660807466133,0.0,0.0,1.0,0.0,0.0,4.75
STU-14166,0.47771302261952925,0.7267499916513305,-0.17992358827073884,-0.2947259036790456,0.841955237725935,0.5538809905018722,-0.9798079775971714,1.0,0.0,1.0,0.0,0.0,5.26
STU-14369,-1.2519032549470397,1.6874516575123375,1.500951693507151,1.038927510468652,1.0544635222301855,1.24230180744134,-0.9856375703051504,0.0,1.0,0.0,0.0,0.0,5.8
STU-10623,0.47771302261952925,0.8213005949698124,-0.3423032261474091,0.594376372419419,0.9008257760007607,0.07854280737700152,-1.3762202817397504,0.0,0.0,0.0,1.0,0.0,4.65
STU-12430,-1.0357012202512186,-0.15797351082875305,-0.015575712359200248,0.05257967292191729,0.26976232303036657,-0.5852915518146279,1.1071862118593476,0.0,0.0,0.0,1.0,0.0,4.14
STU-14053,-1.2519032549470397,0.43127935628107356,0.2255334469122187,-0.10023478078250683,1.0544635222301855,-0.7983741856292249,-0.5367589317907595,0.0,1.0,0.0,0.0,0.0,5.08
STU-14745,0.47771302261952925,0.5055691160313095,0.27572351680137025,1.094496402724806,0.4894499414705721,-0.5197276644870594,-0.2248757219138776,1.0,0.0,1.0,0.0,0.0,5.34
STU-13186,9.990602549235659,-1.2166025872696165,-0.5342064345471099,-1.6283793178267432,-1.5688650979675602,0.19327961020024662,-1.067251868216858,0.0,0.0,0.0,0.0,1.0,2.95
STU-13029,-0.3870951161637552,1.0644307177887669,1.3070802470725817,1.6779697714144237,1.0544635222301855,1.0783920891224197,-0.5425885244987387,0.0,0.0,0.0,0.0,0.0,6.0
STU-10357,-1.2519032549470397,-0.029654834896527243,1.1437164901784782,0.6360530416115349,-0.2816105232509325,-0.5689005799827361,3.0338666018464417,1.0,1.0,0.0,0.0,0.0,4.63
STU-14068,2.2073293001860983,0.6912935154068995,0.08677266545397261,-1.0865826183292415,1.0544635222301855,0.47192613134241207,-1.2217360749783042,0.0,0.0,0.0,0.0,1.0,4.59
STU-13529,0.04530895322788702,-0.9903565007575339,-1.8499735608568508,-1.5450259794425127,-1.2314364029777027,0.5129035609221422,-0.819494178127746,0.0,0.0,0.0,0.0,0.0,3.47
STU-13385,0.47771302261952925,-0.7911248723364463,-1.0597259898570581,-1.920116002171552,-0.9356478448163803,-1.380253685661394,0.4163794759638238,0.0,0.0,0.0,1.0,0.0,1.74
STU-10095,-0.3870951161637552,-0.27785016860754314,-2.7957119366112724,-0.15580367303866097,-1.0469275208236737,0.7833545961483617,-0.682498749490237,0.0,0.0,1.0,0.0,0.0,3.43
STU-11359,-0.6032971508595764,0.8432498421687463,1.500951693507151,1.1222808488528826,1.0544635222301855,0.07854280737700152,-0.169494591188076,0.0,0.0,0.0,1.0,0.0,5.64
STU-13902,-0.17089308146793408,-0.0026403768055323043,-3.0358369768652573,-1.3366426334819344,1.0544635222301855,0.6276403637453866,-1.0818258499868056,0.0,0.0,0.0,1.0,0.0,3.56
STU-14524,-1.2519032549470397,-0.8738566502401184,-1.5754043549926646,-3.128739408742903,-0.011667567259045856,-0.7328102983016564,-0.20738694378994016,1.0,0.0,1.0,0.0,0.0,2.37
STU-13180,0.04530895322788702,0.47348944704825313,0.3682307044402,-0.5308936957677003,0.21232765154273142,0.11132475104078572,-0.6212880260564565,0.0,0.0,0.0,1.0,0.0,4.05
STU-11793,-0.3870951161637552,-0.5395527313640562,0.06315380903554842,-1.2810737412257802,0.23601945353138087,1.0947830609543114,0.454271828565688,0.0,0.0,0.0,0.0,1.0,2.4
STU-10293,-1.0357012202512186,-0.546306345886805,-1.1719155578445755,-0.9337681646248174,0.05510023834532973,-0.2984495447565166,-0.8398977526056728,0.0,0.0,0.0,0.0,1.0,3.54
STU-12560,0.04530895322788702,2.033574401803209,0.8287984045994821,0.8861130567642278,1.0544635222301855,0.9062868848875519,-0.8981936796854639,0.0,0.0,0.0,1.0,0.0,5.93
STU-13947,-0.17089308146793408,-0.000951973174845158,0.403658989067837,-0.2669414575509692,-0.8652903722440266,0.3899712721829519,-0.7174763057381117,0.0,1.0,0.0,0.0,0.0,4.01
STU-11469,1.3425211614028136,0.24048974601342185,0.7914018819369767,1.789107555926732,0.90728717654312,1.4062115257602616,-0.21613133285190889,0.0,0.0,0.0,0.0,1.0,5.61
STU-14293,1.1263191267069925,-0.24408209599379932,-0.15630473185231467,-2.350774917156747,1.0544635222301855,0.8325275116440376,-1.0089559411370668,0.0,0.0,0.0,0.0,0.0,3.32
STU-12577,1.1263191267069925,1.0407930669591463,0.12515330713391276,-0.2947259036790456,0.08525344087633843,-1.462208544820855,-1.0118707374910565,0.0,0.0,0.0,0.0,1.0,3.84
STU-11830,-0.3870951161637552,0.061518961160580754,-0.533222315529675,-0.6976003725361627,0.1735592482885781,0.8489184834759294,-0.09370988598434772,0.0,1.0,0.0,0.0,0.0,4.57
STU-12417,-0.6032971508595764,0.5410255922757405,-1.0636624659267961,-1.267181518161742,1.0544635222301855,2.1847826877751353,0.43386825408776125,0.0,0.0,0.0,0.0,1.0,4.33
STU-12319,-0.17089308146793408,-0.6830670399724666,-0.8323944968297203,-0.6003548110878927,0.8039047678653765,0.6686177933251173,-0.7116467130301326,0.0,0.0,0.0,0.0,1.0,3.47
STU-10160,-0.3870951161637552,0.010866852239965166,1.3966350776591085,0.024795226793840854,1.0544635222301855,0.5047080750061963,0.8827468926021522,1.0,0.0,0.0,0.0,1.0,5.68
STU-14214,0.26151098792370814,0.05476534663783187,0.46664260618363623,0.3026396880746102,-0.20191991656183844,0.4555351595105196,0.8448545400002878,0.0,0.0,0.0,1.0,0.0,4.0
STU-11978,-0.3870951161637552,0.4785546579403146,0.2019145904937931,-1.3505348565459727,-0.37781359799272196,-0.241081143344894,0.8652581144782148,1.0,0.0,0.0,1.0,0.0,4.1
STU-14572,-0.17089308146793408,-1.4175226193213908,-0.293097275275691,0.1081485651780714,-0.729600960854488,-0.33942697433624663,-0.16657979483408653,0.0,0.0,0.0,0.0,0.0,3.98
STU-11361,-1.2519032549470397,0.27763462588854,0.6988946942981455,1.594616433030193,0.8835953745544705,-1.1016071645192287,-1.1430365734205863,0.0,0.0,1.0,0.0,0.0,5.26
STU-11202,-0.17089308146793408,-0.7252771307396464,-0.4790957695707855,0.28874746501057197,-1.7110159098994582,0.1686931524524083,0.32310599263615836,0.0,0.0,1.0,0.0,0.0,3.38
STU-10401,0.26151098792370814,-0.9329507773141696,-0.7438237852606285,0.20539412662634143,0.004844900793648578,-0.9786748757800384,0.34350956711408503,1.0,0.0,0.0,0.0,1.0,4.15
STU-11090,0.04530895322788702,-0.5395527313640562,-1.4661671440574504,0.8027597183799973,-0.5558610796043919,0.6030539059975489,-0.023754773488598422,1.0,0.0,0.0,0.0,1.0,4.43
STU-10297,-1.2519032549470397,1.2839231897781007,1.500951693507151,1.0111430643405754,1.0544635222301855,-0.18371274193327145,0.06077432077709859,1.0,0.0,0.0,0.0,0.0,5.63
STU-12148,-1.2519032549470397,-0.20862561974936863,0.06659822559656975,0.5388074801632649,0.845544904693912,0.02117440596537969,-0.16657979483408653,0.0,1.0,0.0,0.0,0.0,4.05
STU-12211,-1.0357012202512186,-0.2896689940223532,-0.26652606180496224,-0.2252647883588533,-1.9917278667952758,-0.667246410974088,-0.6329472114724147,0.0,0.0,0.0,0.0,1.0,3.38
STU-12662,-0.17089308146793408,1.0002713798226541,-1.0174088721073813,-0.16969589610269917,1.0544635222301855,1.570121244079182,-0.6475211932423623,1.0,0.0,0.0,1.0,0.0,4.74
STU-14324,-1.2519032549470397,-1.128805598473883,1.2303189637127014,0.27485524194653377,-1.2256929358289395,-0.7819832137973332,-0.17532418389605525,0.0,0.0,0.0,0.0,1.0,3.83
STU-11350,-0.3870951161637552,-1.3837545467076473,-0.5952218136280394,-2.1284993481321304,-2.781454599750262,0.14410669470456994,-0.047073144320514855,0.0,1.0,0.0,0.0,0.0,2.13
STU-12209,0.6939150573153504,0.13074351001875495,-1.146328463391283,1.4556942023898072,0.8390835041515528,0.7505726524845775,-0.3997635031532506,1.0,1.0,0.0,0.0,0.0,4.28
STU-13824,-0.8194991855553975,-1.7552033454588274,-0.31179553660694365,-1.9756848944277061,-2.0563418722188653,1.365234096180531,-0.2715124635777102,0.0,0.0,0.0,0.0,1.0,2.08
STU-10386,-0.6032971508595764,-0.6357917383132257,-0.7644902846267495,-0.6976003725361627,-0.30027679148441433,-1.3064943124178798,2.2148088263753776,0.0,1.0,0.0,0.0,0.0,3.29
STU-14092,1.5587231960986347,-0.5479947495174923,-0.9524570169567137,-0.905983718496741,-1.3441519457721867,-0.44596829124354515,-0.16657979483408653,0.0,0.0,0.0,0.0,1.0,3.15
STU-14257,-0.6032971508595764,6.411523971125275,0.6280381250428716,0.05257967292191729,1.0544635222301855,-1.5933363194759917,-0.37644513232133414,1.0,0.0,1.0,0.0,0.0,4.43
STU-10741,1.3425211614028136,1.1285900557548796,0.1359786163256907,-0.16969589610269917,1.0544635222301855,-0.26566760109273235,0.002478393697307503,0.0,0.0,0.0,1.0,0.0,4.9
STU-12102,-0.6032971508595764,-0.048227274834086155,-1.0115041580027748,-0.711492595600201,0.6782664239861741,0.7423771665686316,-0.7378798802160387,0.0,0.0,0.0,0.0,0.0,4.41
STU-14024,0.9101170920111715,-0.00939399132828089,0.13499449730825722,0.06647189598595551,0.6050372178394382,1.3734295820964768,0.6787111478228833,0.0,0.0,1.0,0.0,0.0,4.48
STU-13519,0.26151098792370814,0.22529411333723723,-0.28916079920595295,0.20539412662634143,1.0544635222301855,0.8980913989716061,-0.029584366196577658,0.0,0.0,0.0,1.0,0.0,5.16
STU-14894,0.26151098792370814,-1.214914183638929,-1.9818455091930556,0.31653191113864965,-2.474179107291413,-0.7655922419654406,-1.4840677468373638,1.0,0.0,0.0,1.0,0.0,1.93
STU-13663,0.9101170920111715,0.8027281550322536,1.3602226740140366,1.789107555926732,0.8275965698540259,-0.04438948136218873,-0.7757722328179028,0.0,0.0,0.0,0.0,1.0,5.43
STU-13387,-0.3870951161637552,1.4223722874944498,0.7362912169606523,0.8305441645080737,0.9266713781701966,-0.5197276644870594,-1.0993146281107429,1.0,0.0,0.0,0.0,1.0,5.8
STU-11092,0.9101170920111715,-0.10900980553882492,-0.11005113803289977,-0.767061487856355,0.7155989604531368,1.1603469482818798,-1.0934850354027639,0.0,1.0,0.0,0.0,0.0,3.84
STU-14619,0.26151098792370814,-0.7337191488930822,-2.0074326036463495,-0.7253848186642391,-1.481277223948916,0.18508412428430074,0.15696260045875382,0.0,1.0,0.0,0.0,0.0,2.51
STU-10340,-1.0357012202512186,2.2108567830253634,1.500951693507151,0.024795226793840854,1.0544635222301855,-0.3476224602521925,-0.8952788833314744,0.0,0.0,0.0,0.0,0.0,5.84
STU-10807,-0.8194991855553975,-0.6644946000349078,-1.1837249860537882,0.06647189598595551,0.5181672772143902,0.17688863836835414,-0.9710635885352027,1.0,0.0,1.0,0.0,0.0,4.1
STU-12107,0.47771302261952925,0.14762754632562702,0.43416667860830244,0.3443163572667261,-0.09279404073533151,0.2014750961161925,3.331175829953376,0.0,0.0,1.0,0.0,0.0,3.98
STU-13445,0.47771302261952925,-0.4652629716138203,0.06659822559656975,-0.6003548110878927,-1.6234280358808137,0.521099046838088,-1.1168034062346803,0.0,0.0,0.0,1.0,0.0,3.24
STU-11443,-1.2519032549470397,0.45154019984931965,1.500951693507151,1.0667119565967296,0.5267824779375357,0.02117440596537969,1.6201903701615086,0.0,0.0,0.0,0.0,0.0,5.86
STU-12374,1.7749252307944559,-0.4703281825058817,0.060201451983245224,-0.5725703649598162,1.0544635222301855,0.11952023695673232,-0.6416916005343835,0.0,0.0,0.0,0.0,1.0,3.47
STU-12997,-0.3870951161637552,0.22191730607586294,1.3021596519854104,0.5526997032273043,1.0544635222301855,0.6522268214932249,0.10741106244093146,1.0,0.0,1.0,0.0,0.0,4.9
STU-12960,0.26151098792370814,0.3553011929001502,-0.2655419427875288,-0.2808336806150074,1.0544635222301855,0.8735049412237684,0.38140191971594917,1.0,0.0,1.0,0.0,0.0,4.34
STU-14520,0.6939150573153504,0.44985179621863247,0.1704227819358942,-0.461432580447508,0.02422910242072625,0.7669636243164699,-0.2452792963918043,0.0,0.0,0.0,0.0,1.0,3.38
STU-14052,1.3425211614028136,0.048011732115083285,0.048392023774032435,0.28874746501057197,0.057971971919711957,0.5292945327540346,-1.2567136312261786,0.0,0.0,0.0,0.0,1.0,3.7
STU-14352,-0.17089308146793408,-0.4500673389376357,-1.1532172965133227,0.4415619187149961,-0.5651942137211323,1.455384441255937,0.7486662603186326,1.0,0.0,1.0,0.0,0.0,4.32
STU-12874,0.6939150573153504,0.6862283045148377,1.2234301305906616,1.789107555926732,1.0544635222301855,0.7915500820643075,1.981625118056213,1.0,0.0,1.0,0.0,0.0,5.77
STU-12455,-0.8194991855553975,-0.4466905316762614,0.7126723605422267,-1.3783193026740503,1.0544635222301855,0.6194448778294407,1.0168275248856713,0.0,0.0,0.0,0.0,1.0,3.39
STU-11543,-0.3870951161637552,0.4228373381276376,0.16058159176154974,-0.16969589610269917,0.93241484531896,0.02117440596537969,-0.16657979483408653,1.0,0.0,0.0,1.0,0.0,4.5
STU-12800,1.1263191267069925,0.32828673480915554,0.09759797464575053,0.9138975028923055,0.6488311548487602,-0.15912628418543384,0.07534830254704629,0.0,0.0,0.0,0.0,1.0,4.89
STU-13125,-0.8194991855553975,-0.5277339059492459,-0.3944615340714304,-1.0310137260730874,-0.23207311909284714,-0.5115321785711135,-0.9390008286413177,0.0,1.0,0.0,0.0,0.0,3.7
STU-10310,-0.3870951161637552,0.12230149186531922,0.48927734358462693,0.1498252343701873,0.4600146723331592,1.0865875750383656,-0.061647126090462565,0.0,0.0,0.0,0.0,0.0,3.96
STU-11238,-1.2519032549470397,0.194902847984868,0.11826447401187291,1.0111430643405754,0.1735592482885781,-0.3885998898319226,-0.7728574364639131,0.0,0.0,0.0,0.0,1.0,5.17
STU-12000,0.26151098792370814,0.06827257568332934,-0.23798661029936652,1.7057542175425013,0.2633009224880084,0.2014750961161925,-0.16657979483408653,1.0,0.0,1.0,0.0,0.0,4.96
STU-13560,0.04530895322788702,0.25062016779754503,0.542419770526083,-0.2947259036790456,1.0544635222301855,0.36538481443511356,0.8302805582303404,1.0,1.0,0.0,0.0,0.0,3.88
STU-10098,-0.6032971508595764,-0.7556683960920156,-0.8392833299517616,-1.5033493102503968,-1.0332867863453603,2.5699705258246,-0.2977456307636164,0.0,0.0,0.0,0.0,1.0,3.63
STU-11594,0.9101170920111715,-1.084907104076016,-0.1002099478585553,1.789107555926732,-0.8344192363194232,-0.4623592630754369,-0.7116467130301326,0.0,0.0,0.0,0.0,1.0,4.06
STU-12523,1.1263191267069925,-1.5036312044864375,-2.008416722663783,-1.4061037488021269,-0.3189430597178952,-0.3476224602521925,1.4511321816301146,1.0,0.0,0.0,1.0,0.0,2.88
STU-11722,0.6939150573153504,0.566351646736048,0.8740678794014621,0.024795226793840854,0.6071910180202246,0.7669636243164699,0.008307986405286742,0.0,0.0,0.0,0.0,0.0,5.03
STU-12035,0.6939150573153504,0.45154019984931965,-0.20649480174146623,0.3582085803307643,-0.26868772216621506,-1.8801783265341032,-0.5892252661625715,0.0,0.0,1.0,0.0,0.0,4.39
STU-10816,-0.17089308146793408,-0.1191402273229478,0.21077166165070269,1.4556942023898072,0.21735318529790004,0.02117440596537969,-1.4461753942354996,0.0,0.0,0.0,0.0,1.0,4.13
STU-14541,-0.3870951161637552,-0.9211319518993595,-1.4012152889067815,-1.2393970720336644,0.1735592482885781,0.06215183554510977,-1.5190453030852384,0.0,1.0,0.0,0.0,0.0,2.48
STU-12436,-0.17089308146793408,-1.3499864740939038,0.06659822559656975,-0.2391570114228915,-0.23135518569925134,0.14410669470456994,-0.7699426401099236,0.0,0.0,0.0,1.0,0.0,2.88
STU-13028,-0.8194991855553975,-0.5817628221312358,-0.9908376586366525,-1.1004748413932797,0.18289238240531852,0.5129035609221422,-1.1430365734205863,0.0,0.0,0.0,0.0,0.0,2.83
STU-13584,-1.2519032549470397,1.0965103867718236,1.0748281589580726,1.789107555926732,1.0544635222301855,-0.26566760109273235,-1.0585074791548892,1.0,0.0,1.0,0.0,0.0,5.76
STU-10775,-0.8194991855553975,0.08684501562088824,0.3780718946145445,0.8583286106361514,0.2970437919869941,2.0536549131199986,-0.7466242692780072,0.0,1.0,0.0,0.0,0.0,4.33
STU-14862,0.6939150573153504,0.7486992388502637,1.500951693507151,0.024795226793840854,1.0544635222301855,-0.38040440391597674,-0.72913549115407,0.0,0.0,1.0,0.0,0.0,4.47
STU-10776,0.26151098792370814,0.8668874929983663,-0.030337497620716233,0.9416819490203819,0.11397077662015652,-1.3638627138295023,2.2468715862692625,0.0,0.0,0.0,0.0,1.0,4.87
STU-14784,1.3425211614028136,-0.13771266726050702,0.7362912169606523,1.080604179660768,1.0544635222301855,-0.9049155025365234,1.3636882910104284,0.0,0.0,0.0,1.0,0.0,4.98
STU-10601,1.5587231960986347,1.1015755976638848,-1.1020431076067363,0.05257967292191729,1.0006185177105271,-1.2819078546700415,0.28229884368030445,0.0,0.0,0.0,0.0,1.0,4.1
STU-12711,0.26151098792370814,-0.38084279007946115,-0.14744766069540508,-0.43364813431943033,-0.21340685085936528,0.02117440596537969,-0.9273416432253595,0.0,0.0,0.0,0.0,0.0,3.54
STU-13406,-0.3870951161637552,0.610250141133915,0.06659822559656975,1.1778497411090367,1.0544635222301855,0.9718507722151204,-1.4257718197575726,1.0,0.0,1.0,0.0,0.0,5.33
STU-11110,1.5587231960986347,0.934423638225854,0.8681631652968557,0.8444363875721131,0.4628864059075414,0.15230218062051654,-0.5367589317907595,0.0,0.0,0.0,1.0,0.0,5.05
STU-10546,0.6939150573153504,0.7571412570036997,0.06659822559656975,-0.9198759415607791,-0.9234429771252577,0.02117440596537969,-0.8020054000038087,0.0,0.0,0.0,0.0,1.0,3.27
STU-14755,-0.8194991855553975,-0.07524173292508109,0.3150882774987453,-0.2808336806150074,0.8713905068633478,1.1767379201137715,0.3027024181582314,1.0,1.0,0.0,0.0,0.0,3.61
STU-12787,-1.2519032549470397,-0.740472763415831,-0.9327746366080262,-0.5170014727036621,-0.23494485266722834,-0.3967953757478692,-0.16657979483408653,1.0,0.0,0.0,0.0,0.0,3.85
STU-13472,0.47771302261952925,0.06996097931401649,-0.3688744396181365,-0.558678141895778,-0.05043597051320019,-1.470404030736801,0.6262448134510715,0.0,0.0,0.0,0.0,1.0,2.82
STU-10526,-0.3870951161637552,1.376785389465896,0.0060749060243556014,0.6360530416115349,1.0544635222301855,-0.06897593911002707,-1.0526778864469102,1.0,0.0,0.0,0.0,0.0,4.76
STU-14666,-0.17089308146793408,-1.8565075633000585,-2.8222831500820007,-1.1282592875213562,-2.047008738102125,0.36538481443511356,-0.05581753338248358,0.0,0.0,1.0,0.0,0.0,1.98
STU-13253,0.9101170920111715,-0.184987968919748,0.598514554519841,-0.2669414575509692,-0.09422990752252211,2.365083377925949,1.0430606920715773,0.0,0.0,1.0,0.0,0.0,4.02
STU-14731,-0.17089308146793408,0.42621414538901187,1.1348594190215686,0.8166519414440355,0.7199065608147096,1.0701966032064738,-0.6446063968883728,0.0,0.0,0.0,0.0,1.0,4.33
STU-14783,-1.0357012202512186,-0.8265813485808772,1.3238102703689663,-0.9198759415607791,-1.1696941311284947,0.4637306454264662,-0.12577264587823261,0.0,0.0,0.0,1.0,0.0,3.42
STU-13648,-0.17089308146793408,-0.5074730623809999,0.2166763757553091,0.5249152570992267,-0.36273699672721715,1.570121244079182,-1.0293595156149937,1.0,0.0,0.0,0.0,0.0,5.62
STU-10205,0.47771302261952925,0.7115543589751459,0.8386395947738251,-0.44754035738346976,0.12976531127925617,-1.6507047208876136,-1.1226329989426593,0.0,0.0,0.0,0.0,0.0,5.1
STU-10121,0.26151098792370814,-0.9903565007575339,0.573911579083982,-0.8226303801125091,-1.114413259821645,-0.08536691094191881,-0.428911466693146,0.0,0.0,0.0,0.0,1.0,3.7
STU-11518,-0.8194991855553975,-0.6813786363417795,0.37708777559710965,-0.2808336806150074,0.5231928109695577,-1.3474717419976099,-1.2567136312261786,0.0,0.0,0.0,0.0,0.0,3.71
STU-11500,-1.2519032549470397,-0.4078572481704561,-0.5115716971461193,-1.058798172201164,-0.13802384453184405,1.0374146595426887,-0.7845166218798714,0.0,0.0,0.0,0.0,1.0,3.48
STU-10541,-0.17089308146793408,-1.6066238259583554,-0.026401021550978173,-1.253289295097704,-3.169138632291801,0.6686177933251173,-0.0820507005683895,0.0,0.0,1.0,0.0,0.0,2.72
STU-14242,0.04530895322788702,-1.008928940695093,-1.622642067829513,-1.1421515105853957,-1.1007725253433318,0.07034732146105564,0.4630162176276567,0.0,0.0,0.0,0.0,0.0,3.05
STU-14200,-0.8194991855553975,1.4780896073071264,1.147652966248215,1.539047540774039,1.0544635222301855,-0.454163777159491,-0.4842925974189476,0.0,0.0,0.0,0.0,1.0,5.53
STU-14603,-0.17089308146793408,0.983387343515782,1.1870177269455897,1.191741964173076,1.0544635222301855,-0.33123148842030076,-0.13451703494020134,1.0,0.0,0.0,1.0,0.0,5.83
STU-14025,-0.17089308146793408,-0.000951973174845158,-1.5931184973064825,0.024795226793840854,0.1735592482885781,-0.7737877278813873,0.5737784790792596,0.0,1.0,0.0,0.0,0.0,4.1
STU-14221,-0.6032971508595764,-0.5496831531481794,-0.08938463866677739,1.136173071916922,0.9819522494770454,0.7833545961483617,0.17736617493668075,0.0,0.0,0.0,0.0,1.0,4.71
STU-10684,1.1263191267069925,0.08009140109813966,-0.9996947297935621,0.5526997032273043,-0.43668413626754776,0.8735049412237684,0.06368911713108807,1.0,0.0,1.0,0.0,0.0,4.22
STU-13576,-1.2519032549470397,0.1324319136494424,0.49026146260206177,1.7196464406065397,1.045130388113445,1.3898205539283686,-0.7407946765700282,0.0,0.0,0.0,0.0,1.0,4.94
STU-10636,2.2073293001860983,-0.7455379743078926,-1.024297705229421,-2.7675416090779015,-0.07628157268263606,-0.536118636318952,-0.16657979483408653,0.0,1.0,0.0,0.0,0.0,2.42
STU-12672,0.6939150573153504,0.2810114331499143,1.500951693507151,1.6224008791582696,0.8347759037899799,-0.11814885460570303,-0.5717364880386341,1.0,0.0,1.0,0.0,0.0,5.36
STU-12905,0.04530895322788702,0.15944637174043733,0.06659822559656975,-0.767061487856355,-0.2801746564637419,0.02117440596537969,0.37557232700797016,0.0,0.0,0.0,0.0,0.0,3.43
STU-12307,1.1263191267069925,-0.42136447721595355,0.9380356155346962,0.7332986030598049,1.0544635222301855,0.6932042510729549,2.684091039367695,0.0,0.0,1.0,0.0,0.0,4.61
STU-14436,0.26151098792370814,-1.176080900133124,-0.6109677179069889,-0.6003548110878927,-1.1029263255241182,0.7915500820643075,-0.5688216916846446,0.0,0.0,0.0,1.0,0.0,4.17
STU-13450,-0.17089308146793408,-0.13095905273775812,-0.5863647424711298,-0.669815926408085,1.0544635222301855,1.6356851314067504,-0.7524538619859863,0.0,0.0,0.0,1.0,0.0,3.03
STU-13091,0.9101170920111715,0.34517077111602734,1.2086683453291456,0.024795226793840854,0.18289238240531852,-0.11814885460570303,-0.528014542728791,0.0,0.0,1.0,0.0,0.0,5.01
STU-14737,-0.6032971508595764,-0.9633420426665391,-0.030337497620716233,0.6360530416115349,-0.49340087436158814,-0.24927662926083988,-0.16657979483408653,1.0,1.0,0.0,0.0,0.0,3.5
STU-13528,-0.6032971508595764,0.7672716787878225,0.6536252194961655,1.539047540774039,0.29919759216778047,0.7259861947367392,1.9145848019144533,0.0,0.0,1.0,0.0,0.0,5.07
STU-10825,1.5587231960986347,-0.8974943010697388,-0.28916079920595295,-2.2396371326444386,-0.71524229298258,-1.298298826501934,-0.8777901052075371,0.0,0.0,0.0,0.0,0.0,2.81
STU-12887,0.6939150573153504,-1.3466096668325294,-2.280033571475667,-1.3366426334819344,-1.7799375156846202,0.8898959130556602,-0.9156824578094013,0.0,0.0,0.0,1.0,0.0,2.66
STU-12597,-1.2519032549470397,-0.1917415834424966,-1.2043914854199091,-0.016881442398275045,0.1735592482885781,1.266888265189179,-0.37935992867532364,1.0,0.0,0.0,0.0,1.0,3.87
STU-10842,1.3425211614028136,-1.371935721292837,-0.9878853015843507,-2.5174815939252086,-1.380048615451959,0.7423771665686316,-0.9127676614554117,0.0,0.0,0.0,0.0,0.0,2.73
STU-13553,-1.0357012202512186,-0.8046321013819439,-0.9947741347063905,-1.0310137260730874,0.1735592482885781,0.644031335577279,-1.4257718197575726,0.0,0.0,0.0,0.0,1.0,2.33
STU-12228,-0.3870951161637552,-0.8687914393480568,-1.3244540055469012,0.5388074801632649,-0.766215563927856,0.49651258909025037,-1.2596284275801684,1.0,0.0,0.0,0.0,1.0,3.59
STU-13530,-0.6032971508595764,1.2265174663347365,0.849464903965603,0.6777297108036509,1.0544635222301855,-0.6016825236465203,-1.3791350780937401,0.0,0.0,0.0,0.0,0.0,5.66
STU-10012,-0.3870951161637552,0.0007364304558419882,-1.4297547404123787,-0.5308936957677003,-1.5545064300956517,0.5702719623337646,1.9116700055604638,0.0,0.0,1.0,0.0,0.0,3.15
STU-11442,0.9101170920111715,0.3265983311784681,-0.9475364218695408,-0.2252647883588533,1.0544635222301855,0.3899712721829519,-0.032499162550567146,1.0,1.0,0.0,0.0,0.0,4.47
STU-14451,1.1263191267069925,-1.3584284922473397,-0.8845528047537415,0.024795226793840854,-1.797167917130911,-0.4787502349073294,-0.702902323968164,0.0,0.0,0.0,1.0,0.0,2.05
STU-13161,0.04530895322788702,0.29114185493403744,-0.8825845667188733,0.1498252343701873,1.0544635222301855,-2.1916067913400528,0.9905943576997654,1.0,0.0,0.0,0.0,0.0,4.34
STU-12105,1.3425211614028136,-0.2542125177779225,0.3721671805099381,1.7057542175425013,0.8821595077672788,-1.683486664551398,0.13655902598082686,1.0,0.0,0.0,0.0,1.0,4.53
STU-14081,1.5587231960986347,-1.5441528916229295,0.609339863711619,1.789107555926732,0.3925289333351878,-0.3967953757478692,-0.7058171203221535,1.0,0.0,0.0,0.0,0.0,4.68
STU-11448,-0.17089308146793408,-0.5733208039778,-0.293097275275691,-1.0449059491371255,-1.8711150566712416,-1.4294266011570707,1.658082722763373,0.0,0.0,0.0,0.0,0.0,3.26
STU-10559,0.47771302261952925,-0.8822986683935542,-0.2301136581598918,-0.32251034980712207,-0.9098022426469444,0.8325275116440376,1.0401458957175878,1.0,0.0,1.0,0.0,0.0,4.54
STU-12255,-0.6032971508595764,-0.07355332929439394,0.5247056282122639,0.05257967292191729,0.1735592482885781,0.43094870176268196,0.23274730566248208,0.0,0.0,0.0,0.0,1.0,4.99
STU-11271,0.6939150573153504,-0.612154087483605,-0.7211890478596379,-0.767061487856355,-1.0497992543980559,-0.6344644673103038,-0.4085078922152193,1.0,0.0,0.0,1.0,0.0,3.31
STU-14944,0.6939150573153504,-1.6792251820779043,-1.1364872732169384,-0.711492595600201,-1.6105052347960958,0.02936989188132556,0.5096529592914893,0.0,0.0,0.0,0.0,1.0,1.81
STU-13395,-1.2519032549470397,1.072872735942203,-0.5548729339132309,0.8027597183799973,-0.4589400714690066,0.03756537779727143,0.4892493848135629,1.0,0.0,1.0,0.0,0.0,4.52
STU-10708,-0.17089308146793408,-0.8198277340581285,-1.0183929911248149,0.788867495315959,-0.0224365681629779,-1.126193622267067,-0.8836196979155162,0.0,0.0,0.0,0.0,1.0,3.94
STU-13695,-0.8194991855553975,0.3417939638546527,1.500951693507151,1.6640775483503856,1.0544635222301855,0.2916254411915993,1.6872306863032684,1.0,0.0,0.0,0.0,1.0,5.76
STU-13481,0.04530895322788702,-0.2255096560562404,0.06659822559656975,-0.808738157048471,0.48083474074742744,2.4798201807491926,0.6583075733449569,0.0,0.0,1.0,0.0,0.0,3.96
STU-10301,0.47771302261952925,-1.8463771415159353,-2.549682182252682,-2.378559363284823,-1.5616857640316057,1.357038610264585,2.4509073310485308,0.0,0.0,0.0,0.0,1.0,1.9
STU-13086,0.04530895322788702,-0.20018360159593263,-0.6975701914412137,0.010903003729801398,-1.4762516901937484,-1.290103340585988,-0.44931504117107296,1.0,0.0,1.0,0.0,0.0,4.47
STU-13066,0.47771302261952925,-0.048227274834086155,1.1919383220327613,-1.4755648641223191,-1.2824096739229787,0.8325275116440376,-0.7349650838620491,1.0,0.0,0.0,1.0,0.0,3.37
STU-11206,-1.2519032549470397,-0.3521399283577791,1.0069239467551017,0.20539412662634143,-1.6492736380502497,-1.0770207067713904,-0.8107497890657774,0.0,0.0,1.0,0.0,0.0,3.87
STU-13420,1.1263191267069925,-0.34707471746571733,-0.24389132440397293,-1.4061037488021269,-1.0828241905034457,-0.11814885460570303,-1.326668743721928,0.0,1.0,0.0,0.0,0.0,3.69
STU-11417,0.9101170920111715,-1.1963417437013701,0.06659822559656975,-0.8781992723686632,-0.3189430597178952,1.0701966032064738,1.3636882910104284,0.0,0.0,0.0,1.0,0.0,3.37
STU-10629,-0.17089308146793408,-0.048227274834086155,-2.2711765003187576,-1.1699359567134722,-3.10308876008102,-1.683486664551398,0.9322984306199746,0.0,0.0,0.0,0.0,1.0,2.24
STU-12809,-0.6032971508595764,1.93733539485404,1.500951693507151,0.7332986030598049,1.0544635222301855,1.1849334060297174,1.6784862972413,0.0,0.0,0.0,0.0,1.0,5.75
STU-10646,-0.6032971508595764,-0.25758932503929677,-0.5558570529306658,-1.2393970720336644,-1.284563474103765,-2.1424338758443766,-0.5250997463748013,0.0,0.0,0.0,0.0,0.0,3.19
STU-10666,1.7749252307944559,-1.7433845200440172,0.8130525003205326,-0.7948459339844327,-1.0670296558443462,-0.5279231504030053,-0.37644513232133414,0.0,0.0,0.0,0.0,0.0,3.41
STU-13940,-0.6032971508595764,1.417307076602388,0.7628624304313797,0.8861130567642278,0.8900567750968287,-0.3148405165884083,-0.1578354057721178,1.0,0.0,0.0,0.0,1.0,5.71
STU-11081,0.47771302261952925,-0.7219003234782719,0.3662624664053317,1.789107555926732,-0.46109387164979304,-0.08536691094191881,-0.08788029327636848,1.0,0.0,1.0,0.0,0.0,4.37
STU-10111,-0.17089308146793408,-0.7421611670465181,-0.5735711952444836,-0.2808336806150074,-1.886191657936746,0.4473396735945737,-0.5250997463748013,0.0,1.0,0.0,0.0,0.0,3.86
STU-12750,0.04530895322788702,-0.0499156784647733,-1.166010843739969,0.08036411904999374,0.7543673637072901,-1.888373812450049,1.3083071602846266,0.0,0.0,1.0,0.0,0.0,4.07
STU-14476,-0.3870951161637552,0.10541745555844746,0.8553696180702094,0.4415619187149961,0.4736554068114724,1.5291438144994511,0.31436160357418963,0.0,0.0,1.0,0.0,0.0,4.47
STU-13194,1.1263191267069925,-0.500719447858251,-0.9219493274162482,0.19150190356230198,1.0544635222301855,0.7751591102324158,-0.7553686583399759,1.0,0.0,1.0,0.0,0.0,4.55
STU-12495,-0.8194991855553975,-0.007705587697593743,0.8553696180702094,-1.8784393329794362,1.0544635222301855,-0.4705547489913835,-0.16657979483408653,0.0,1.0,0.0,0.0,0.0,3.95
STU-11367,1.991127265490277,1.3480825277442134,1.500951693507151,-0.33640257287116154,1.0544635222301855,0.2670389834437609,0.6466483879289984,1.0,0.0,0.0,1.0,0.0,5.08
STU-13825,0.04530895322788702,-0.11238661280019921,0.4794361534102839,0.5526997032273043,0.398990333877547,0.47192613134241207,-0.029584366196577658,1.0,0.0,0.0,0.0,1.0,4.87
STU-11062,-0.3870951161637552,-0.323437066636097,-0.09725759080625211,1.6085086560942314,-2.067110873122797,0.09493377920889398,1.0867826373814207,0.0,1.0,0.0,0.0,0.0,3.57
STU-14638,0.04530895322788702,-0.13433585999913242,0.14680392551746863,0.3443163572667261,0.13263704485363736,-1.0360432771916601,-0.592140062516561,1.0,0.0,1.0,0.0,0.0,4.57
STU-11005,0.04530895322788702,-1.9020944613286124,-2.1225745286861692,-1.253289295097704,0.1735592482885781,0.24245252569592257,-0.12285784952424314,0.0,0.0,0.0,0.0,1.0,2.25
STU-14323,0.26151098792370814,-1.6859787966006532,-0.7261096429468094,-1.017121503009048,-2.577561515969157,-1.5769453476440993,-0.19864255472797143,1.0,0.0,1.0,0.0,0.0,3.16
STU-13784,0.04530895322788702,-0.6239729128984153,0.035598476547386175,-1.058798172201164,-1.0835421238970415,0.02117440596537969,-0.7641130474019445,0.0,1.0,0.0,0.0,0.0,3.2
STU-13068,-0.17089308146793408,0.1729536007859345,0.1595974727441163,0.024795226793840854,0.4707836732370912,-0.42957731941165267,-1.3703906890317714,0.0,0.0,0.0,0.0,1.0,4.64
STU-11580,-1.2519032549470397,0.12061308823463207,-0.9809964684623095,0.27485524194653377,0.7723156985471761,-1.3720581997454482,-0.16657979483408653,0.0,0.0,0.0,0.0,1.0,4.66
STU-14062,-0.3870951161637552,0.4245257417583247,-0.4003662481760354,-2.003469340555784,1.0544635222301855,0.3489938426032211,1.0430606920715773,0.0,0.0,0.0,0.0,1.0,4.48
STU-10085,1.1263191267069925,-0.9363275845755441,0.06659822559656975,0.9833586182124978,-0.7245754270993204,0.5866629341656564,1.0430606920715773,1.0,0.0,0.0,1.0,0.0,3.9
STU-10433,0.26151098792370814,0.12061308823463207,0.5001026527764049,-0.016881442398275045,0.7026761593684183,1.5127528426675596,-0.12285784952424314,1.0,1.0,0.0,0.0,0.0,3.91
STU-11260,0.04530895322788702,0.23035932422929897,1.500951693507151,-0.961552610752895,0.49950100898090827,0.1604976665364624,-0.8923640869774848,0.0,0.0,0.0,1.0,0.0,4.59
STU-12816,-1.2519032549470397,-0.2356400778403636,-1.0833448462754838,-0.07245033465442915,0.1398163787895924,1.9389181102967534,-0.08788029327636848,0.0,0.0,0.0,0.0,1.0,4.06
STU-14941,-0.17089308146793408,-0.10225619101607604,-1.0744877751185742,0.010903003729801398,-1.904139992776632,-0.6918328687219264,2.293508327933095,1.0,0.0,0.0,0.0,1.0,4.12
STU-13524,-1.2519032549470397,0.30127227671816065,0.32197711062078516,1.1778497411090367,0.594986150329102,-0.15912628418543384,-0.11702825681626415,0.0,1.0,0.0,0.0,0.0,4.26
STU-14489,-0.3870951161637552,2.0842265107238247,1.4852057892282016,1.789107555926732,0.1735592482885781,-0.4131863475797609,-0.7524538619859863,0.0,0.0,0.0,0.0,1.0,6.02
STU-11554,0.04530895322788702,-0.6256613165291025,-0.06970225831808986,-0.9198759415607791,-1.2242570690417478,-0.3476224602521925,-0.3939339104452716,0.0,1.0,0.0,0.0,0.0,2.96
STU-14576,0.47771302261952925,-0.39435001912495865,-0.3108114175895088,0.3721008033948038,-1.04908132100446,-1.5605543758122076,-0.32397879794952233,0.0,0.0,0.0,1.0,0.0,4.1
STU-14287,-0.3870951161637552,-0.006017184066906597,-0.2301136581598918,-0.05855811159039094,-2.7864801335054303,0.36538481443511356,-0.8690457161455684,1.0,0.0,0.0,1.0,0.0,3.05
STU-13471,0.26151098792370814,0.07502619020607822,0.8425760708435631,1.5112630946459613,0.18935378294767774,-0.9868703616959843,-0.13160223858621187,1.0,0.0,0.0,0.0,0.0,5.36
STU-12792,-1.2519032549470397,-0.7809944505523234,-0.7064272625981233,-0.11412700384654506,-1.4058942176213947,0.4063622440148436,0.36974273429999094,0.0,0.0,0.0,0.0,1.0,3.9
STU-10163,-0.8194991855553975,0.012555255870652312,0.6939740992109741,0.4554541417790343,0.667497423082242,0.8489184834759294,1.366603087364418,0.0,0.0,0.0,0.0,0.0,6.1
STU-12363,-1.2519032549470397,-0.29979941580647634,-1.7417204689390715,-2.642511601501555,0.31642799361407076,-0.44596829124354515,0.448442235857709,0.0,0.0,0.0,0.0,0.0,3.14
STU-12985,0.26151098792370814,-0.048227274834086155,0.35051656212638227,-0.35029479593519974,1.0544635222301855,-1.7572460377949122,-0.624202822410446,0.0,0.0,0.0,1.0,0.0,5.15
STU-13024,1.1263191267069925,-1.9020944613286124,-0.5568411719480992,-1.7395171023390514,-1.310409076273201,0.2752344693597068,-0.5833956734545923,0.0,0.0,0.0,0.0,1.0,3.43
STU-13847,0.04530895322788702,-0.9633420426665391,0.06659822559656975,-1.2949659642898186,0.1103811096521785,-0.32303600250435416,-0.3735303359673447,0.0,0.0,0.0,1.0,0.0,2.98
STU-12656,0.47771302261952925,1.2552203280564183,1.2785407955669847,-0.016881442398275045,0.7543673637072901,0.5866629341656564,-1.0759962572788266,1.0,0.0,0.0,1.0,0.0,4.89
STU-10444,-1.2519032549470397,-0.1157634200615735,0.9527974007962121,0.31653191113864965,-0.6951401579619075,0.06215183554510977,-0.702902323968164,0.0,0.0,0.0,1.0,0.0,4.57
STU-10543,-0.17089308146793408,0.684539900884151,1.500951693507151,1.789107555926732,1.0544635222301855,0.7013997369889016,-0.16657979483408653,1.0,0.0,0.0,0.0,1.0,5.48
STU-10119,0.47771302261952925,1.3311984914373414,1.0010192326504954,1.2473108564292301,0.03571603671825308,0.8407229975599835,1.8242261149407775,0.0,0.0,0.0,1.0,0.0,4.38
STU-11244,0.26151098792370814,0.3232215239170938,-1.2152167946116872,0.41377747258691844,0.22955805298902268,-2.2079977631719454,2.567499185208113,1.0,0.0,0.0,0.0,1.0,3.88
STU-10376,0.47771302261952925,0.2962070658260989,-0.7999185692543865,-0.15580367303866097,-0.3167892595371088,-1.2327349391743654,0.1336442296268374,0.0,0.0,0.0,0.0,1.0,3.84
STU-12738,1.1263191267069925,-0.35382833198846625,0.4754996773405458,0.024795226793840854,1.0544635222301855,-0.17551725601732557,-0.009180791718650714,1.0,0.0,0.0,1.0,0.0,5.1
STU-14690,0.04530895322788702,-0.7522915888306413,1.500951693507151,0.03868744985787907,-0.09781957449049912,0.03756537779727143,-0.07330631150642078,0.0,0.0,1.0,0.0,0.0,3.4
STU-12743,0.6939150573153504,1.268727557101916,0.18616868621484364,-0.669815926408085,1.0544635222301855,-1.5277724321484234,0.0724335061930568,0.0,0.0,0.0,1.0,0.0,4.83
STU-12132,0.47771302261952925,-0.048227274834086155,0.3288659437428264,-1.7534093254030896,-0.9909287161232291,0.816136539812146,-0.9594044031192445,0.0,0.0,0.0,0.0,1.0,3.58
STU-12752,-0.6032971508595764,1.5354953307504906,1.500951693507151,0.788867495315959,1.0544635222301855,0.5702719623337646,0.18319576764465975,1.0,1.0,0.0,0.0,0.0,5.42
STU-12065,-0.8194991855553975,0.8939019510893612,0.729402383838611,0.8444363875721131,1.0544635222301855,0.32440738485538345,-0.6475211932423623,0.0,0.0,1.0,0.0,0.0,5.1
STU-10305,1.3425211614028136,-1.120363580320447,1.2204777735383585,-0.3919714651273156,-1.1345153948423174,0.7341816806526857,-0.9594044031192445,0.0,0.0,0.0,1.0,0.0,3.84
STU-13207,0.26151098792370814,-0.09381417286264,0.287532945010583,0.42766969565095664,0.4277076696213641,0.8079410538962001,-1.0031263484290878,1.0,0.0,0.0,0.0,1.0,4.9
STU-11645,-0.3870951161637552,0.2489317641668579,0.41350017924218146,0.46934636484307257,-0.23781658624161056,1.2259108356094481,-0.5659068953306551,1.0,1.0,0.0,0.0,0.0,5.48
STU-10210,0.26151098792370814,0.17464200441662195,-1.170931438827142,-0.6837081494721244,0.21878905208509064,-1.003261333527876,-1.2071620932083562,1.0,0.0,1.0,0.0,0.0,3.4
STU-13019,-0.3870951161637552,-0.048227274834086155,-0.6562371927089703,0.5249152570992267,0.008434567761626606,1.455384441255937,-0.7495390656319969,0.0,1.0,0.0,0.0,0.0,3.96
STU-13872,-0.3870951161637552,-0.8215161376888156,0.5965463164849727,-0.5031092496396239,-0.21268891746577048,0.6194448778294407,0.20359934212258668,0.0,0.0,0.0,0.0,0.0,4.48
STU-14291,0.6939150573153504,-1.9020944613286124,-2.6047928472290063,-3.6149672159842514,0.1735592482885781,-0.6262689813943579,-1.0118707374910565,0.0,0.0,1.0,0.0,0.0,1.0
STU-14442,0.26151098792370814,0.6541486355317817,1.500951693507151,-0.0029892193342368227,1.0544635222301855,-0.5689005799827361,-0.7757722328179028,0.0,0.0,1.0,0.0,0.0,4.97
STU-12542,1.3425211614028136,-0.061734503879583624,0.6841329090366309,0.7332986030598049,-0.6664228222180895,0.6686177933251173,1.669741908179331,0.0,0.0,0.0,0.0,1.0,4.76
STU-11962,0.26151098792370814,-0.232263270578989,1.1624147515097307,-0.04466588852635272,1.0544635222301855,1.791399363809725,-0.16657979483408653,0.0,0.0,0.0,0.0,0.0,4.37
STU-14308,-0.6032971508595764,9.78260080496593,-0.5036987450066445,-1.1699359567134722,0.42052833568541004,0.9144823708034978,-0.11119866410828493,0.0,0.0,0.0,1.0,0.0,3.75
STU-13097,-1.2519032549470397,-0.048227274834086155,-0.22027246798554734,-0.1419114499746215,-0.21053511728498409,0.2834299552756527,-0.8632161234375892,0.0,1.0,0.0,0.0,0.0,3.62
STU-11770,-1.0357012202512186,-0.1562851071980659,0.9055596879593624,-0.669815926408085,-1.2716406730190477,0.012978920049433091,0.2298325093084926,0.0,0.0,0.0,0.0,1.0,4.18
STU-10408,-0.8194991855553975,-1.9020944613286124,0.06659822559656975,-2.211852686516361,-1.8696791898840504,-1.5933363194759917,0.28229884368030445,0.0,0.0,0.0,0.0,1.0,1.48
STU-14460,2.2073293001860983,0.2675042041044168,1.1643829895445992,1.3584486409415384,1.0544635222301855,0.7177907088207933,-1.2188212786243147,0.0,0.0,0.0,0.0,0.0,6.04
STU-13563,0.47771302261952925,1.7583646100011987,1.500951693507151,1.789107555926732,0.1735592482885781,-0.19190822784921804,1.1654821389391383,0.0,0.0,0.0,1.0,0.0,5.99
STU-14204,0.04530895322788702,-0.8113857159046927,-0.5479841007911896,-0.2252647883588533,-2.272439823691094,-0.839351615208955,-0.17532418389605525,0.0,0.0,0.0,0.0,1.0,3.01
STU-13373,0.47771302261952925,0.5089459232926838,-0.31573201267668033,-0.5170014727036621,0.660318089146288,-0.7655922419654406,0.4805049957515939,0.0,0.0,0.0,1.0,0.0,3.24
STU-14971,0.9101170920111715,-1.9020944613286124,-0.23897072931680138,-0.6003548110878927,-1.7016827757827173,-0.6754418968900346,-1.0963998317567536,0.0,0.0,0.0,0.0,0.0,2.52
STU-14947,1.3425211614028136,0.7942861368788176,0.6418157912869528,0.4554541417790343,1.0056440514656948,1.455384441255937,0.06660391348507756,0.0,0.0,1.0,0.0,0.0,5.25
STU-11595,0.04530895322788702,-0.03809685304996328,0.29245354009775454,-0.7531692647923168,-1.4920462248528479,0.5702719623337646,-0.1724093875420655,0.0,0.0,0.0,1.0,0.0,3.99
STU-11280,-1.2519032549470397,0.3384171565932784,-0.39544565308886387,0.23317857275441786,0.2704802564239624,0.8571139693918767,-0.39101911409128187,0.0,0.0,1.0,0.0,0.0,5.03
STU-10114,1.991127265490277,-0.7067046908020873,-2.1019080293200476,-0.461432580447508,-0.9808776486128928,1.0374146595426887,-1.326668743721928,1.0,0.0,0.0,1.0,0.0,3.4
STU-12044,0.47771302261952925,1.1522277065845004,0.8091160242507945,1.6085086560942314,0.0752023733660022,-1.003261333527876,0.9381280233279535,0.0,0.0,0.0,0.0,1.0,5.78
STU-13606,-0.8194991855553975,-0.6864438472338412,0.7116882415247933,1.386233087069615,0.9711832485731143,0.02117440596537969,0.41054988325584485,1.0,0.0,0.0,0.0,1.0,6.12
STU-11064,0.47771302261952925,0.8229889986004999,1.09451053930676,1.2334186333651909,1.0544635222301855,-0.23288565742894812,-0.1840685729580237,0.0,0.0,1.0,0.0,0.0,6.11
STU-14962,-0.17089308146793408,1.4645823782616292,0.8760361174363318,1.5112630946459613,1.0544635222301855,1.4635799271718828,0.28812843638828367,1.0,0.0,1.0,0.0,0.0,5.13
STU-14189,-1.2519032549470397,1.381850600357957,0.8504490229830379,0.6638374877396126,1.0544635222301855,1.6848580469024272,0.19776974941460745,1.0,0.0,0.0,1.0,0.0,5.97
STU-11694,1.991127265490277,-0.35720513924984054,0.14188333043029708,-1.1004748413932797,0.5389873456286574,-0.10995336868975716,0.5621192936633017,0.0,0.0,0.0,0.0,1.0,4.11
STU-14507,-1.2519032549470397,0.21178688429173978,0.37118306149250324,-0.7253848186642391,0.1735592482885781,-1.6916821504673438,1.0284867103016297,0.0,0.0,0.0,0.0,0.0,3.6
STU-12199,0.04530895322788702,0.5072575196619966,1.500951693507151,0.7055141569317273,0.2769416569663216,1.0374146595426887,1.0226571175936507,0.0,0.0,0.0,0.0,0.0,5.09
STU-11131,-1.0357012202512186,-0.6931974617565898,-0.4426833659257136,-0.9893370568809715,-1.1531816630757994,-0.8147651574611173,1.9641363399322755,0.0,0.0,1.0,0.0,0.0,3.56
STU-10176,0.9101170920111715,0.9732569217316592,0.02772552440791145,0.8166519414440355,0.892210575277615,-1.0606297349394986,1.273329604036752,0.0,1.0,0.0,0.0,0.0,4.62
STU-11779,-1.2519032549470397,0.9563728854247872,1.500951693507151,0.9972508412765361,1.0544635222301855,1.7340309623981023,1.5444056649577804,0.0,1.0,0.0,0.0,0.0,5.58
STU-13279,0.47771302261952925,-1.815985876163566,-0.5056669830415128,-0.2669414575509692,-3.6602050735110834,-0.8311561292930091,0.40763508690185507,0.0,0.0,0.0,0.0,1.0,1.76
STU-14000,1.1263191267069925,0.7351920098047665,0.8957184977850179,0.3304241342026879,1.0544635222301855,-1.3884491715773406,0.6408187952210195,0.0,0.0,0.0,0.0,0.0,4.98
STU-13959,-1.2519032549470397,-0.043162063942024716,0.10055033169805372,-2.003469340555784,0.9711832485731143,-0.42957731941165267,3.3894717570331667,0.0,0.0,0.0,0.0,0.0,3.33
STU-11231,0.6939150573153504,-0.7674872215068259,-0.7753155938185274,-1.1977204028415498,0.38965719976080554,0.4637306454264662,-0.8836196979155162,0.0,0.0,1.0,0.0,0.0,3.59
STU-11904,0.04530895322788702,-1.2706315034516062,-1.6501974003176751,-0.016881442398275045,0.1735592482885781,0.045760863713217304,-0.3939339104452716,0.0,0.0,0.0,1.0,0.0,3.31
STU-13400,1.7749252307944559,-1.5576601206684273,-0.28916079920595295,-0.7948459339844327,-2.708943326997123,-1.003261333527876,1.6347643519314565,0.0,0.0,1.0,0.0,0.0,2.49
STU-13048,1.7749252307944559,0.7909093296174432,0.9852733283715459,-0.11412700384654506,-0.07484570589544547,-0.8967200166205775,0.6320744061590504,0.0,0.0,0.0,0.0,1.0,4.23
STU-10562,-0.8194991855553975,-0.14615468541394275,1.058098135661688,1.6501853252863472,-0.061922904810727014,-0.25747211517678575,1.4278138107981981,0.0,0.0,0.0,0.0,1.0,4.48
STU-10358,-0.8194991855553975,0.6558370391624685,0.3052470873244008,1.1500652949809602,1.0544635222301855,-1.1098026504351746,-0.2977456307636164,1.0,0.0,0.0,0.0,1.0,5.15
STU-11878,0.47771302261952925,1.224829062704049,-0.8658545434224889,0.9694663951484597,0.0026911006128621704,-0.5443141222348977,-0.3152344088875536,1.0,0.0,0.0,1.0,0.0,4.38
STU-11731,0.26151098792370814,-0.6273497201597896,-1.1522331774958878,0.12204078824210964,-0.504887808659115,1.266888265189179,0.008307986405286742,0.0,0.0,1.0,0.0,0.0,4.19
STU-14730,0.04530895322788702,0.5477792067984891,1.500951693507151,1.789107555926732,-0.11863964290476739,0.11132475104078572,0.28521364003429395,0.0,0.0,0.0,1.0,0.0,5.15
STU-10508,0.9101170920111715,0.6186921592873507,0.38594484675401924,-0.25304923448692973,-0.20191991656183844,0.36538481443511356,0.8856616889561417,0.0,0.0,1.0,0.0,0.0,3.7
STU-11593,1.5587231960986347,-0.20862561974936863,0.05528085689607369,-0.25304923448692973,1.0544635222301855,-0.9376974462003076,0.24732128743242981,0.0,0.0,0.0,1.0,0.0,4.36
STU-14994,0.9101170920111715,-1.260501081667483,0.26096173153985563,-0.5447859188317385,-2.2860805581694073,-1.0524342490235528,-0.4172522812771878,0.0,0.0,0.0,1.0,0.0,2.99
STU-11782,1.1263191267069925,-0.37746598281808685,0.5306103423168703,-0.4753248035115462,0.08381757408914783,0.6522268214932249,-0.8486421416676415,1.0,0.0,0.0,0.0,1.0,4.74
STU-10449,0.04530895322788702,-0.048227274834086155,-2.3892707824108816,-0.9198759415607791,-2.342797296263447,-0.4623592630754369,-0.0995394786923267,0.0,0.0,0.0,0.0,0.0,2.28
STU-10620,0.9101170920111715,0.10541745555844746,1.500951693507151,-0.08634255771846738,0.9130306436918834,-1.1016071645192287,0.5592044973093117,0.0,0.0,1.0,0.0,0.0,4.94
STU-12040,-0.17089308146793408,1.278857978886039,-0.26357370475266045,0.010903003729801398,1.0544635222301855,-1.3064943124178798,-0.012095588072640204,0.0,0.0,0.0,0.0,0.0,7.628340680206097
STU-12028,0.6939150573153504,0.2759462222578528,0.8179730954077041,-0.558678141895778,0.7349831620802134,0.7341816806526857,0.7136887040707582,0.0,0.0,0.0,0.0,1.0,4.78
STU-14970,1.1263191267069925,0.30633748761022206,-0.6168724320115953,-1.4061037488021269,0.06730510603645237,1.2259108356094481,2.331400680534959,0.0,1.0,0.0,0.0,0.0,3.31
STU-10518,-0.17089308146793408,-1.427653041105514,-1.7810852296364452,-1.9756848944277061,-1.9795229991041532,-0.02799850953029699,-1.125547795296649,1.0,1.0,0.0,0.0,0.0,1.96
STU-12447,0.6939150573153504,-0.47539339339794345,-1.081376608240614,-1.461672641058281,0.17930271543734153,0.6194448778294407,-0.09370988598434772,0.0,0.0,0.0,0.0,1.0,3.65
STU-12553,1.7749252307944559,-0.31499504848266097,0.35937363328329186,1.080604179660768,-1.469790289651389,0.5374900186699805,-0.05581753338248358,0.0,1.0,0.0,0.0,0.0,3.65
STU-10963,0.6939150573153504,-0.061734503879583624,1.500951693507151,0.9416819490203819,0.043613304047802906,2.111023314531621,0.1627921931667328,0.0,0.0,1.0,0.0,0.0,4.63
STU-14678,0.47771302261952925,-0.8806102647628671,-1.707276303328868,0.024795226793840854,-1.5853775660202558,-0.9868703616959843,-0.42308187398516706,1.0,0.0,1.0,0.0,0.0,3.07
STU-13802,-0.3870951161637552,-1.5036312044864375,-2.575269276705976,-1.6283793178267432,-0.5996550166137139,1.9471135962127009,-0.04998794067450434,0.0,0.0,0.0,0.0,1.0,2.68
STU-12292,-1.2519032549470397,0.5545328213212379,1.500951693507151,0.8583286106361514,1.0544635222301855,0.8653094553078226,0.41054988325584485,1.0,1.0,0.0,0.0,0.0,5.28
STU-10258,-0.17089308146793408,-0.21369083064143007,-0.03624221172532263,0.9277897259563437,0.1735592482885781,-1.4540130589049083,-0.3356379833654805,0.0,0.0,0.0,1.0,0.0,3.52
STU-14190,-0.17089308146793408,1.045858277851208,0.06659822559656975,1.789107555926732,1.0544635222301855,0.6358358496613331,0.07826309890103579,0.0,0.0,0.0,1.0,0.0,5.63
STU-13378,0.9101170920111715,0.39413447640595545,0.06659822559656975,0.1498252343701873,0.06156163888768896,-0.7000283546378723,-1.061422275508879,0.0,1.0,0.0,0.0,0.0,3.87
STU-14898,0.04530895322788702,-0.8451537885184363,0.06216969001811355,-0.669815926408085,-1.9508056633603357,-1.117998136351121,-1.151780962482555,0.0,0.0,0.0,1.0,0.0,3.12
STU-10068,-0.17089308146793408,-0.38759640460220973,0.5748956981014168,0.6360530416115349,-0.26222632162385584,-0.7328102983016564,0.36974273429999094,0.0,1.0,0.0,0.0,0.0,4.41
STU-12289,-1.2519032549470397,-0.048227274834086155,-1.0902336793975236,0.024795226793840854,-2.425359636526923,0.5292945327540346,-0.4026782995072401,0.0,0.0,0.0,0.0,1.0,3.47
STU-13594,0.47771302261952925,0.5967429120884176,-1.948385462600287,0.5110230340351885,-1.6069155678281188,-0.9950658476119302,-0.9185972541633908,0.0,0.0,1.0,0.0,0.0,3.67
STU-10166,0.26151098792370814,0.6068733338725404,0.6368951961997812,0.691621933867689,0.4908858082577637,-0.10175788277381129,0.06660391348507756,0.0,0.0,0.0,0.0,1.0,5.4
STU-10978,-0.6032971508595764,0.6777862863614024,1.359238554996603,-0.19748034223077562,1.0544635222301855,0.13591120878862406,-0.6679247677202893,0.0,0.0,1.0,0.0,0.0,4.8
STU-11938,0.6939150573153504,-1.0156825552178417,0.06659822559656975,-1.0310137260730874,-1.3606644138248822,-0.18371274193327145,-0.5688216916846446,0.0,0.0,1.0,0.0,0.0,2.88
STU-13354,0.9101170920111715,-0.09212576923195286,1.500951693507151,-0.08634255771846738,1.040822787751872,0.5702719623337646,-0.7728574364639131,0.0,0.0,0.0,0.0,0.0,4.32
STU-13848,-0.3870951161637552,0.1763304080473091,0.18813692424971198,-0.7253848186642391,1.0544635222301855,0.2752344693597068,-0.2977456307636164,0.0,0.0,0.0,0.0,1.0,3.88
STU-13682,-0.3870951161637552,0.5325835741223045,1.1407641331261749,0.7610830491878814,-0.8818028402967221,0.21786606794808422,0.5533749046013327,0.0,0.0,1.0,0.0,0.0,5.06
STU-13684,-1.2519032549470397,0.11554787734257033,-0.2704625378747003,-0.8365226031765474,-0.6915504909939295,-0.09356239685786541,0.428038661379782,0.0,0.0,0.0,0.0,0.0,4.78
STU-13073,-0.17089308146793408,0.5393371886450533,1.500951693507151,1.5668319869021154,0.1735592482885781,-0.4951412067392211,-1.3878794671557084,0.0,0.0,0.0,0.0,0.0,4.8
STU-14496,1.7749252307944559,-0.9684072535586005,1.3021596519854104,-1.0865826183292415,0.8118020351949262,0.7997455679802542,-0.8923640869774848,0.0,0.0,0.0,0.0,1.0,4.32
STU-12501,-0.8194991855553975,0.29114185493403744,0.13401037829082235,-0.2252647883588533,1.0544635222301855,0.9964372299629595,0.5271417374154268,0.0,0.0,1.0,0.0,0.0,3.97
STU-12572,-0.3870951161637552,-0.23901688510173788,0.6368951961997812,-0.15580367303866097,0.5899606165739344,-2.0768699885168083,-1.4286866161115623,0.0,0.0,0.0,0.0,0.0,4.8
STU-10024,0.9101170920111715,-1.390508161230396,-1.382517027575529,-2.6008349323094397,-0.769805230895833,0.10312926512483986,0.26772486191035677,1.0,0.0,0.0,1.0,0.0,2.42
STU-14106,0.9101170920111715,-0.6695598109269691,-1.5055319047548241,-0.7948459339844327,-2.620637519584883,-1.339276256081664,-1.0264447192610042,1.0,0.0,0.0,0.0,1.0,2.53
STU-11851,-0.8194991855553975,-0.39603842275564577,0.3918495608586256,-0.461432580447508,-0.46827320558574703,0.6030539059975489,-1.131377388004628,1.0,1.0,0.0,0.0,0.0,3.82
STU-14502,0.26151098792370814,-0.33525589205090733,-1.686609803962747,0.024795226793840854,-0.4165820012468753,0.9226778567194451,-0.9098528651014222,1.0,0.0,0.0,0.0,1.0,4.95
STU-10563,0.04530895322788702,0.6254457738100996,0.914416759116272,1.441801979325769,0.6466773546679737,-0.7328102983016564,-1.3383279291378862,1.0,0.0,0.0,1.0,0.0,4.98
STU-13486,0.04530895322788702,-1.260501081667483,-1.255565674326497,-1.211612625905588,-1.9027041259894408,0.37358030035105944,0.6204152207430925,1.0,0.0,0.0,0.0,1.0,2.28
STU-14230,1.3425211614028136,0.44985179621863247,-0.2645578237700939,0.5665919262913426,1.0544635222301855,-0.3476224602521925,0.2764692509723255,1.0,0.0,0.0,0.0,1.0,4.74
STU-10398,-0.8194991855553975,-0.3166834521133481,0.06659822559656975,-0.4753248035115462,-0.020282767982191488,-0.22469017151300152,0.8652581144782148,0.0,0.0,0.0,1.0,0.0,3.94
STU-14618,1.7749252307944559,-0.6104656838529179,-0.40725508129807664,-0.461432580447508,-0.3210968598986816,0.6604223074091707,0.6612223696989464,0.0,0.0,1.0,0.0,0.0,4.15
STU-14337,-0.3870951161637552,0.324909927547781,0.613276339781357,-1.308858187353858,0.5468846129582082,1.3160611806848543,-1.061422275508879,0.0,0.0,1.0,0.0,0.0,5.18
STU-13128,-0.17089308146793408,-0.16472712535150194,-1.1571537725830607,0.4554541417790343,-1.0770807233546824,-0.7328102983016564,1.0780382483194522,0.0,0.0,0.0,0.0,1.0,3.19
STU-10754,-0.3870951161637552,-0.3099298375905995,1.4871740272630698,-0.864307049304625,0.9826701828706411,-1.0196523053597686,-0.9011084760394535,0.0,0.0,1.0,0.0,0.0,4.34
STU-10412,-0.3870951161637552,1.1252132484935053,0.8406078328086949,1.789107555926732,1.0544635222301855,0.19327961020024662,-0.16075020212610727,0.0,0.0,0.0,0.0,1.0,6.06
STU-12284,-0.6032971508595764,0.500503905139248,0.6614981716356403,-0.33640257287116154,1.0544635222301855,0.9472643144672828,0.040370746299171645,0.0,0.0,0.0,0.0,0.0,4.38
STU-11513,0.47771302261952925,-1.620131055003853,0.23734287512143007,0.2470707958184561,-0.26868772216621506,1.1849334060297174,-0.6708395640742788,0.0,1.0,0.0,0.0,0.0,3.58
STU-13474,-0.17089308146793408,0.4785546579403146,-0.21338363486350748,-0.19748034223077562,0.6495490882423559,0.2342570397799767,-0.07039151515243129,0.0,1.0,0.0,0.0,0.0,4.56
STU-12645,-0.17089308146793408,1.9457774130074759,0.8415919518261283,1.7196464406065397,1.0544635222301855,0.5948584200816031,-0.7437094729240178,0.0,0.0,1.0,0.0,0.0,5.91
STU-11948,-0.3870951161637552,-0.5902048402846718,-2.1393045519825535,-1.4477804179942426,-1.0340047197389561,0.9226778567194451,-0.31814920524154305,0.0,1.0,0.0,0.0,0.0,2.4
STU-11199,0.04530895322788702,0.7655832751571358,1.2765725575321165,-0.2808336806150074,1.0544635222301855,-0.364013432084085,0.2997876218042419,0.0,1.0,0.0,0.0,0.0,4.79
STU-13062,0.9101170920111715,1.0661191214194539,1.500951693507151,0.6777297108036509,0.19007171634127254,2.2749330328505417,-0.33855277971947,0.0,0.0,0.0,1.0,0.0,5.07
STU-12677,8.909592375756553,0.14593914269493988,1.2303189637127014,0.7610830491878814,1.0544635222301855,-1.208148481426527,0.089922284316994,0.0,0.0,0.0,0.0,1.0,4.24
STU-11581,-1.0357012202512186,0.5359603813836787,0.7107041225073584,0.1081485651780714,0.7960075005358266,0.49651258909025037,0.20068454576859693,0.0,0.0,1.0,0.0,0.0,4.28
STU-12444,0.6939150573153504,-0.8384001739956876,0.22750168494708703,0.3582085803307643,-0.7963687664588647,-1.0688252208554445,-0.344382372427449,0.0,0.0,0.0,0.0,0.0,3.78
STU-14608,-1.2519032549470397,-0.10732140190813748,-0.4702386984138759,-1.114367064457318,1.0436945213262534,0.0539563496291639,2.4392481456325728,1.0,0.0,0.0,0.0,0.0,4.44
STU-14400,0.26151098792370814,0.2539969750589193,0.9488609247264741,0.8583286106361514,0.8498525050554848,-0.9376974462003076,-0.59796965522454,0.0,0.0,0.0,1.0,0.0,4.41
STU-10749,-1.2519032549470397,1.3176912623918442,0.6546093385136004,1.4695864254538455,0.5339618118734898,0.2998209271075451,-1.1168034062346803,0.0,0.0,1.0,0.0,0.0,5.73
STU-13627,0.04530895322788702,1.604719879608665,-0.004750403167422323,0.024795226793840854,1.0544635222301855,-1.4540130589049083,0.9905943576997654,0.0,0.0,0.0,0.0,1.0,5.29
STU-12491,0.04530895322788702,-0.1478430890446299,0.5916257213978012,0.9694663951484597,0.41334900174945505,0.6112493919134948,0.11032585879492095,0.0,0.0,0.0,0.0,1.0,4.27
STU-10904,-0.3870951161637552,0.9884525544078439,0.9055596879593624,1.400125310133653,1.0544635222301855,0.02117440596537969,0.21817332389253438,1.0,0.0,1.0,0.0,0.0,5.72
STU-11006,-0.17089308146793408,-0.17992275802768656,-0.18779654041021357,-0.44754035738346976,-0.6944222245683117,0.6030539059975489,0.5650340900172911,1.0,0.0,1.0,0.0,0.0,3.51
STU-10236,0.47771302261952925,-0.056669292987522185,1.1240341098297906,0.6082685954834585,1.0544635222301855,1.3324521525167474,-0.06456192244445205,0.0,0.0,0.0,0.0,0.0,5.01
STU-12870,1.3425211614028136,0.49375029061649917,0.20388282852866144,1.789107555926732,0.7773412323023448,1.0701966032064738,-0.09370988598434772,0.0,0.0,1.0,0.0,0.0,4.86
STU-13854,-1.0357012202512186,0.9124743910269207,0.030677881460214648,0.7471908261238431,0.1735592482885781,-0.24927662926083988,-1.0555926828008997,1.0,1.0,0.0,0.0,0.0,5.69
STU-11112,-0.8194991855553975,0.7554528533730123,-1.9070524638680435,-0.030773665462313266,0.1728413148949823,1.5947077018270197,-0.42016707763117755,1.0,0.0,0.0,1.0,0.0,5.02
STU-12881,0.26151098792370814,-0.6543641782507845,-0.22814542012502206,-0.030773665462313266,-1.1136953264280502,1.807790335641618,-0.3414675760734595,0.0,0.0,0.0,1.0,0.0,2.95
STU-12446,0.47771302261952925,-0.048227274834086155,-0.8127121164810341,-0.1835881191667374,1.0544635222301855,-1.3720581997454482,-0.6358620078264041,0.0,1.0,0.0,0.0,0.0,3.89
STU-14175,0.9101170920111715,0.5089459232926838,-0.6513165976217988,-1.1699359567134722,0.14843157951273703,-1.8064189532905888,0.4513570322116985,1.0,0.0,0.0,0.0,1.0,4.0
STU-12939,-1.0357012202512186,0.27763462588854,-0.2606213477003572,-0.05855811159039094,0.7945716337486349,1.9717000539605385,-0.9390008286413177,0.0,0.0,1.0,0.0,0.0,4.59
STU-10062,-1.2519032549470397,-0.4669513752445074,0.47746791537541416,0.024795226793840854,-0.03607730264129114,-0.6016825236465203,1.2762444003907416,1.0,0.0,0.0,0.0,1.0,5.15
STU-11247,-0.3870951161637552,-1.3955733721224577,-0.9534411359741471,-0.4892170265755844,-1.1890783327555714,-0.6426599532262504,0.21234373118455516,1.0,0.0,0.0,0.0,1.0,2.69
STU-10112,0.04530895322788702,0.15606956447906276,-0.6818242871622642,1.038927510468652,-1.3599464804312864,0.48012161725835795,-0.6096288406404983,1.0,0.0,0.0,0.0,1.0,3.98
STU-12449,0.47771302261952925,-0.10394459464676319,-0.1553206128348798,-0.08634255771846738,0.9668756482115415,0.02117440596537969,-1.041018701030952,1.0,0.0,0.0,0.0,1.0,4.47
STU-10003,-0.3870951161637552,0.056453750268519017,-0.16516180300922426,-1.1560437336494338,-0.7647796971406654,-0.9376974462003076,-0.5017813755428848,1.0,0.0,0.0,1.0,0.0,3.36
STU-12026,0.26151098792370814,-0.3285022775281584,-0.33836675007767103,-1.461672641058281,0.005562834187244388,1.9635045680445926,-0.8020054000038087,0.0,0.0,0.0,0.0,0.0,3.8
STU-13074,-0.6032971508595764,0.2793230295192271,0.06659822559656975,0.46934636484307257,0.7952895671422308,1.783203877893779,1.2587556222668042,1.0,0.0,0.0,1.0,0.0,5.16
STU-10078,0.47771302261952925,0.8500034566914949,0.8760361174363318,1.789107555926732,1.0544635222301855,0.8243320257280918,-0.8020054000038087,1.0,1.0,0.0,0.0,0.0,5.97
STU-10251,0.04530895322788702,-0.048227274834086155,1.2372077968347415,1.427909756261731,-0.5070416088399013,-0.40499086166381504,-0.9419156249953071,0.0,0.0,0.0,0.0,1.0,4.52
STU-12977,-1.2519032549470397,0.30127227671816065,-0.2468436814562761,-0.08634255771846738,1.0544635222301855,-1.0360432771916601,-0.015010384426629693,1.0,0.0,0.0,1.0,0.0,4.71
STU-12103,0.6939150573153504,-0.1782343543969991,-0.423985104594461,-0.711492595600201,-0.8796490401159357,-0.7737877278813873,-0.4842925974189476,1.0,0.0,0.0,0.0,1.0,3.95
STU-13822,0.6939150573153504,0.0024248340865291344,-0.8186168305856392,1.4695864254538455,1.0544635222301855,0.6112493919134948,0.11324065514891044,1.0,0.0,0.0,1.0,0.0,4.68
STU-12628,-1.2519032549470397,0.6389530028555971,0.5542291987352945,0.8583286106361514,0.48873200807697725,0.6276403637453866,2.832745653421162,1.0,0.0,0.0,1.0,0.0,5.58
STU-11727,0.47771302261952925,0.7571412570036997,1.040383993347869,0.5804841493553808,1.034361387209513,-0.04438948136218873,-0.2511088890997835,0.0,0.0,1.0,0.0,0.0,4.63
STU-14787,-0.3870951161637552,-0.43824851352282534,-0.4751592935010474,-0.4753248035115462,-0.8516496377657135,-0.019803023614350393,-0.682498749490237,0.0,0.0,1.0,0.0,0.0,3.43
STU-14488,-0.6032971508595764,-0.21706763790280437,1.500951693507151,1.789107555926732,-0.3555576627912631,-1.5359679180643693,1.515257701417885,0.0,0.0,1.0,0.0,0.0,5.04
STU-13452,-0.8194991855553975,0.5021923087699353,-1.0754718941360089,0.024795226793840854,-1.009594984356711,0.6030539059975489,0.6728815551149043,1.0,1.0,0.0,0.0,0.0,3.62
STU-11171,-0.3870951161637552,-0.9532116208824158,0.609339863711619,-0.030773665462313266,0.1735592482885781,1.7750083919778332,-0.11702825681626415,1.0,0.0,1.0,0.0,0.0,3.46
STU-14574,1.3425211614028136,-1.9020944613286124,0.07693147527962954,0.41377747258691844,-1.335536745049042,0.02117440596537969,-0.16657979483408653,1.0,0.0,0.0,0.0,0.0,3.63
STU-11059,0.04530895322788702,-1.0156825552178417,-0.7113478576852948,-1.114367064457318,-2.235107287224131,-0.667246410974088,-1.3179243546599595,1.0,0.0,1.0,0.0,0.0,2.55
STU-14597,1.3425211614028136,1.3936694257727673,1.0787646350278093,-0.905983718496741,1.0544635222301855,1.2259108356094481,0.34059477076009553,0.0,0.0,0.0,0.0,1.0,4.69
STU-14547,0.04530895322788702,-0.7573567997227028,-0.32163672678128674,0.9416819490203819,-2.634278254063197,-0.23288565742894812,-0.9739783848891923,1.0,0.0,0.0,0.0,1.0,3.85
STU-12387,-0.3870951161637552,0.665967460946592,1.3602226740140366,0.024795226793840854,1.0544635222301855,-0.37220891800003086,-0.44057065210910423,0.0,1.0,0.0,0.0,0.0,4.57
STU-13178,-1.2519032549470397,-0.048227274834086155,-1.5261984041209464,-0.2947259036790456,-1.318306343602751,-1.6670956927195062,0.11907024785688967,1.0,1.0,0.0,0.0,0.0,2.22
STU-10817,-0.3870951161637552,0.297895469456786,0.9990509946156271,0.9833586182124978,0.8649291063209886,1.062001117290528,-0.7699426401099236,1.0,0.0,0.0,0.0,1.0,5.46
STU-10643,-0.3870951161637552,-0.41967607358526643,0.4243254884339594,-0.8920914954327015,0.15058537969352342,0.9390688285513369,0.428038661379782,0.0,0.0,0.0,1.0,0.0,3.73
STU-11245,-1.2519032549470397,1.604719879608665,1.0531775405745167,1.789107555926732,-0.3189430597178952,0.7177907088207933,-0.2511088890997835,0.0,0.0,0.0,0.0,1.0,4.99
STU-14922,-1.2519032549470397,0.574793664889484,0.20093047147635965,-1.3783193026740503,1.0544635222301855,-0.12634434052164964,-0.4551446338790522,0.0,0.0,0.0,0.0,1.0,3.61
STU-14146,-0.3870951161637552,-0.40279203727839435,-0.7074113816155567,0.17760968049826376,-1.1345153948423174,0.308016413023491,-0.17532418389605525,0.0,0.0,1.0,0.0,0.0,3.63
STU-12073,-1.2519032549470397,1.4274374983865108,1.129938823934397,0.7749752722519196,1.0544635222301855,-0.790178699713279,-1.0031263484290878,0.0,0.0,1.0,0.0,0.0,5.02
STU-10520,-0.3870951161637552,-0.09887938375470175,0.4735314393056775,-0.16969589610269917,1.0544635222301855,1.3488431243486392,0.4746754030436149,0.0,0.0,0.0,1.0,0.0,4.81
STU-13105,0.04530895322788702,1.6266691268075983,1.3986033156939768,0.5110230340351885,1.0544635222301855,-1.5933363194759917,-0.0820507005683895,0.0,0.0,0.0,1.0,0.0,5.1
STU-14087,0.04530895322788702,1.4780896073071264,1.500951693507151,0.024795226793840854,1.0544635222301855,-0.5607050940667895,0.36682793794600144,0.0,1.0,0.0,0.0,0.0,5.21
STU-10329,-0.6032971508595764,0.8280542094925617,0.36527834738789683,0.3721008033948038,0.9273893115637925,0.4063622440148436,-0.16657979483408653,0.0,0.0,1.0,0.0,0.0,4.83
STU-12959,1.3425211614028136,1.4510751492161316,0.9380356155346962,1.038927510468652,1.0544635222301855,0.6112493919134948,0.3930611051319074,0.0,0.0,0.0,1.0,0.0,5.11
STU-10591,0.6939150573153504,-0.3133066448519738,0.03363023851251785,-1.5450259794425127,-1.3498954129209502,-0.6426599532262504,-0.6446063968883728,0.0,0.0,0.0,0.0,0.0,3.5
STU-10536,-0.17089308146793408,-0.6543641782507845,1.1614306324922958,0.5249152570992267,-0.2859181236125053,1.3160611806848543,0.7515810566726221,0.0,0.0,1.0,0.0,0.0,4.19
STU-11430,-0.17089308146793408,0.44140977806519677,-0.05297223502170695,-0.9198759415607791,1.0544635222301855,1.1275650046180963,-0.6795839531362475,0.0,0.0,0.0,0.0,0.0,5.12
STU-13289,-1.2519032549470397,-0.048227274834086155,-0.9554093740090155,-1.3505348565459727,-0.9672369141345796,-0.4213818334957068,0.8506841327082668,0.0,0.0,0.0,0.0,0.0,3.13
STU-11533,-1.2519032549470397,0.39075766914458115,-0.8146803545159025,1.6362931022223077,0.1735592482885781,0.2342570397799767,-0.7757722328179028,1.0,1.0,0.0,0.0,0.0,4.83
STU-10159,0.26151098792370814,0.19659125161555516,0.3111518014290072,-0.4058636881913539,0.5899606165739344,-0.04438948136218873,1.2558408259128147,1.0,0.0,1.0,0.0,0.0,4.53
STU-14565,-0.8194991855553975,-0.024589624004465807,-1.3746440754360543,-1.072690395265202,-1.3807665488455547,-0.2820585729246241,-1.2188212786243147,0.0,0.0,0.0,1.0,0.0,2.89
STU-11842,0.6939150573153504,1.202879815505116,1.500951693507151,1.789107555926732,1.0544635222301855,-0.43777280532759927,-1.215906482270325,0.0,0.0,1.0,0.0,0.0,5.83
STU-14012,0.26151098792370814,-0.048227274834086155,0.6969264562632772,1.539047540774039,0.2424808540737401,-0.3558179461681384,1.2179484733109507,1.0,0.0,0.0,0.0,1.0,5.38
STU-10928,-0.6032971508595764,0.24386655327479645,0.31213592044644206,-0.16969589610269917,0.7450342295905497,1.1603469482818798,-0.5950548588705505,0.0,0.0,0.0,0.0,1.0,4.12
STU-14537,-1.2519032549470397,0.05983055752989331,0.39086544184119076,1.2056341872371144,0.7177527606339231,0.3899712721829519,-1.3762202817397504,1.0,0.0,0.0,1.0,0.0,4.61
STU-14762,1.5587231960986347,-0.13771266726050702,0.47746791537541416,1.1639575180449984,0.2948899918062077,0.43094870176268196,-1.1401217770665968,1.0,0.0,0.0,0.0,1.0,4.57
STU-10584,-0.17089308146793408,-0.4770817970286306,-0.7881091410451752,0.2470707958184561,-0.6599614216757302,-1.4294266011570707,-0.904023272393443,0.0,0.0,1.0,0.0,0.0,3.59
STU-11168,0.47771302261952925,-0.048227274834086155,1.500951693507151,0.7610830491878814,1.0544635222301855,0.5702719623337646,-0.956489606765255,1.0,0.0,0.0,0.0,0.0,6.18
STU-12633,-0.6032971508595764,-0.9532116208824158,-1.7997834909676993,-2.003469340555784,-1.4970717586080167,-0.15912628418543384,-0.5221849500208118,1.0,0.0,0.0,0.0,1.0,2.53
STU-14030,0.26151098792370814,0.01762046676271375,0.97051154311003,1.0250352874046138,-1.034722653132551,-0.14273531235354137,-0.26568287086973125,0.0,0.0,0.0,0.0,0.0,4.24
STU-14829,-0.17089308146793408,-0.8029436977512567,-1.021345348177118,-0.2669414575509692,-0.8157529680859413,-0.09356239685786541,-1.3033503728900115,1.0,0.0,1.0,0.0,0.0,3.76
STU-12651,0.04530895322788702,-0.36058194651121483,-0.8638863053876206,-1.3783193026740503,-0.34263486170654467,-1.003261333527876,-0.0033511990106714763,0.0,0.0,0.0,1.0,0.0,4.54
STU-12833,-0.3870951161637552,-0.24914730688586106,0.7677830255185512,-0.2669414575509692,0.1735592482885781,-0.8885245307046317,-0.8748753088535475,1.0,0.0,0.0,0.0,1.0,3.99
STU-14425,-0.17089308146793408,-0.5142266769037485,0.22454932789478382,-0.8365226031765474,0.9316969119253652,-0.5607050940667895,-0.9185972541633908,1.0,0.0,0.0,0.0,0.0,3.96
STU-13737,1.7749252307944559,-0.5277339059492459,0.8524172610179063,1.3028797486853843,0.3523246632938428,0.42275321584673536,-0.5221849500208118,0.0,0.0,0.0,1.0,0.0,4.85
STU-12857,-0.17089308146793408,-0.8350233667343131,-1.2152167946116872,1.2056341872371144,-1.3003580087628648,0.21786606794808422,-1.3499871145538445,0.0,0.0,0.0,1.0,0.0,4.41
STU-10695,-1.2519032549470397,0.8331194203846228,1.0886058252021535,1.191741964173076,0.7378548956545956,1.4717754130878302,-0.4580594302330417,1.0,0.0,0.0,0.0,1.0,5.83
STU-11235,-0.17089308146793408,-0.48552381518206633,0.06659822559656975,0.2470707958184561,0.39324686672878356,-1.4376220870730165,1.0896974337354102,1.0,0.0,1.0,0.0,0.0,4.27
STU-10588,-0.6032971508595764,0.19659125161555516,0.2865488259931482,0.08036411904999374,1.0544635222301855,-1.2163439673424739,-0.53384413543677,1.0,0.0,0.0,0.0,1.0,4.84
STU-10573,-1.0357012202512186,0.8010397514015667,0.8632425702096842,-0.43364813431943033,1.0544635222301855,1.0947830609543114,-0.72913549115407,1.0,0.0,1.0,0.0,0.0,5.14
STU-11073,-0.17089308146793408,1.028974241544336,0.7658147874836828,-0.2252647883588533,0.5942682169355071,-0.4623592630754369,-0.16657979483408653,0.0,0.0,1.0,0.0,0.0,4.88
STU-11315,0.6939150573153504,-0.9076247228538621,0.06659822559656975,-2.559158263117324,-0.5515534792428192,-0.4951412067392211,2.4858848872964057,1.0,0.0,0.0,1.0,0.0,2.92
STU-11677,-1.0357012202512186,1.0407930669591463,1.500951693507151,0.49713081097115025,1.0544635222301855,-0.8721335588727391,0.34642436346807454,0.0,0.0,0.0,0.0,0.0,5.31
STU-11630,0.26151098792370814,-0.048227274834086155,-0.3649379635483984,-1.3922115257380885,0.8807236409800883,-0.454163777159491,0.19485495306061795,0.0,0.0,1.0,0.0,0.0,3.87
STU-12088,-1.2519032549470397,0.5629748394746736,-0.7418555472257602,-1.5033493102503968,1.0436945213262534,-2.601381087137355,1.5240020904798535,0.0,0.0,0.0,0.0,0.0,3.66
STU-10535,-0.8194991855553975,0.0007364304558419882,-1.4376276925518534,0.49713081097115025,0.3214535273692394,-0.8967200166205775,-0.04998794067450434,1.0,0.0,1.0,0.0,0.0,4.82
STU-10035,-0.8194991855553975,0.9715685181009718,1.2224460115732267,1.441801979325769,1.0544635222301855,1.1111740327862032,-1.0789110536328161,0.0,0.0,0.0,0.0,1.0,5.45
STU-10417,-0.8194991855553975,-0.048227274834086155,-0.1346541134687588,0.3443163572667261,1.0544635222301855,-0.7246148123857106,1.637679148285446,0.0,0.0,0.0,0.0,1.0,4.75
STU-13302,1.7749252307944559,0.5883008939349815,0.07299499920989148,1.789107555926732,0.21376351832992302,0.6030539059975489,2.826916060713183,0.0,1.0,0.0,0.0,0.0,4.97
STU-10519,1.1263191267069925,-0.10900980553882492,0.2166763757553091,-0.11412700384654506,0.7543673637072901,-0.5852915518146279,-0.7699426401099236,0.0,0.0,0.0,0.0,0.0,4.12
STU-14575,0.9101170920111715,-1.0308781878940263,0.06659822559656975,-1.961792671363668,-0.5608866133595596,-2.224388735003837,-0.98855236665914,1.0,1.0,0.0,0.0,0.0,2.07
STU-12013,-1.0357012202512186,1.94915422026885,1.500951693507151,1.789107555926732,0.1735592482885781,0.5538809905018722,-0.72913549115407,1.0,0.0,0.0,0.0,1.0,5.78
STU-10429,-1.2519032549470397,-0.6020236656994821,0.7707353825708544,-0.808738157048471,-0.4725808059473199,0.4637306454264662,-1.3995386525716667,0.0,1.0,0.0,0.0,0.0,3.63
STU-10208,-0.3870951161637552,0.471801043417566,1.0029874706853636,-0.6559237033440468,1.0544635222301855,1.1767379201137715,-1.367475892677782,0.0,0.0,0.0,1.0,0.0,5.07
STU-12875,0.04530895322788702,2.594124407191354,1.500951693507151,1.789107555926732,1.0544635222301855,-0.3066450306724624,1.3899214581963344,0.0,0.0,0.0,0.0,0.0,5.95
STU-13502,0.04530895322788702,1.1387204775390032,-0.08544816259704072,0.8027597183799973,1.0544635222301855,-0.6508554391421962,0.16862178587471202,1.0,0.0,0.0,0.0,1.0,5.17
STU-12232,-0.17089308146793408,-1.000486922541657,0.7047994084027519,0.41377747258691844,-0.32540446026025444,1.6930535328183731,-0.7903462145878505,1.0,0.0,0.0,1.0,0.0,4.15
STU-10031,-1.2519032549470397,0.33504034933190413,0.22159697084248062,0.3582085803307643,1.0544635222301855,-0.5934870377305738,-0.4988665791888953,0.0,1.0,0.0,0.0,0.0,5.0
STU-12337,0.26151098792370814,-0.26096613230067106,-0.8786480906491366,0.4415619187149961,-2.0663929397292016,2.537188582160815,-0.29483083440962665,1.0,0.0,0.0,0.0,0.0,4.33
STU-13875,-0.6032971508595764,1.2045682191358027,0.573911579083982,0.8027597183799973,1.0544635222301855,0.42275321584673536,-0.11702825681626415,0.0,0.0,0.0,0.0,1.0,5.55
STU-10652,0.47771302261952925,-0.12589384184569669,-0.32065260776385324,0.9555741720844214,-1.488456557884871,-0.6426599532262504,1.9699659326402552,0.0,0.0,1.0,0.0,0.0,3.52
STU-13599,1.1263191267069925,-0.36058194651121483,-1.8440688467522444,-1.5589182025065509,-0.4280689355444031,1.5373393004153986,1.722208242551143,1.0,0.0,1.0,0.0,0.0,3.17
STU-14126,-0.17089308146793408,0.3417939638546527,0.30131061125466413,1.3306641948134608,0.15489298005509625,-0.24927662926083988,0.28812843638828367,0.0,0.0,0.0,1.0,0.0,4.89
STU-11155,0.47771302261952925,-0.0971909801240146,-2.1452092660871593,0.024795226793840854,-1.2142060015314116,-1.3146897983338257,-1.0031263484290878,0.0,0.0,0.0,0.0,1.0,2.96
STU-12503,-1.0357012202512186,-0.0971909801240146,0.2865488259931482,-0.15580367303866097,0.1735592482885781,0.5702719623337646,1.9291587836844013,1.0,0.0,0.0,0.0,0.0,3.34
STU-14765,-0.17089308146793408,-1.7281888873678326,-0.9691870402530967,-1.3783193026740503,-1.6090693680089052,0.20967058203213837,0.7457514639646431,1.0,0.0,0.0,0.0,0.0,2.7
STU-13359,0.26151098792370814,-1.0426970133088367,-0.2842402041187814,-0.4058636881913539,-2.8015567347709345,-1.683486664551398,-0.32106400159553283,0.0,0.0,1.0,0.0,0.0,3.01
STU-10860,0.47771302261952925,-1.3837545467076473,-1.647245043265372,-1.7950859945952056,-2.2731577570846895,-1.8801783265341032,-0.7932610109418401,0.0,0.0,0.0,1.0,0.0,2.23
STU-12655,-0.17089308146793408,1.104952404925259,1.500951693507151,1.789107555926732,0.7672901647920085,-0.03619399544624286,0.02579676452922394,0.0,0.0,1.0,0.0,0.0,5.29
STU-14741,0.9101170920111715,-0.41292245906251757,0.8622584511922506,-0.6837081494721244,0.6086268848074162,1.1685424341978257,2.4538221274025203,0.0,0.0,0.0,0.0,0.0,3.7
STU-11560,0.04530895322788702,0.4194605308662633,-0.34033498811253937,0.41377747258691844,0.7601108308560545,0.02117440596537969,2.3284858841809695,0.0,0.0,1.0,0.0,0.0,4.79
STU-11449,-0.8194991855553975,0.8314310167539359,-0.21141539682863916,-0.2808336806150074,0.1735592482885781,-1.1343891081830129,-0.428911466693146,0.0,0.0,0.0,0.0,1.0,4.13
STU-12333,-0.3870951161637552,-0.703327883540713,0.0464237857391641,0.3443163572667261,-0.11935757629836219,1.1193695187021488,0.8040473910444345,0.0,0.0,1.0,0.0,0.0,2.98
STU-14050,0.04530895322788702,-0.87892186113218,-1.3077239822505182,-0.7392770417282786,-1.3527671464953324,1.143955976449988,0.7457514639646431,0.0,0.0,1.0,0.0,0.0,2.14
STU-10523,-0.17089308146793408,-0.6881322508645283,0.3701989424750698,0.7194063799957667,-0.7863176989485284,1.3898205539283686,-0.4901221901269266,1.0,0.0,0.0,0.0,0.0,3.95
STU-13497,0.04530895322788702,-1.43609505925895,-1.9100048209203468,-0.8504148262405868,-2.838171337844302,0.9800462581310663,0.8681729108322043,1.0,0.0,1.0,0.0,0.0,2.28
STU-13396,0.6939150573153504,-0.09043736560126571,0.06659822559656975,0.16371745743422553,0.5741660819148348,-1.0688252208554445,-0.6416916005343835,0.0,1.0,0.0,0.0,0.0,4.48
STU-10923,1.1263191267069925,0.7267499916513305,0.017884334233568392,0.9694663951484597,0.8247248362796437,0.8325275116440376,-0.6358620078264041,0.0,0.0,1.0,0.0,0.0,5.19
STU-10139,-1.2519032549470397,0.048011732115083285,0.18912104326714685,-0.1835881191667374,-0.32540446026025444,-0.4131863475797609,1.2208632696649402,0.0,1.0,0.0,0.0,0.0,3.6
STU-10907,2.423531334881919,-0.6273497201597896,1.05416165959195,0.31653191113864965,-0.00807790029106885,0.08673829329294812,0.780729020212518,0.0,0.0,1.0,0.0,0.0,4.03
STU-14885,0.47771302261952925,0.36712001831496055,-0.6483642405694956,0.594376372419419,0.9431838462228921,3.2747823145959596,-0.6533507859503416,1.0,0.0,0.0,0.0,0.0,5.31
STU-11053,1.1263191267069925,0.3738736328377094,-0.9180128513465102,-0.2252647883588533,-0.5745273478378727,-1.5851408335600452,-0.7203911020921013,0.0,0.0,1.0,0.0,0.0,3.72
STU-10337,-1.2519032549470397,-0.16472712535150194,0.5798162931885884,1.191741964173076,1.0544635222301855,-1.0606297349394986,-0.3735303359673447,1.0,0.0,0.0,0.0,0.0,4.57
STU-14383,-1.2519032549470397,-1.2301098163151136,-2.3164459751207387,-2.0312537866838603,-0.443145536809907,0.9144823708034978,0.5737784790792596,1.0,0.0,0.0,0.0,1.0,2.65
STU-12934,-0.17089308146793408,0.7216847807592688,0.9026073309070591,0.13593301130614785,1.0544635222301855,0.07034732146105564,-0.9185972541633908,0.0,0.0,0.0,0.0,0.0,4.77
STU-11507,1.1263191267069925,-0.6070888765915435,-0.1179240901723745,-0.4058636881913539,-0.1480749120421803,-1.831005411038427,-1.632722360890831,1.0,1.0,0.0,0.0,0.0,3.15
STU-10668,-0.6032971508595764,-0.2255096560562404,0.3347706578474328,-0.3780792420632762,0.9237996445958154,0.308016413023491,1.2908183821606896,0.0,0.0,0.0,0.0,1.0,4.22
STU-12134,-0.8194991855553975,-0.8367117703650004,-0.1956694925496883,-0.864307049304625,-1.907729659744609,0.33260287077132933,0.019967171821244956,0.0,1.0,0.0,0.0,0.0,3.32
STU-14800,-0.3870951161637552,-0.03134323852721439,1.1565100374051245,-0.4753248035115462,1.0544635222301855,-1.3638627138295023,-0.7378798802160387,0.0,0.0,0.0,0.0,1.0,4.81
STU-10400,-0.17089308146793408,-0.9329507773141696,0.4095637031724434,0.12204078824210964,0.8405193709387433,-0.6918328687219264,-0.084965496922379,0.0,0.0,0.0,0.0,0.0,5.07
STU-10922,-0.6032971508595764,-1.481681957287504,-1.506516023772259,-2.225744909580399,-2.1065972097705465,0.5456855045859264,-0.47846300471096836,0.0,0.0,0.0,1.0,0.0,2.36
STU-12880,0.26151098792370814,0.7419456243275151,-0.4348104137862389,0.010903003729801398,1.0544635222301855,0.7177907088207933,-0.9623191994732341,0.0,0.0,0.0,0.0,1.0,4.77
STU-12731,0.04530895322788702,0.804416558662941,0.2826123499234115,0.9277897259563437,0.34873499632586585,1.0701966032064738,-1.2421396494562311,0.0,0.0,0.0,1.0,0.0,4.77
STU-11093,0.26151098792370814,0.5646632431053609,1.500951693507151,-1.0032292799450098,1.0544635222301855,1.0128282017948511,1.346199512886491,0.0,0.0,0.0,0.0,0.0,4.35
STU-14495,0.6939150573153504,0.07840299746745251,-0.19960596861942637,0.024795226793840854,0.03786983689903949,-0.40499086166381504,-1.1488661661285653,0.0,0.0,0.0,0.0,1.0,3.9
STU-10015,0.04530895322788702,-0.5125382732730612,0.16254982979641946,-0.0029892193342368227,0.7105734266979681,-0.9704793898640918,-1.1692697406064925,1.0,0.0,0.0,1.0,0.0,4.1
STU-11911,-0.17089308146793408,0.1797072153086834,0.06659822559656975,-0.7392770417282786,0.7701618983663907,1.455384441255937,1.9553919508703073,1.0,0.0,0.0,0.0,1.0,4.36
STU-10918,0.26151098792370814,-0.08537215470920427,1.13978001410874,-0.15580367303866097,0.4908858082577637,-0.9868703616959843,-0.13451703494020134,0.0,0.0,0.0,0.0,1.0,4.78
STU-12001,0.04530895322788702,-0.8147625231660669,0.8917820217152813,-1.3644270796100109,-1.0914393912265914,-1.0934116786032828,3.310772255475449,0.0,0.0,0.0,1.0,0.0,3.72
STU-10109,1.7749252307944559,-0.014459202220342629,-0.45350867511749154,-0.6003548110878927,-0.6434489536230358,0.7669636243164699,-1.192588111438409,1.0,0.0,0.0,0.0,0.0,4.51
STU-12014,0.47771302261952925,-0.2187560415334915,1.500951693507151,-0.16969589610269917,1.0544635222301855,-0.577096065898682,-0.5804808771006028,0.0,0.0,0.0,0.0,0.0,4.07
STU-14267,0.6939150573153504,0.18983763709280657,0.46762672520107107,0.26096301888249557,0.09243277481229245,1.24230180744134,-0.07330631150642078,1.0,1.0,0.0,0.0,0.0,4.43
STU-13834,-0.3870951161637552,-0.03134323852721439,1.2686996053926416,0.19150190356230198,-0.31319959256913177,-1.167171051846797,-0.6008844515785298,0.0,0.0,0.0,0.0,0.0,4.54
STU-14483,1.7749252307944559,-0.3926616154942715,0.1595974727441163,-0.767061487856355,-0.06838430535308623,0.02117440596537969,1.5444056649577804,0.0,0.0,0.0,0.0,1.0,4.97
STU-12680,0.04530895322788702,-0.7894364687057592,-2.1215904096687352,-0.8226303801125091,-1.7662967812063068,-0.7000283546378723,-0.3268935943035118,0.0,0.0,0.0,0.0,1.0,2.29
STU-14658,1.1263191267069925,-0.5429295386254305,-0.05001987796940375,0.9138975028923055,-1.0304150527709792,0.02117440596537969,0.37557232700797016,0.0,1.0,0.0,0.0,0.0,4.29
STU-13490,0.47771302261952925,0.692981919037587,0.8563537370876443,-0.6837081494721244,0.70411202615561,-0.42957731941165267,-1.341242725491876,0.0,0.0,0.0,0.0,1.0,4.11
STU-14406,-0.17089308146793408,-1.0139941515871544,1.0216857320166164,0.7194063799957667,0.4600146723331592,-2.2407797068357294,0.5766932754332491,0.0,0.0,0.0,1.0,0.0,3.88
STU-11781,-0.3870951161637552,-0.048227274834086155,-1.0390594904909372,-1.5589182025065509,-1.2615896055087115,0.4473396735945737,-1.2916911874740535,0.0,0.0,0.0,1.0,0.0,2.62
STU-11887,-0.3870951161637552,-0.4872122188127535,1.1604465134748625,-0.3919714651273156,-0.2248937851568921,-0.4623592630754369,-1.0701666645708474,0.0,0.0,0.0,0.0,0.0,4.31
STU-11836,-0.17089308146793408,-0.43824851352282534,-0.00770276021972552,0.5804841493553808,0.34658119614507943,1.2259108356094481,0.5533749046013327,1.0,0.0,1.0,0.0,0.0,4.11
STU-12666,1.1263191267069925,-0.17485754713562482,-0.055924592074008746,0.024795226793840854,-0.631962019325508,-0.9786748757800384,0.5096529592914893,1.0,0.0,1.0,0.0,0.0,3.66
STU-11003,-1.0357012202512186,0.012555255870652312,-0.01951218842893831,0.05257967292191729,-0.4697090723729387,0.3817757862670053,-0.9972967557211087,0.0,0.0,0.0,0.0,1.0,4.07
STU-11648,1.1263191267069925,-0.777617643290949,-0.35312853533918703,-0.3919714651273156,0.4686298730563048,0.5702719623337646,0.22400291660051336,0.0,0.0,0.0,0.0,1.0,3.58
STU-11289,-1.2519032549470397,-0.048227274834086155,-0.39938212915860194,0.23317857275441786,-0.2205861847953203,0.02117440596537969,2.404270589384698,0.0,0.0,0.0,1.0,0.0,4.33
STU-11706,1.1263191267069925,2.2277408193322357,1.500951693507151,-0.33640257287116154,1.0544635222301855,-0.6262689813943579,3.3894717570331667,0.0,0.0,0.0,0.0,1.0,5.49
STU-10673,-1.0357012202512186,-0.048227274834086155,-0.19665361156712316,-0.05855811159039094,0.2934541250190171,-1.2819078546700415,-1.1430365734205863,0.0,1.0,0.0,0.0,0.0,3.46
STU-10988,-0.3870951161637552,0.14425073906425243,0.3554371572135538,-0.905983718496741,-0.37207013084395857,-0.5279231504030053,-0.35604155784340724,0.0,0.0,0.0,1.0,0.0,3.6
STU-12508,-0.3870951161637552,0.16282317900181162,1.1535576803528211,-0.15580367303866097,1.0544635222301855,-0.37220891800003086,-0.8923640869774848,1.0,0.0,0.0,0.0,1.0,4.44
STU-11489,0.9101170920111715,-1.0308781878940263,-0.7881091410451752,0.1498252343701873,-0.9930825163040155,1.8405722793054016,-0.4259966703391565,1.0,0.0,0.0,0.0,0.0,3.81
STU-14028,0.47771302261952925,-1.7653337672429505,1.4330474813041802,-0.4892170265755844,-0.7540106962367333,-0.7819832137973332,-0.7320502875080596,0.0,0.0,1.0,0.0,0.0,2.71
STU-13198,-1.2519032549470397,-0.75904520335339,-1.4376276925518534,-0.16969589610269917,-2.0010610009120167,-1.9621331856935633,-1.2829467984120848,0.0,0.0,1.0,0.0,0.0,2.47
STU-11567,0.26151098792370814,0.31309110213297064,0.01099550111152713,-1.1560437336494338,0.6789843573797688,-1.208148481426527,-0.7699426401099236,0.0,0.0,0.0,0.0,1.0,4.65
STU-11355,-0.17089308146793408,-0.19005317981180944,0.9734639001623331,-0.3780792420632762,-0.033923502460504726,1.5373393004153986,0.35516875253004326,1.0,0.0,0.0,0.0,1.0,3.93
STU-12687,0.47771302261952925,0.7368804134354534,-0.0746228534052628,1.4973708715819232,1.0544635222301855,-0.9704793898640918,-0.8865344942695057,1.0,0.0,0.0,1.0,0.0,5.24
STU-13281,0.26151098792370814,-0.07355332929439394,0.5896574833629314,1.05281973353269,-0.3519679958232861,-0.4705547489913835,1.4044954399662817,0.0,0.0,1.0,0.0,0.0,3.38
STU-12639,0.26151098792370814,0.17801881167799624,0.980352733284373,-1.1560437336494338,-0.7561644964175197,1.5455347863313444,0.5329713301234057,0.0,0.0,0.0,1.0,0.0,3.35
STU-14761,0.26151098792370814,0.8651990893676794,-0.07363873438782793,-1.0449059491371255,0.7945716337486349,0.02117440596537969,-0.0033511990106714763,0.0,1.0,0.0,0.0,0.0,3.93
STU-13913,1.3425211614028136,-1.2537474671447344,-0.7054431435806884,-0.5308936957677003,-0.9636472471666025,0.1686931524524083,1.500683719647937,0.0,0.0,0.0,0.0,0.0,3.51
STU-11585,-1.2519032549470397,-0.2829153794996046,-0.03624221172532263,0.6221608185474967,0.3099665930717115,0.48012161725835795,-0.2248757219138776,1.0,0.0,1.0,0.0,0.0,3.47
STU-13144,1.3425211614028136,-0.019524413112404066,-1.0666148229790993,0.024795226793840854,-0.10571684182004895,-0.364013432084085,-0.2569384818077625,1.0,0.0,0.0,1.0,0.0,3.45
STU-11551,-0.6032971508595764,0.3586780001615248,0.6152445778162253,0.2470707958184561,0.1735592482885781,-1.085216192687337,-1.6064891937049248,0.0,0.0,0.0,0.0,1.0,4.43
STU-14039,1.1263191267069925,0.22191730607586294,0.0464237857391641,0.7194063799957667,1.0544635222301855,0.07034732146105564,-0.13743183129419084,0.0,0.0,1.0,0.0,0.0,4.28
STU-14614,0.6939150573153504,-0.8282697522115644,-0.42496922361189443,0.5804841493553808,-1.1309257278743405,-0.011607537698404523,0.20651413847657618,1.0,0.0,1.0,0.0,0.0,4.13
STU-11236,-0.17089308146793408,0.5021923087699353,0.1822322101451056,1.789107555926732,1.0544635222301855,-0.6016825236465203,-1.0555926828008997,0.0,0.0,0.0,0.0,1.0,5.24
STU-13776,0.6939150573153504,-0.5935816475460461,0.10350268875035692,-0.767061487856355,-1.256564071753543,0.4063622440148436,0.3289355853441373,1.0,1.0,0.0,0.0,0.0,3.07
STU-11198,-0.3870951161637552,0.6355761955942227,1.500951693507151,-0.6142470341519322,0.1735592482885781,-2.552208171641679,0.05202993171512986,0.0,0.0,1.0,0.0,0.0,4.19
STU-10063,1.3425211614028136,1.0002713798226541,0.6969264562632772,0.9972508412765361,1.0544635222301855,0.12771572287267818,-0.9710635885352027,1.0,0.0,0.0,1.0,0.0,4.9
STU-12712,1.991127265490277,0.020997274024088342,0.06659822559656975,0.6221608185474967,-1.2063087342018617,0.521099046838088,-0.45222983752506246,1.0,0.0,0.0,1.0,0.0,3.96
STU-13077,-0.3870951161637552,0.42621414538901187,-0.5922694565757363,0.6638374877396126,0.6689332898694326,0.5292945327540346,-0.24819409274579404,0.0,1.0,0.0,0.0,0.0,4.37
STU-13255,1.3425211614028136,-1.0697114713998315,-0.47614341251848225,0.46934636484307257,-1.6004541672857595,0.07854280737700152,-1.0905702390487744,1.0,0.0,0.0,0.0,1.0,3.17
STU-12118,0.9101170920111715,11.060539037607933,-1.4405800496041565,-0.7531692647923168,-2.11234067691931,-0.25747211517678575,0.4251238650257925,1.0,0.0,0.0,0.0,1.0,3.13
STU-10259,0.47771302261952925,0.7064891480830842,1.500951693507151,0.024795226793840854,1.0544635222301855,1.2914747229370167,-1.3354131327838967,0.0,0.0,0.0,0.0,0.0,5.64
STU-10590,-0.3870951161637552,-0.19680679433455833,1.2480331060265206,0.5249152570992267,-0.9349299114227845,0.02117440596537969,0.6000116462651656,1.0,0.0,0.0,0.0,1.0,4.13
STU-12507,0.26151098792370814,0.7132427626058327,0.5237215091948291,-0.32251034980712207,1.0544635222301855,-0.8639380729567933,-0.6154584333484775,0.0,0.0,0.0,0.0,0.0,4.69
STU-10192,-1.2519032549470397,-0.44500212804557393,-1.1177890118856857,-1.308858187353858,0.3013513923485669,-0.10995336868975716,-0.16657979483408653,0.0,0.0,1.0,0.0,0.0,3.02
STU-11947,-0.17089308146793408,0.38906926551389404,1.327746746438703,0.9000052798282673,0.994157117168168,0.08673829329294812,-0.4959517828349058,1.0,0.0,0.0,1.0,0.0,5.89
STU-13376,0.04530895322788702,-1.056204242354334,-0.4633498652918346,1.2612030794932685,-1.0354405865261467,0.25064801161186845,-0.2307053146218566,0.0,1.0,0.0,0.0,0.0,3.62
STU-11767,1.1263191267069925,0.2826998367806014,1.05416165959195,-0.44754035738346976,1.0544635222301855,0.5538809905018722,-0.009180791718650714,0.0,0.0,0.0,0.0,1.0,4.81
STU-10594,-0.17089308146793408,0.5021923087699353,1.2175254164860552,0.49713081097115025,1.0544635222301855,-0.33123148842030076,-1.2654580202881476,0.0,0.0,0.0,0.0,1.0,4.18
STU-10344,1.1263191267069925,-0.4314948990000764,0.35346891917868545,-0.905983718496741,0.4865782078961909,0.37358030035105944,-0.9156824578094013,0.0,0.0,1.0,0.0,0.0,4.16
STU-11008,-0.17089308146793408,-1.2520590635140472,-2.2239387874819085,-1.3227504104178962,-0.43165860251238014,0.5948584200816031,-0.37935992867532364,1.0,0.0,0.0,0.0,1.0,2.96
STU-14509,-0.3870951161637552,-0.7725524323988874,0.6949582182284089,-0.44754035738346976,-0.5601686799659638,0.5129035609221422,1.2325224550808982,1.0,0.0,0.0,0.0,1.0,4.04
STU-14386,1.1263191267069925,0.46673583252550427,1.500951693507151,-0.1280192269105833,0.9647218480307551,-0.0034120517824586514,-0.9448304213492968,0.0,0.0,0.0,1.0,0.0,4.88
STU-11105,1.7749252307944559,-0.6881322508645283,0.2196287328076123,-0.558678141895778,-1.721066977409794,0.22606155386403082,1.2966479748686686,0.0,0.0,0.0,0.0,0.0,3.67
STU-13291,0.6939150573153504,-1.7568917490895148,-2.308573022981264,-2.0590382328119365,-1.3735872149095996,-0.2984495447565166,0.11324065514891044,0.0,1.0,0.0,0.0,0.0,2.43
STU-10486,0.6939150573153504,0.03619290670027296,-0.10709878098059657,-0.07245033465442915,-1.1740017314900677,-1.7408550659630204,0.36974273429999094,0.0,0.0,1.0,0.0,0.0,3.68
STU-11669,1.1263191267069925,-0.37746598281808685,-0.8274739017425488,-1.9756848944277061,0.3243252609436206,0.7259861947367392,-0.36478594690537597,0.0,1.0,0.0,0.0,0.0,2.03
STU-13381,0.26151098792370814,-0.3318790847895327,0.5552133177527293,0.5388074801632649,-0.8214964352347047,-1.0114568194438227,-0.9856375703051504,1.0,0.0,0.0,0.0,1.0,3.73
STU-11117,0.04530895322788702,-0.6273497201597896,0.3239453486556549,0.024795226793840854,0.26186505570081675,-0.8311561292930091,0.09866667337896273,0.0,0.0,1.0,0.0,0.0,4.34
STU-12659,-0.17089308146793408,0.9226048128110437,0.3406753719520378,1.789107555926732,1.0544635222301855,-1.5769453476440993,0.2910432327422732,1.0,0.0,0.0,1.0,0.0,5.27
STU-12343,-0.6032971508595764,0.8246774022311868,0.8307666426343504,-1.058798172201164,0.7888281665998715,-2.019501587105186,-1.2887763911200638,0.0,0.0,0.0,0.0,1.0,4.51
STU-14611,0.04530895322788702,-0.18667637255043515,0.6674028857402466,0.26096301888249557,1.0544635222301855,-0.790178699713279,0.002478393697307503,0.0,0.0,0.0,0.0,1.0,4.61
STU-13193,0.26151098792370814,-0.16135031809012734,-0.6404912884300209,-0.07245033465442915,1.0544635222301855,-1.4458175729889624,0.37848712336195967,0.0,0.0,0.0,0.0,1.0,4.05
STU-14935,-0.3870951161637552,-0.5733208039778,-1.0557895137873214,-0.11412700384654506,0.22525045262744986,0.19327961020024662,-0.33855277971947,1.0,0.0,0.0,0.0,1.0,3.01
STU-13217,-1.2519032549470397,0.19321444435418086,-0.8638863053876206,-0.4753248035115462,0.8118020351949262,1.8897451948010784,-0.3822747250293134,0.0,0.0,0.0,0.0,0.0,3.75
STU-14702,0.04530895322788702,-1.019059362479216,-0.6700148589530515,0.8305441645080737,-0.6549358879205627,0.5456855045859264,-0.21613133285190889,1.0,0.0,0.0,0.0,0.0,3.8
STU-14625,-0.17089308146793408,-1.5964934041742322,-1.3835011465929639,-0.2808336806150074,-0.40078746658777564,-0.08536691094191881,-1.1955029077923984,0.0,0.0,1.0,0.0,0.0,2.47
STU-14869,0.26151098792370814,1.113394423078695,-0.3344302740079344,0.6638374877396126,1.0544635222301855,-0.839351615208955,-0.029584366196577658,0.0,0.0,1.0,0.0,0.0,3.85
STU-11746,0.9101170920111715,-0.1478430890446299,1.029558684156091,0.6777297108036509,-0.046128370151627365,-0.5279231504030053,-1.1138886098806908,0.0,0.0,0.0,0.0,1.0,4.49
STU-14753,0.6939150573153504,-0.048227274834086155,0.06659822559656975,1.747430886734616,0.19150758312846416,0.02117440596537969,-0.5017813755428848,0.0,0.0,0.0,0.0,1.0,5.65
STU-13442,-0.8194991855553975,0.574793664889484,-0.040178687795059294,0.4554541417790343,-1.074208989780301,0.2014750961161925,-0.7466242692780072,0.0,0.0,0.0,0.0,1.0,3.22
STU-12877,-0.3870951161637552,-0.8029436977512567,0.16845454390102446,0.3721008033948038,-1.9457801296051676,0.12771572287267818,1.448217385276125,0.0,0.0,1.0,0.0,0.0,3.74
STU-10415,0.26151098792370814,-0.184987968919748,0.8780043554712001,-1.3366426334819344,-0.20766338371060186,-1.8228099251224805,2.404270589384698,1.0,0.0,0.0,1.0,0.0,3.39
STU-12217,-1.2519032549470397,1.1623581283686233,-0.24881191949114445,1.789107555926732,1.0422586545390626,0.6194448778294407,-0.6475211932423623,0.0,0.0,0.0,0.0,1.0,6.5
STU-13696,-0.6032971508595764,-0.8721682466094313,0.2737552787665019,-0.5170014727036621,-0.6829352902707849,-0.5115321785711135,0.5183973483534583,0.0,0.0,0.0,1.0,0.0,3.65
STU-11480,-0.8194991855553975,-0.9599652354051647,-1.2348991749603746,-0.32251034980712207,-1.6945034418467626,-1.5359679180643693,-0.21613133285190889,1.0,0.0,0.0,1.0,0.0,3.29
STU-11216,0.04530895322788702,0.4819314652016889,1.3149531992120567,0.42766969565095664,0.1735592482885781,0.42275321584673536,-0.6679247677202893,0.0,1.0,0.0,0.0,0.0,5.4
STU-11282,-0.6032971508595764,0.510634326923371,0.0041066679894872695,-0.6837081494721244,1.0544635222301855,-0.0525849672781346,0.9002356707260897,0.0,0.0,1.0,0.0,0.0,4.66
STU-14749,-0.17089308146793408,-0.39603842275564577,0.06905852314015481,0.8444363875721131,-0.4295048023315937,0.6194448778294407,-0.4668038192950104,1.0,0.0,1.0,0.0,0.0,4.17
STU-11123,0.04530895322788702,0.8483150530608075,-0.0864322816144742,1.427909756261731,1.0336434538159172,0.0539563496291639,-0.20447214743595066,1.0,0.0,0.0,0.0,1.0,5.84
STU-14605,-1.2519032549470397,0.3367287529625913,0.5473403656132546,0.16371745743422553,0.10391970910982029,0.06215183554510977,-0.20155735108196116,0.0,0.0,0.0,0.0,0.0,3.84
STU-10906,-0.17089308146793408,-0.2846037831302917,0.1733751389881974,-0.7253848186642391,-1.5817878990522782,0.4063622440148436,-1.6706147134926952,0.0,0.0,0.0,0.0,0.0,3.45
STU-14396,-0.17089308146793408,1.0002713798226541,0.7904177629195419,0.19150190356230198,1.0544635222301855,-0.019803023614350393,-0.3152344088875536,0.0,0.0,0.0,1.0,0.0,5.03
STU-11682,-1.2519032549470397,0.06827257568332934,0.3239453486556549,1.3028797486853843,1.0544635222301855,1.3980160398443158,0.5679488863712806,0.0,0.0,0.0,1.0,0.0,4.71
STU-14774,1.3425211614028136,-0.4990310442275638,0.8258460475471788,-0.7531692647923168,0.5928323501483156,-0.7737877278813873,-0.16657979483408653,0.0,0.0,0.0,0.0,1.0,4.21
STU-11826,-0.6032971508595764,0.05138853937645758,0.9813368523018079,0.594376372419419,0.14771364611914223,1.6766625609864814,0.34933915982206426,1.0,1.0,0.0,0.0,0.0,5.31
STU-13670,-0.3870951161637552,0.2168520951838015,0.06512204707041676,0.9555741720844214,0.3709909315273247,0.8653094553078226,-0.5717364880386341,1.0,0.0,0.0,1.0,0.0,4.18
STU-14905,-0.3870951161637552,-0.22382125242555326,-0.3344302740079344,-0.3919714651273156,-0.8243681688090869,-0.6426599532262504,1.0080831358237028,1.0,1.0,0.0,0.0,0.0,4.14
STU-14981,-1.2519032549470397,-0.5547483640402409,-0.39544565308886387,0.4832385879071108,0.1735592482885781,0.02117440596537969,-0.9856375703051504,0.0,0.0,0.0,0.0,1.0,4.17
STU-12509,0.6939150573153504,0.4228373381276376,-0.7802361889057005,-0.6003548110878927,0.8031868344717806,0.1686931524524083,2.25853077168522,0.0,1.0,0.0,0.0,0.0,3.83
STU-13607,-0.8194991855553975,-0.19005317981180944,-0.7910614980974784,0.4415619187149961,-0.6039626169752856,-0.4623592630754369,-0.2307053146218566,1.0,1.0,0.0,0.0,0.0,4.01
STU-12126,-1.2519032549470397,-1.6387034949414119,-0.8678227814573573,-1.7256248792750133,-0.8954435747750353,0.20967058203213837,-0.7553686583399759,0.0,0.0,0.0,0.0,1.0,1.6
STU-12356,-0.17089308146793408,-1.0713998750305187,-0.11693997115493963,-0.2808336806150074,-0.49770847472316093,0.6604223074091707,-0.07913590421440002,0.0,0.0,0.0,0.0,1.0,3.44
STU-11021,-0.8194991855553975,-0.8130741195353798,0.8799725935060685,0.3721008033948038,-0.5041698752655192,0.9800462581310663,0.7457514639646431,1.0,1.0,0.0,0.0,0.0,4.65
STU-14212,-0.17089308146793408,-0.6830670399724666,0.06659822559656975,-0.7253848186642391,0.0005373004320757624,0.8653094553078226,-0.5017813755428848,0.0,0.0,1.0,0.0,0.0,3.67
STU-10441,-0.17089308146793408,-1.4428486737816986,-1.9690519619664093,-0.32251034980712207,0.1735592482885781,-0.5279231504030053,-0.14326142400217007,0.0,0.0,0.0,1.0,0.0,2.1
STU-10257,1.7749252307944559,0.5444023995371148,1.500951693507151,-0.07245033465442915,0.7321114285058322,0.11952023695673232,0.25898047284838804,0.0,0.0,0.0,0.0,1.0,4.56
STU-14650,-1.0357012202512186,-0.09381417286264,0.83962371379126,-0.558678141895778,1.0185668525504132,-1.2819078546700415,-1.0322743119689832,0.0,0.0,0.0,0.0,1.0,4.1
STU-14991,-1.2519032549470397,-1.000486922541657,-0.5725870762270487,-1.614487094762705,-1.1747196648836624,-0.6098780095624662,-1.172184536960482,0.0,0.0,0.0,0.0,1.0,2.75
STU-12004,0.04530895322788702,0.17126519715524735,-0.18386006434047691,0.4832385879071108,-1.3168704768155604,0.47192613134241207,-0.36478594690537597,0.0,0.0,0.0,0.0,1.0,4.82
STU-12524,-1.0357012202512186,1.4021114439262035,1.500951693507151,1.789107555926732,1.0544635222301855,-0.8803290447886858,-1.341242725491876,0.0,0.0,1.0,0.0,0.0,5.5
STU-10875,-0.8194991855553975,1.4730243964150647,0.8947343787675844,0.42766969565095664,1.0544635222301855,-0.10175788277381129,1.1392489717532326,0.0,0.0,0.0,0.0,1.0,5.23
STU-11373,-0.17089308146793408,-1.9020944613286124,-0.5076352210763811,-0.5031092496396239,-3.635077404735243,-0.8147651574611173,-0.5833956734545923,0.0,0.0,0.0,0.0,1.0,2.85
STU-13230,-0.17089308146793408,-0.048227274834086155,0.17435925800563087,0.385993026458842,0.12761151109846977,0.4145577299307895,0.06077432077709859,0.0,0.0,0.0,0.0,1.0,4.02
STU-12299,9.990602549235659,0.7081775517137716,1.500951693507151,0.4832385879071108,1.0077978516464812,0.7095952229048474,-0.16657979483408653,0.0,0.0,0.0,0.0,0.0,5.66
STU-11716,-1.2519032549470397,1.4139302693410136,1.500951693507151,0.03868744985787907,1.0544635222301855,0.03756537779727143,2.290593531579106,0.0,0.0,1.0,0.0,0.0,5.44
STU-14296,0.6939150573153504,-0.6104656838529179,-2.3302236413648196,-0.016881442398275045,-1.1101056594600731,0.644031335577279,-0.16657979483408653,1.0,0.0,0.0,0.0,0.0,3.05
STU-14002,0.04530895322788702,0.07840299746745251,0.7953383580067134,-0.3780792420632762,1.0544635222301855,-1.5933363194759917,-0.9827227739511609,0.0,0.0,0.0,0.0,1.0,4.3
STU-10021,-1.2519032549470397,-0.048227274834086155,-0.7024907865283853,0.9277897259563437,0.42698973622776926,0.4063622440148436,-0.7087319166761431,1.0,0.0,0.0,1.0,0.0,5.42
STU-11378,-1.0357012202512186,0.2810114331499143,0.308199444376704,1.2334186333651909,0.9209279110214332,-0.4213818334957068,-0.7961758072958296,0.0,1.0,0.0,0.0,0.0,5.6
STU-11463,-0.17089308146793408,-0.18329956528906086,0.40759546513757505,-0.808738157048471,-0.17320258081802034,1.1767379201137715,-0.169494591188076,0.0,0.0,0.0,1.0,0.0,4.28
STU-10500,-0.3870951161637552,-0.6307265274211642,0.41350017924218146,0.12204078824210964,1.0544635222301855,0.2014750961161925,-1.110973813526701,0.0,0.0,0.0,0.0,0.0,4.28
STU-13447,-0.3870951161637552,1.2754811716246648,0.2048669475460963,0.4415619187149961,1.0544635222301855,0.8735049412237684,3.313687051829438,0.0,1.0,0.0,0.0,0.0,4.7
STU-12986,-0.6032971508595764,-0.12589384184569669,-0.48598460269282534,-0.9893370568809715,0.16279024738464606,0.18508412428430074,0.32602078899014786,0.0,0.0,1.0,0.0,0.0,3.52
STU-10881,-1.0357012202512186,-0.07355332929439394,-0.5184605302681591,-0.04466588852635272,0.0026911006128621704,-0.09356239685786541,-1.2916911874740535,0.0,0.0,1.0,0.0,0.0,4.16
STU-13360,1.7749252307944559,-1.3111531905880986,-0.8432198060214983,-0.16969589610269917,-1.8194238523323698,0.6604223074091707,-0.39101911409128187,1.0,0.0,0.0,0.0,1.0,3.82
STU-13011,1.5587231960986347,1.4409447274320086,0.23242228003425855,0.28874746501057197,1.0544635222301855,0.5784674482497105,-1.437431005173531,0.0,0.0,1.0,0.0,0.0,4.92
STU-11837,0.6939150573153504,1.1167712303400694,0.11629623597700457,-0.35029479593519974,1.0544635222301855,-0.8967200166205775,-0.16657979483408653,0.0,0.0,0.0,0.0,1.0,5.47
STU-13564,0.9101170920111715,-0.38421959734083544,1.1486370852656496,1.038927510468652,-1.7024007091763125,-0.7000283546378723,-1.0963998317567536,0.0,0.0,0.0,0.0,1.0,4.01
STU-10394,-0.3870951161637552,0.36712001831496055,0.899654973854756,-0.5725703649598162,0.9266713781701966,0.5456855045859264,1.9757955253482342,1.0,0.0,0.0,0.0,1.0,3.92
STU-14584,1.1263191267069925,0.0851566119902011,-1.056773632804755,-0.1419114499746215,0.02853670278229805,-0.6262689813943579,-0.6271176187644357,0.0,0.0,0.0,0.0,1.0,3.05
STU-13589,-0.6032971508595764,0.48699667609375064,-0.28916079920595295,-0.44754035738346976,1.0544635222301855,1.570121244079182,-0.428911466693146,0.0,0.0,0.0,1.0,0.0,4.23
STU-12370,0.6939150573153504,0.4549170071106942,0.06659822559656975,-0.5170014727036621,1.0544635222301855,2.3896698356737867,1.2470964368508461,0.0,0.0,0.0,0.0,1.0,5.02
STU-13141,0.9101170920111715,-0.899182704700426,-0.9770599923925728,0.8861130567642278,-0.9995439168463747,0.6522268214932249,-0.0995394786923267,0.0,0.0,0.0,0.0,1.0,4.03
STU-11149,-1.2519032549470397,-0.07017652203301965,0.14483568748260028,0.9833586182124978,0.7120092934851597,0.9636552862991745,0.7340922785486852,0.0,1.0,0.0,0.0,0.0,5.11
STU-10369,0.04530895322788702,-0.8856754756549287,0.13401037829082235,-0.15580367303866097,-1.4604571555346486,-0.5852915518146279,0.18611056399864923,0.0,0.0,0.0,0.0,1.0,3.94
STU-12316,0.26151098792370814,0.3738736328377094,-0.3344302740079344,-0.21137256529481507,-0.8954435747750353,-0.44596829124354515,0.11615545150289992,0.0,0.0,0.0,0.0,1.0,4.02
STU-13192,-0.17089308146793408,-1.18452291828656,-1.6462609242479385,-1.8923315560434757,-0.2844822568253147,-1.6343137490557218,-1.268372816642137,0.0,0.0,0.0,0.0,1.0,2.71
STU-14256,-0.17089308146793408,-0.38759640460220973,-0.8353468538820235,0.12204078824210964,0.02494703581432104,0.06215183554510977,3.3894717570331667,1.0,0.0,0.0,0.0,0.0,4.98
STU-10315,-0.3870951161637552,-0.21537923427211722,0.6329587201300445,0.3721008033948038,1.0544635222301855,-0.9295019602843617,0.32310599263615836,0.0,0.0,0.0,1.0,0.0,3.74
STU-10105,0.47771302261952925,0.4971270978778738,0.9252420683080499,1.1778497411090367,0.35878606383620204,0.43914418767862784,-0.3064900198255849,0.0,0.0,0.0,0.0,0.0,5.14
STU-10794,1.1263191267069925,1.083003157726326,1.500951693507151,1.05281973353269,0.928825178350983,1.1767379201137715,0.2939580290962627,0.0,0.0,0.0,0.0,1.0,5.7
STU-11432,0.9101170920111715,-0.5699439967164255,-0.83436273486459,0.31653191113864965,-2.6472010551479146,1.0701966032064738,-1.2217360749783042,0.0,0.0,1.0,0.0,0.0,3.49
STU-13244,-1.0357012202512186,-0.38759640460220973,-0.5096034591112509,-0.7531692647923168,-1.3348188116554462,-0.0607804531940812,-0.5046961718968745,1.0,0.0,0.0,1.0,0.0,2.51
STU-13857,0.6939150573153504,0.5866124903042943,0.8740678794014621,-0.2808336806150074,0.21878905208509064,0.3817757862670053,-0.2307053146218566,1.0,0.0,0.0,0.0,1.0,4.67
STU-14982,-1.0357012202512186,-0.3690239646646508,-0.21141539682863916,0.13593301130614785,0.5791916156700023,-0.4131863475797609,-0.16075020212610727,0.0,0.0,0.0,0.0,1.0,4.54
STU-11575,1.1263191267069925,0.03112769580821122,-0.5233811253553307,-0.5864625880238544,-0.7439596287263971,-0.577096065898682,-0.9827227739511609,1.0,0.0,0.0,1.0,0.0,4.24
STU-14858,0.47771302261952925,1.5321185234891164,0.2196287328076123,-1.072690395265202,1.0544635222301855,-0.9622839039481459,-0.9681487921812132,0.0,0.0,0.0,1.0,0.0,4.45
STU-12856,0.04530895322788702,-0.3166834521133481,0.21470813772044076,-0.864307049304625,0.7414445626225726,-0.6836373828059805,-0.8078349927117878,0.0,0.0,0.0,0.0,1.0,3.46
STU-12652,-0.17089308146793408,-0.9076247228538621,0.23143816101682368,-0.1280192269105833,-0.5508355458492233,0.49651258909025037,-0.5804808771006028,0.0,0.0,0.0,0.0,1.0,3.5
STU-11710,0.26151098792370814,-0.10563299827745033,-2.263303548179283,-0.6837081494721244,0.19294344991565476,0.48012161725835795,-0.7524538619859863,0.0,1.0,0.0,0.0,0.0,3.46
STU-12375,-1.2519032549470397,-1.3179068051108473,-0.24881191949114445,-1.9479004482996296,-0.9959542498783976,0.6194448778294407,-0.5833956734545923,0.0,0.0,0.0,0.0,1.0,2.5
STU-11566,0.9101170920111715,0.6457066173783457,1.500951693507151,0.8166519414440355,1.0544635222301855,0.36538481443511356,-0.21321653649791938,0.0,0.0,0.0,1.0,0.0,4.84
STU-10397,-1.2519032549470397,-1.6927324111234017,-0.5627458860527057,-0.44754035738346976,-2.9415537465220454,0.9882417440470136,0.11615545150289992,1.0,0.0,0.0,0.0,0.0,2.7
STU-12268,-0.17089308146793408,0.898967161981423,-0.8569974722655793,-0.35029479593519974,0.5633970810109027,-0.7655922419654406,-0.6416916005343835,1.0,0.0,0.0,0.0,1.0,4.54
STU-13022,0.26151098792370814,-1.6083122295890426,-0.699538429476082,-1.1699359567134722,-1.5516346965212695,0.9062868848875519,-0.35895635419739697,0.0,0.0,0.0,0.0,1.0,3.23
STU-14445,1.1263191267069925,-0.6020236656994821,0.5414356515086483,0.7749752722519196,-0.8466241040105458,-0.12634434052164964,-0.03541395890455664,1.0,0.0,0.0,0.0,1.0,4.44
STU-12068,-0.17089308146793408,0.2810114331499143,0.4203890123642213,0.5526997032273043,0.4743733402050682,0.5292945327540346,1.4336434035061771,0.0,0.0,0.0,0.0,1.0,4.43
STU-14061,0.26151098792370814,1.4139302693410136,1.500951693507151,1.1778497411090367,1.0544635222301855,-0.8311561292930091,-0.16657979483408653,0.0,0.0,0.0,0.0,1.0,5.82
STU-13541,-1.2519032549470397,-0.461886164352446,0.06659822559656975,0.27485524194653377,-0.18397158172195238,0.18508412428430074,0.25606567649439854,0.0,0.0,0.0,1.0,0.0,3.14
STU-11898,0.6939150573153504,0.6558370391624685,-1.2191532706814252,-0.5170014727036621,1.0544635222301855,-2.3063435941632973,1.4453025889221356,0.0,0.0,0.0,0.0,0.0,4.6
STU-11265,-0.17089308146793408,0.6997355335603356,1.500951693507151,0.024795226793840854,1.0544635222301855,1.0374146595426887,-0.16657979483408653,0.0,0.0,0.0,0.0,1.0,5.68
STU-13487,1.7749252307944559,-0.12589384184569669,0.06659822559656975,-0.864307049304625,-2.0391114707725753,-0.15912628418543384,0.9818499686377969,0.0,0.0,1.0,0.0,0.0,2.87
STU-12399,0.04530895322788702,0.6068733338725404,-0.2645578237700939,1.789107555926732,0.04576710422858932,0.7505726524845775,-1.1197182025886698,1.0,0.0,0.0,1.0,0.0,5.39
STU-12532,-0.17089308146793408,0.3772504400990837,0.6014669115721443,1.1222808488528826,0.9776446491154736,0.8079410538962001,-0.16657979483408653,0.0,0.0,0.0,0.0,1.0,5.31
STU-10133,-0.6032971508595764,-0.06004610024889648,-0.18779654041021357,-0.5308936957677003,1.0544635222301855,-0.5279231504030053,-0.7203911020921013,1.0,0.0,1.0,0.0,0.0,3.7
STU-14721,0.04530895322788702,0.40088809092870437,1.500951693507151,1.789107555926732,1.041540721145467,-0.17551725601732557,-0.5600773026226759,1.0,0.0,0.0,0.0,0.0,5.96
STU-13498,0.6939150573153504,0.9580612890554746,1.500951693507151,0.08036411904999374,1.0544635222301855,-0.23288565742894812,0.1598773968127433,0.0,0.0,0.0,0.0,0.0,5.54
STU-14954,-0.6032971508595764,0.3367287529625913,-0.533222315529675,-0.30861812674308386,1.0544635222301855,-0.8475471011249015,0.7515810566726221,0.0,0.0,0.0,0.0,0.0,4.8
STU-13049,0.26151098792370814,0.1543811608483756,-0.278335490014175,0.27485524194653377,0.5777557488828118,-0.8885245307046317,0.05202993171512986,0.0,1.0,0.0,0.0,0.0,4.73
STU-12023,-0.17089308146793408,-0.38084279007946115,0.06659822559656975,0.024795226793840854,1.0544635222301855,-2.3309300519111353,-1.548193266625134,1.0,0.0,0.0,0.0,1.0,3.32
STU-12331,-0.6032971508595764,-0.4095456518011433,0.06659822559656975,0.03868744985787907,1.0544635222301855,-0.43777280532759927,-1.2450544458102206,0.0,0.0,0.0,1.0,0.0,4.41
STU-14887,0.26151098792370814,1.1336552666469415,1.500951693507151,1.4695864254538455,1.0544635222301855,0.5047080750061963,0.3289355853441373,0.0,0.0,1.0,0.0,0.0,5.89
STU-10359,-0.3870951161637552,-0.2981110121757892,-0.915060494294207,-0.6281392572159703,-1.5753264985099196,0.6030539059975489,-1.3937090598636879,0.0,1.0,0.0,0.0,0.0,3.32
STU-14208,-0.6032971508595764,-0.6628061964042206,-1.4012152889067815,1.344556417877499,-1.4087659511957769,-1.552358889896261,-0.1403466276481806,0.0,0.0,0.0,0.0,0.0,3.64
STU-14115,0.9101170920111715,0.5224531523381812,0.7431800500826922,0.13593301130614785,1.0243103196991767,1.2586927792732316,0.5941820535571866,0.0,0.0,0.0,0.0,1.0,4.67
STU-12722,-0.17089308146793408,1.788755875353568,0.5876892453280631,1.789107555926732,1.0544635222301855,0.521099046838088,0.32602078899014786,0.0,1.0,0.0,0.0,0.0,5.2
STU-10326,-1.0357012202512186,-0.048227274834086155,-0.8658545434224889,1.6779697714144237,0.7773412323023448,-0.9376974462003076,-1.2304804640402727,1.0,0.0,0.0,1.0,0.0,4.09
STU-14227,0.9101170920111715,0.09697543740501142,1.0767963969929408,1.789107555926732,0.8929285086712109,0.43914418767862784,1.0867826373814207,0.0,0.0,0.0,0.0,1.0,5.4
STU-10665,-1.2519032549470397,0.5899892975656686,1.500951693507151,-0.7809537109203932,1.0544635222301855,-0.6344644673103038,-0.8952788833314744,0.0,0.0,0.0,0.0,1.0,5.03
STU-12478,-1.2519032549470397,0.7571412570036997,-0.423985104594461,0.3304241342026879,1.0544635222301855,-0.2820585729246241,-0.6329472114724147,0.0,1.0,0.0,0.0,0.0,3.91
STU-11424,0.26151098792370814,0.5308951704916173,1.500951693507151,-0.2947259036790456,0.15920058041666907,0.08673829329294812,-1.644381546306789,1.0,0.0,0.0,1.0,0.0,4.72
STU-14418,0.26151098792370814,-0.15459670356737876,1.500951693507151,-1.9479004482996296,0.8462628380875068,0.42275321584673536,-1.0468482937389312,0.0,1.0,0.0,0.0,0.0,3.77
STU-12983,-1.2519032549470397,-1.9020944613286124,0.22258108985991548,0.788867495315959,-3.506567327281659,0.6686177933251173,1.474450552462031,0.0,0.0,0.0,0.0,1.0,2.32
STU-11279,0.04530895322788702,-0.1005677873853889,-1.322485767512033,0.9694663951484597,0.06012577210049836,-0.12634434052164964,0.9264688379119956,0.0,0.0,0.0,0.0,1.0,4.62
STU-14696,0.6939150573153504,-0.3673355610339637,-0.5056669830415128,0.20539412662634143,-0.1466390452549897,1.7750083919778332,-0.9972967557211087,0.0,0.0,0.0,0.0,1.0,4.7
STU-10999,0.04530895322788702,0.004113237717216281,1.0738440399406377,0.27485524194653377,0.2905823914446349,0.7833545961483617,0.786558612920497,1.0,0.0,0.0,0.0,0.0,4.85
STU-11075,1.3425211614028136,1.0543002960046441,1.500951693507151,1.789107555926732,0.6172420855305608,1.9880910257924302,-0.017925180780619443,0.0,0.0,0.0,0.0,1.0,6.15
STU-12961,-0.17089308146793408,-0.9802260789734109,-0.954425254991582,-1.308858187353858,-0.9191353767636848,-1.831005411038427,0.011222782759276231,0.0,0.0,0.0,1.0,0.0,2.66
STU-12924,1.1263191267069925,-1.1271171948431957,-0.6208089080813334,0.16371745743422553,0.004126967400053789,-0.5689005799827361,-0.3268935943035118,1.0,0.0,1.0,0.0,0.0,3.78
STU-12622,-0.3870951161637552,0.9665033072089101,0.03953495261712424,-0.1419114499746215,1.0544635222301855,-0.241081143344894,0.23857689837046134,0.0,1.0,0.0,0.0,0.0,4.08
STU-10703,-1.2519032549470397,-1.0021753261723443,-1.0174088721073813,-0.2947259036790456,1.0544635222301855,-0.5852915518146279,1.0139127285316818,1.0,0.0,1.0,0.0,0.0,4.13
STU-14312,-1.0357012202512186,-0.4585093570910714,-1.4592783109354093,-0.5308936957677003,-2.024034869507071,0.39816675809889773,-0.16657979483408653,0.0,0.0,1.0,0.0,0.0,3.58
STU-14430,-0.17089308146793408,0.4245257417583247,0.6929899801935405,0.39988524952288024,1.0544635222301855,0.3571893285191677,-0.624202822410446,1.0,0.0,1.0,0.0,0.0,5.39
STU-14934,-0.3870951161637552,-0.07524173292508109,0.6221334109382652,0.9138975028923055,-0.6929863577811212,-1.0196523053597686,-0.009180791718650714,1.0,0.0,0.0,0.0,0.0,4.09
STU-10377,-0.17089308146793408,-0.517603484165123,-0.15433649381744494,-0.6281392572159703,-0.23494485266722834,0.36538481443511356,-1.3091799655979908,0.0,0.0,1.0,0.0,0.0,3.25
STU-12635,-0.8194991855553975,0.9158511982882951,0.06709028510528649,0.5388074801632649,1.0544635222301855,1.3160611806848543,0.9731055795758284,0.0,0.0,0.0,0.0,1.0,5.57
STU-13598,0.26151098792370814,-0.8012552941205696,-0.06478166323091834,-1.211612625905588,0.03356223653746668,0.045760863713217304,0.09575187702497324,1.0,0.0,0.0,0.0,0.0,4.33
STU-14506,0.6939150573153504,-0.3487631210964048,-0.4052868432632083,0.17760968049826376,-0.4445814035970976,-1.380253685661394,0.49799377387553134,0.0,0.0,0.0,0.0,1.0,4.61
STU-13710,0.47771302261952925,0.1763304080473091,1.0561298976268199,-0.8920914954327015,1.0544635222301855,1.266888265189179,-0.7437094729240178,0.0,1.0,0.0,0.0,0.0,4.61
STU-14125,-0.8194991855553975,-0.27785016860754314,0.06659822559656975,-0.5308936957677003,-0.515656809563047,0.7915500820643075,1.1888005097710548,1.0,1.0,0.0,0.0,0.0,4.55
STU-13869,0.47771302261952925,-0.5851396293926101,-1.8617829890660635,-0.5447859188317385,-1.6148128351576687,0.07854280737700152,-0.6737543604282685,0.0,1.0,0.0,0.0,0.0,2.07
STU-13568,-0.17089308146793408,1.3666549676817723,1.0866375871672853,-0.6976003725361627,1.0544635222301855,-1.0770207067713904,-0.9535748104112654,0.0,0.0,0.0,0.0,0.0,5.15
STU-12244,-0.3870951161637552,0.4582938143720685,0.8445443088784315,0.3026396880746102,0.6840098911349375,-0.6754418968900346,0.8040473910444345,1.0,1.0,0.0,0.0,0.0,4.2
STU-14194,-1.2519032549470397,2.0420164199566453,0.5926098404152347,0.010903003729801398,1.0544635222301855,-0.14273531235354137,0.08409269160901502,0.0,0.0,0.0,0.0,0.0,4.22
STU-10007,0.04530895322788702,0.4177721272355761,-0.3659220825658333,0.385993026458842,0.1735592482885781,-2.101456446264646,-0.6300324151184252,1.0,0.0,0.0,0.0,1.0,4.28
STU-14124,0.26151098792370814,0.3114026985022835,1.352349721874562,0.024795226793840854,1.0544635222301855,0.7669636243164699,-1.061422275508879,0.0,0.0,0.0,0.0,1.0,4.88
STU-10525,-1.2519032549470397,0.0851566119902011,-0.5656982431050088,-0.9754448338169333,-0.35771146297204953,-0.07717142502597295,-1.0089559411370668,0.0,0.0,0.0,0.0,1.0,3.59
STU-14567,0.04530895322788702,0.5393371886450533,-1.0115041580027748,0.024795226793840854,0.2948899918062077,0.02117440596537969,0.6932851295928313,0.0,0.0,0.0,1.0,0.0,4.33
STU-11720,-0.8194991855553975,-0.5969584548074204,-0.3462397022171458,0.12204078824210964,-0.6470386205910128,-0.27386308700867823,-0.4726334120029894,0.0,0.0,1.0,0.0,0.0,3.6
STU-11208,-0.17089308146793408,-1.000486922541657,-1.495690714580481,-1.2393970720336644,-0.6183212848471947,-1.4785995166527468,0.002478393697307503,0.0,0.0,0.0,1.0,0.0,3.19
STU-14321,0.6939150573153504,0.907409180134859,1.4635551708446457,-0.19748034223077562,1.0544635222301855,-0.5279231504030053,0.9322984306199746,1.0,0.0,1.0,0.0,0.0,4.94
STU-10453,-1.2519032549470397,-0.4703281825058817,0.11235975990726652,0.3304241342026879,0.7500597633457182,-0.3558179461681384,1.3549439019484595,0.0,0.0,0.0,0.0,1.0,4.3
STU-10767,-1.2519032549470397,1.045858277851208,0.33969125293460434,-0.6837081494721244,0.9862598498386181,-1.6507047208876136,-0.00043640265668198663,1.0,0.0,0.0,0.0,1.0,5.25
STU-12125,-0.8194991855553975,0.40764170545145295,-0.09233699571908058,1.0111430643405754,1.0544635222301855,-0.7573967560494947,-0.00043640265668198663,1.0,0.0,0.0,0.0,1.0,4.7
STU-12611,0.6939150573153504,-1.149066442042129,0.02378904833817339,-0.8920914954327015,-0.8358551031066138,0.3899712721829519,-0.26568287086973125,0.0,0.0,0.0,0.0,0.0,3.18
STU-12248,0.6939150573153504,-1.711304851060961,-0.8766798526142668,-1.3922115257380885,-1.8610639891609053,0.8407229975599835,-1.061422275508879,0.0,0.0,0.0,0.0,0.0,3.31
STU-11663,-1.2519032549470397,0.25062016779754503,0.11235975990726652,-0.558678141895778,0.25612158855205336,0.3407983566872752,-0.04415834796652537,1.0,0.0,1.0,0.0,0.0,4.72
STU-10537,-1.0357012202512186,0.46335902526413,-0.6345865743254144,-0.6837081494721244,0.9302610451381736,0.22606155386403082,-0.16657979483408653,0.0,0.0,0.0,0.0,1.0,4.69
STU-14545,0.6939150573153504,0.5866124903042943,-0.3747791537227429,0.3721008033948038,0.3350942618475526,-1.0114568194438227,0.5592044973093117,1.0,0.0,0.0,0.0,1.0,4.16
STU-12796,0.26151098792370814,1.3345752986987163,0.924257949290615,1.0111430643405754,1.0544635222301855,0.39816675809889773,2.547095610730186,0.0,0.0,0.0,0.0,1.0,5.31
STU-13821,1.1263191267069925,-0.048227274834086155,1.207684226311711,-0.461432580447508,0.1735592482885781,0.10312926512483986,0.2444064910784403,0.0,0.0,0.0,0.0,1.0,5.0
STU-14049,0.6939150573153504,0.416083723604889,1.1309229429518304,1.3306641948134608,0.5849350828187657,-0.0525849672781346,1.305392363930637,0.0,0.0,0.0,0.0,1.0,4.83
STU-12349,-0.8194991855553975,0.6592138464238434,0.5561974367701642,1.6085086560942314,0.790981966780658,-0.4623592630754369,-0.7087319166761431,0.0,1.0,0.0,0.0,0.0,5.07
STU-12096,-0.3870951161637552,-0.20187200522661977,0.38791308478888753,-0.8226303801125091,0.2733519899983446,-0.4623592630754369,0.25023608378641954,0.0,0.0,0.0,1.0,0.0,3.44
STU-11894,-0.8194991855553975,1.7279733446488295,1.500951693507151,1.789107555926732,1.0544635222301855,0.8980913989716061,-0.6008844515785298,0.0,0.0,0.0,1.0,0.0,6.37
STU-12978,-0.17089308146793408,0.061518961160580754,0.2796599928711083,0.41377747258691844,-0.316071326143514,0.32440738485538345,0.5358861264773958,1.0,0.0,0.0,1.0,0.0,4.8
STU-11187,-0.6032971508595764,1.6249807231769116,1.500951693507151,1.6918619944784619,1.0544635222301855,-1.0114568194438227,-0.6096288406404983,0.0,0.0,0.0,1.0,0.0,5.54
STU-13804,0.04530895322788702,-0.014459202220342629,0.024773167355608253,-0.7253848186642391,-0.2184323846145339,0.02117440596537969,-0.44057065210910423,0.0,0.0,0.0,1.0,0.0,4.02
STU-12179,0.6939150573153504,0.3401055602239656,-0.3472238212345806,-0.5031092496396239,0.5160134770336038,1.660271589154588,1.4511321816301146,0.0,0.0,1.0,0.0,0.0,4.71
STU-10004,-0.3870951161637552,0.4464749889572582,-0.04411516386479736,0.6221608185474967,-1.3857920826007222,-1.167171051846797,0.6961999259468208,1.0,0.0,0.0,0.0,0.0,3.9
STU-10026,0.9101170920111715,-0.6813786363417795,0.959686233918252,0.26096301888249557,0.42842560301495985,-1.9539376997776174,0.11324065514891044,0.0,0.0,0.0,0.0,1.0,3.79
STU-12368,0.9101170920111715,-1.3398560523097807,1.0836852301149822,-0.6837081494721244,-1.2170777351057938,1.0701966032064738,-0.8457273453136519,0.0,1.0,0.0,0.0,0.0,3.61
STU-12092,0.9101170920111715,0.5511560140598634,1.500951693507151,1.3723408640055768,1.0544635222301855,-1.3556672279135564,-0.37644513232133414,1.0,0.0,0.0,0.0,1.0,4.69
STU-11944,-0.17089308146793408,-0.20187200522661977,-0.07265461537039307,0.8444363875721131,-1.172565864702876,0.02117440596537969,-0.26276807451574175,0.0,0.0,0.0,0.0,1.0,4.03
STU-10306,-1.2519032549470397,0.012555255870652312,1.500951693507151,0.9833586182124978,0.1735592482885781,1.4389934694240452,0.022881968175234448,0.0,0.0,1.0,0.0,0.0,5.55
STU-11676,-0.17089308146793408,0.14593914269493988,-1.7554981351831527,-1.211612625905588,-0.6613972884629219,-0.7082238405538188,0.8244509655223609,1.0,0.0,0.0,0.0,1.0,3.16
STU-11420,-1.2519032549470397,0.7183079734978944,1.0315269221909609,1.789107555926732,-0.40006953319418087,-0.33123148842030076,1.0867826373814207,1.0,0.0,0.0,0.0,0.0,5.32
STU-12864,-0.17089308146793408,-0.9700956571892878,-0.20157420665429468,-0.016881442398275045,-0.4144282010660889,0.11952023695673232,-1.3791350780937401,0.0,0.0,0.0,1.0,0.0,3.32
STU-14231,-0.17089308146793408,-0.667871407296282,0.07988383233193273,-0.07245033465442915,0.04792090440937572,0.6932042510729549,0.6874555368848523,0.0,0.0,0.0,1.0,0.0,3.93
STU-11058,-0.3870951161637552,-1.768710574504325,0.08677266545397261,-1.461672641058281,-1.4439446874819533,1.0128282017948511,-1.067251868216858,0.0,0.0,0.0,0.0,0.0,3.38
STU-10157,-0.6032971508595764,-0.1883647761811223,0.024773167355608253,-0.711492595600201,0.7428804294097632,-0.8967200166205775,1.859203671188652,0.0,0.0,0.0,1.0,0.0,3.8
STU-12948,-0.3870951161637552,-0.048227274834086155,1.500951693507151,0.3582085803307643,1.0544635222301855,0.4145577299307895,1.1946301024790345,0.0,0.0,0.0,0.0,1.0,4.94
STU-12944,0.47771302261952925,1.3700317749431468,1.1663512275794674,1.4695864254538455,1.0544635222301855,0.045760863713217304,0.6000116462651656,1.0,0.0,1.0,0.0,0.0,6.23
STU-13488,0.6939150573153504,1.0661191214194539,0.6034351496070126,-0.558678141895778,1.0544635222301855,0.2916254411915993,-0.44931504117107296,0.0,0.0,0.0,1.0,0.0,5.04
STU-11375,-1.2519032549470397,-0.3251254702667841,0.9173691161685738,0.3304241342026879,0.16853371453340948,-0.8803290447886858,-0.9506600140572758,0.0,0.0,1.0,0.0,0.0,4.65
STU-10606,0.47771302261952925,-0.25927772866998394,0.7756559776580259,1.5251553177099995,-0.21340685085936528,-1.5769453476440993,1.5910424066216131,1.0,0.0,0.0,1.0,0.0,4.71
STU-11795,1.5587231960986347,-0.9667188499279133,-1.4287706213949438,0.594376372419419,-1.0131846513246878,0.5374900186699805,-0.1549206094181283,0.0,0.0,0.0,0.0,1.0,3.26
STU-14864,1.3425211614028136,-0.8586610175639338,0.7904177629195419,1.441801979325769,-0.43381240269316657,-0.3148405165884083,-1.0643370718628684,0.0,0.0,0.0,0.0,0.0,3.39
STU-12581,-0.17089308146793408,-0.5243570986878716,-1.060710108874493,-1.4061037488021269,0.4377587371317003,1.6110986736589128,-0.21321653649791938,0.0,0.0,0.0,1.0,0.0,3.63
STU-13493,-1.2519032549470397,-0.2710965540847943,0.6664187667228118,0.594376372419419,-0.7346264946096567,-1.126193622267067,-0.8136645854197669,0.0,0.0,0.0,0.0,1.0,4.07
STU-11660,0.04530895322788702,-1.2436170453606112,0.7402276930303889,-1.058798172201164,-0.501298141691138,2.012677483540269,1.442387792568146,0.0,0.0,0.0,1.0,0.0,3.24
STU-13615,-1.2519032549470397,1.0357278560670846,0.2550570174352493,0.5110230340351885,1.0544635222301855,-0.7410057842176031,-0.2831716489936684,0.0,0.0,0.0,0.0,1.0,4.48
STU-10224,0.6939150573153504,1.8681108459958653,0.06659822559656975,0.594376372419419,1.0544635222301855,-1.0688252208554445,-0.6067140442865088,0.0,0.0,0.0,0.0,1.0,5.25
STU-10972,1.1263191267069925,-0.043162063942024716,0.30131061125466413,0.8583286106361514,-0.07771743946982666,2.1438052581954046,-0.7553686583399759,1.0,0.0,0.0,0.0,0.0,4.73
STU-13889,-1.2519032549470397,0.48699667609375064,0.44007139271290885,0.3582085803307643,1.0314896536351317,-1.831005411038427,0.9847647649917864,0.0,0.0,0.0,0.0,0.0,4.93
STU-14108,1.5587231960986347,-0.6087772802222307,-0.21436775388094234,0.8027597183799973,-0.47329873934091565,0.2014750961161925,-1.5336192848551862,0.0,1.0,0.0,0.0,0.0,3.35
STU-11760,-1.2519032549470397,-1.0984143331215137,0.8622584511922506,0.024795226793840854,-0.6125778176984313,0.5129035609221422,1.5793832212056547,1.0,0.0,0.0,0.0,0.0,4.26
STU-10288,-0.6032971508595764,-1.277385117974355,1.352349721874562,1.747430886734616,-0.42878686893799794,-0.9704793898640918,-0.3968487067992611,1.0,0.0,1.0,0.0,0.0,4.75
STU-10427,-0.6032971508595764,-0.5142266769037485,-1.817497633281517,-0.21137256529481507,-1.50281522575678,0.9554598003832286,0.2968728254502522,1.0,0.0,0.0,0.0,0.0,3.39
STU-11674,0.6939150573153504,0.6980471299296481,1.267715486375207,0.06647189598595551,0.5411411458094438,-0.9622839039481459,-1.5307044885011967,0.0,1.0,0.0,0.0,0.0,4.54
STU-14350,0.04530895322788702,-1.454667499196509,-0.9514728979392789,-0.5031092496396239,-0.6025267501880951,0.1686931524524083,-1.0002115520750983,0.0,0.0,0.0,0.0,1.0,3.0
STU-14740,1.1263191267069925,-0.11238661280019921,0.744164169100127,-0.2391570114228915,0.2597112555200314,-0.7655922419654406,-0.16657979483408653,0.0,0.0,0.0,0.0,1.0,4.46
STU-12811,0.04530895322788702,0.436344567173135,1.500951693507151,0.08036411904999374,0.4018620674519282,-1.0934116786032828,-0.787431418233861,0.0,0.0,1.0,0.0,0.0,4.02
STU-13698,-0.8194991855553975,0.2894534513033503,0.5926098404152347,1.789107555926732,1.0544635222301855,1.1849334060297174,-1.020615126553025,0.0,0.0,0.0,0.0,1.0,5.29
STU-14606,-0.8194991855553975,-1.213225780008242,-1.3933423367673068,-0.016881442398275045,0.4693478064498996,0.4555351595105196,2.7598757445714233,0.0,0.0,0.0,0.0,1.0,3.29
STU-13650,-0.6032971508595764,-0.17992275802768656,0.06659822559656975,0.49713081097115025,-0.384992931928676,0.8325275116440376,-1.020615126553025,0.0,0.0,0.0,0.0,0.0,3.56
STU-14912,-0.17089308146793408,-1.0781534895532674,-1.2073438424722125,1.0111430643405754,-0.4819139400640613,-1.9867196434414016,0.7748994275045386,1.0,0.0,0.0,0.0,1.0,3.79
STU-14630,0.04530895322788702,-0.6172192983756667,-0.2566848716306192,-2.3229904710286693,-0.9995439168463747,-0.04438948136218873,3.3894717570331667,0.0,0.0,0.0,0.0,1.0,3.01
STU-13775,-0.8194991855553975,-0.9228203555300467,1.1565100374051245,0.010903003729801398,0.09243277481229245,1.1275650046180963,0.20359934212258668,0.0,1.0,0.0,0.0,0.0,4.22
STU-12067,0.9101170920111715,1.6705676212054654,-1.0666148229790993,0.9833586182124978,1.0544635222301855,-0.3148405165884083,-0.4055930958612296,0.0,0.0,1.0,0.0,0.0,4.2
STU-13700,-1.2519032549470397,-0.5496831531481794,-0.3334461549904995,0.3443163572667261,-0.027462101918145503,-0.5115321785711135,1.2354372514348877,0.0,1.0,0.0,0.0,0.0,3.65
STU-13431,-0.3870951161637552,1.0171554161295255,0.4243254884339594,0.3443163572667261,1.0544635222301855,0.6768132792410632,-0.6795839531362475,0.0,0.0,0.0,1.0,0.0,3.95
STU-13798,-1.0357012202512186,-0.048227274834086155,-1.5793408310624013,0.16371745743422553,-1.2278467360097258,-0.6344644673103038,0.008307986405286742,0.0,0.0,0.0,1.0,0.0,3.18
STU-10174,0.04530895322788702,1.1235248448628186,-0.20452656370659789,0.024795226793840854,0.9762087823282819,0.816136539812146,0.9439576160359325,0.0,0.0,0.0,0.0,0.0,4.66
STU-11476,-0.6032971508595764,1.7870674717228812,1.1496212042830845,1.789107555926732,1.0544635222301855,-0.2082991996811098,0.03454115359119266,1.0,0.0,1.0,0.0,0.0,6.03
STU-12323,-0.17089308146793408,-0.35720513924984054,-0.7133160957201631,-2.211852686516361,1.0544635222301855,0.9226778567194451,-0.23362011097584606,0.0,0.0,1.0,0.0,0.0,3.37
STU-12772,1.3425211614028136,1.4915968363526242,0.980352733284373,0.9000052798282673,1.0544635222301855,-1.3556672279135564,-0.3356379833654805,1.0,0.0,0.0,1.0,0.0,4.83
STU-14427,-1.2519032549470397,-1.6724715675551556,-0.3659220825658333,-0.1419114499746215,0.2424808540737401,1.0292191736267429,-0.2307053146218566,0.0,0.0,0.0,1.0,0.0,4.36
STU-14838,0.47771302261952925,1.721219730126081,1.500951693507151,1.789107555926732,1.0544635222301855,0.06215183554510977,-1.0031263484290878,0.0,0.0,0.0,0.0,0.0,5.86
STU-12432,0.04530895322788702,-0.4635745679831331,-0.23109777717732527,-0.7531692647923168,0.018485635271961818,0.8653094553078226,-0.032499162550567146,0.0,1.0,0.0,0.0,0.0,3.82
STU-12916,-0.6032971508595764,-0.6138424911142921,-0.9800123494448746,-1.267181518161742,-0.6140136844856219,1.783203877893779,1.3345403274705325,0.0,0.0,0.0,0.0,0.0,3.38
STU-12034,-0.3870951161637552,-0.06342290751027077,-0.649348359586929,0.024795226793840854,1.0544635222301855,-0.6180734954784121,0.022881968175234448,0.0,1.0,0.0,0.0,0.0,4.25
STU-12704,0.6939150573153504,-0.5665671894550511,-0.6769036920750913,-0.1419114499746215,-1.3068194093052241,-0.7737877278813873,-0.09370988598434772,0.0,0.0,0.0,1.0,0.0,3.78
STU-13509,0.9101170920111715,-0.01783600948171692,0.05921733296581036,0.5110230340351885,0.31929972718845295,0.31621189893943685,-0.682498749490237,0.0,0.0,1.0,0.0,0.0,3.9
STU-13421,-0.17089308146793408,0.7486992388502637,1.500951693507151,1.3028797486853843,1.040822787751872,0.4063622440148436,0.9206392452040161,0.0,0.0,0.0,0.0,0.0,5.63
STU-11316,0.6939150573153504,-0.9650304462972262,0.06659822559656975,-0.9893370568809715,0.1333549782472332,0.08673829329294812,-0.5513329135607071,0.0,0.0,0.0,0.0,1.0,3.7
STU-13890,-0.17089308146793408,-0.048227274834086155,-0.7349667141037189,-2.267421578772515,-2.675200457498137,-0.4705547489913835,-0.9244268468713699,0.0,0.0,0.0,0.0,1.0,1.15
STU-11877,0.9101170920111715,0.9394888491179151,-1.1118842977810794,-1.072690395265202,1.0544635222301855,-0.18371274193327145,-0.6912431385522058,0.0,0.0,0.0,0.0,1.0,4.21
STU-14933,0.47771302261952925,-0.30317622306785064,0.4046431080852719,0.3721008033948038,-0.32396859347306384,-0.536118636318952,2.561669592500134,1.0,0.0,0.0,0.0,1.0,5.24
STU-14120,0.04530895322788702,-0.796190083228508,0.22258108985991548,-0.04466588852635272,-1.296050408401292,0.2916254411915993,-0.1403466276481806,1.0,0.0,1.0,0.0,0.0,3.31
STU-14946,-0.6032971508595764,-1.008928940695093,-1.3067398632330833,-1.8784393329794362,-0.5371948113709101,0.6030539059975489,0.6845407405308628,0.0,0.0,0.0,0.0,0.0,3.23
STU-14893,0.26151098792370814,-0.1782343543969991,-1.0036312058633001,0.024795226793840854,-1.1567713300437763,0.5702719623337646,0.6029264426191551,1.0,0.0,1.0,0.0,0.0,3.77
STU-11590,0.9101170920111715,-0.05160408209546045,-0.8392833299517616,1.1083886257888442,1.0544635222301855,-1.5441634039803152,1.2441816404968566,0.0,0.0,0.0,0.0,0.0,4.57
STU-10964,0.04530895322788702,-1.9004060576979251,-0.8619180673527522,-2.6008349323094397,-1.3707154813352185,-0.6344644673103038,0.9964239504077445,0.0,1.0,0.0,0.0,0.0,2.09
STU-12466,-0.17089308146793408,0.657525442793156,-0.027385140568413038,-0.1835881191667374,1.0544635222301855,-0.48694572082327525,-1.1138886098806908,0.0,0.0,0.0,0.0,0.0,4.41
STU-12746,0.26151098792370814,0.30127227671816065,-0.25176427654344763,-0.10023478078250683,-0.6736021561540435,-1.5441634039803152,0.760325445734591,0.0,0.0,0.0,0.0,1.0,3.7
STU-10122,0.9101170920111715,-0.9481464099903543,-1.555721974643977,0.5526997032273043,-1.0512351211852464,0.7587681384005234,-0.19864255472797143,1.0,0.0,0.0,0.0,1.0,3.51
STU-13018,0.47771302261952925,-0.1951183907038712,0.05626497591350716,-0.9337681646248174,-0.16243357991408933,0.9144823708034978,-1.2217360749783042,0.0,0.0,0.0,0.0,1.0,4.11
STU-13573,0.26151098792370814,0.5207647487074941,0.8022271911287546,1.441801979325769,0.1362267118216144,-2.01130610118924,0.43095345773377153,1.0,0.0,0.0,1.0,0.0,5.25
STU-11550,0.26151098792370814,-0.5311107132106205,0.0060749060243556014,0.6638374877396126,-0.7863176989485284,-1.9047647842819415,-1.417027430695604,0.0,0.0,0.0,0.0,1.0,3.83
STU-13220,-0.17089308146793408,0.48530827246306346,0.6437840293218224,1.1639575180449984,-0.06694843856589563,-0.9213064743684158,0.008307986405286742,1.0,0.0,0.0,1.0,0.0,5.2
STU-10351,0.6939150573153504,-0.0971909801240146,-2.26035119112698,-1.1838281797775103,-0.6053984837624773,-0.667246410974088,1.9000108201445058,1.0,0.0,0.0,0.0,0.0,3.64
STU-14228,1.3425211614028136,1.4189954802330755,1.126002347864659,-0.15580367303866097,1.0544635222301855,0.7423771665686316,-0.5600773026226759,0.0,0.0,0.0,0.0,1.0,5.36
STU-10291,2.423531334881919,-0.03134323852721439,0.6319746011126097,0.6638374877396126,-0.8150350346923465,2.012677483540269,0.4630162176276567,0.0,0.0,1.0,0.0,0.0,4.37
STU-14075,-0.8194991855553975,-0.20862561974936863,0.6309904820951748,0.024795226793840854,-0.5982191498265222,2.0782413708678362,-0.14326142400217007,1.0,1.0,0.0,0.0,0.0,5.05
STU-13814,-0.17089308146793408,1.1117060194480082,1.1447006091959115,0.9416819490203819,1.0544635222301855,0.8243320257280918,-1.020615126553025,0.0,0.0,1.0,0.0,0.0,5.4
STU-12250,-0.6032971508595764,0.907409180134859,0.9390197345521311,0.16371745743422553,1.0544635222301855,0.32440738485538345,-1.4403458015275206,0.0,0.0,0.0,0.0,0.0,5.78
STU-12322,0.6939150573153504,0.4059533018207658,-0.4613816272569663,-0.6976003725361627,0.055818171738925546,0.7997455679802542,-0.7786870291718923,0.0,0.0,0.0,1.0,0.0,3.68
STU-10274,-0.3870951161637552,0.0007364304558419882,-1.6501974003176751,-0.2252647883588533,0.6481132214551654,0.02117440596537969,-1.0585074791548892,0.0,0.0,0.0,0.0,1.0,3.61
STU-12889,0.04530895322788702,0.2539969750589193,0.5867051263106282,-0.4892170265755844,1.0544635222301855,-0.8065696715451715,-0.8457273453136519,0.0,1.0,0.0,0.0,0.0,4.26
STU-11217,-0.8194991855553975,0.7807789078333204,0.5935939594326695,0.6082685954834585,-0.1502287122229667,-1.0934116786032828,-0.2452792963918043,0.0,0.0,0.0,0.0,0.0,5.01
STU-10838,-1.2519032549470397,0.1577579681097499,-0.7635061656093161,0.26096301888249557,-0.7281650940672975,-1.0524342490235528,-0.6358620078264041,0.0,0.0,0.0,0.0,1.0,4.31
STU-10231,-1.2519032549470397,0.2388013423827347,1.500951693507151,0.7749752722519196,1.0544635222301855,-0.5852915518146279,-0.07622110786041027,0.0,0.0,0.0,0.0,0.0,4.64
STU-11451,0.6939150573153504,-0.10225619101607604,-0.22912953914245693,0.6082685954834585,-0.46899113897934286,-0.3066450306724624,0.23274730566248208,0.0,0.0,0.0,0.0,1.0,5.51
STU-13773,-1.2519032549470397,0.0817798047288268,0.021820810303305054,1.594616433030193,-0.016693101014214482,-0.9540884180322,0.4571866249196777,1.0,0.0,0.0,1.0,0.0,4.69
STU-14830,-1.2519032549470397,1.2383362917495468,0.06659822559656975,1.0250352874046138,1.0544635222301855,-0.17551725601732557,-0.4842925974189476,0.0,0.0,0.0,0.0,1.0,4.88
STU-13967,-0.17089308146793408,-0.09550257649332745,-0.17893946925330398,1.4556942023898072,-1.1991294002659076,-0.38040440391597674,-1.4345162088195413,0.0,0.0,0.0,1.0,0.0,4.48
STU-14995,-1.2519032549470397,-1.1625736710876264,-1.5704837599054917,-1.058798172201164,-0.6664228222180895,-1.4294266011570707,-0.16657979483408653,1.0,1.0,0.0,0.0,0.0,2.84
STU-10067,0.9101170920111715,2.0166903654963377,1.500951693507151,1.789107555926732,0.1735592482885781,0.11132475104078572,0.6670519624069253,1.0,0.0,1.0,0.0,0.0,5.54
STU-10052,0.04530895322788702,-0.39097321186358436,0.4056272271027067,-1.1421515105853957,1.0544635222301855,-0.7000283546378723,0.43386825408776125,0.0,0.0,0.0,0.0,1.0,3.9
STU-14233,-1.0357012202512186,-0.5733208039778,-1.4651830250400157,-2.170176017324245,-0.4754525395217021,-2.48664428431411,-0.2452792963918043,0.0,0.0,0.0,1.0,0.0,2.79
STU-14161,0.9101170920111715,-1.186211321917247,1.0236539700514862,-0.8226303801125091,-0.5350410111901237,0.48831710317430377,1.7192934461971534,1.0,0.0,0.0,0.0,1.0,3.51
STU-14449,-1.2519032549470397,-0.048227274834086155,1.500951693507151,0.9138975028923055,1.0544635222301855,0.004783434133487219,-0.02666956984258791,0.0,0.0,0.0,1.0,0.0,4.75
STU-13941,0.26151098792370814,-0.048227274834086155,0.878988474488635,-0.5170014727036621,0.7443162961969548,0.02117440596537969,-0.21030174014392963,0.0,0.0,0.0,1.0,0.0,4.59
STU-13609,-0.3870951161637552,0.8601338784756177,1.500951693507151,-0.6003548110878927,1.0544635222301855,0.42275321584673536,1.118845397275306,0.0,0.0,0.0,0.0,0.0,5.46
STU-13632,-1.2519032549470397,-0.9110015301152363,-1.5941026163239174,1.4556942023898072,-0.9413913119651437,-0.6836373828059805,0.9381280233279535,0.0,0.0,0.0,1.0,0.0,3.2
STU-12165,0.04530895322788702,0.06827257568332934,1.327746746438703,1.136173071916922,-0.6664228222180895,0.10312926512483986,-0.25985327816175197,1.0,0.0,0.0,0.0,1.0,4.67
STU-13221,-1.2519032549470397,-0.517603484165123,0.06659822559656975,-0.2391570114228915,0.3674012645593477,-1.044238763107606,-0.6941579349061953,0.0,0.0,0.0,0.0,1.0,3.6
STU-13852,-1.2519032549470397,-0.061734503879583624,-0.6503324786043639,-0.05855811159039094,-0.19186884905150223,-0.15912628418543384,0.760325445734591,1.0,0.0,0.0,0.0,0.0,3.81
STU-14689,-0.17089308146793408,0.6051849302418533,1.2549219391485607,0.6221608185474967,1.0544635222301855,-0.17551725601732557,-0.03541395890455664,0.0,0.0,1.0,0.0,0.0,5.33
STU-13305,0.47771302261952925,-1.9020944613286124,-0.7487443803478001,-1.517241533314435,-0.5321692776157414,-1.3556672279135564,-1.5685968411030609,0.0,0.0,0.0,0.0,1.0,2.87
STU-10009,-1.2519032549470397,-1.9020944613286124,-2.8498384825701626,-0.767061487856355,-2.9472972136708093,-0.2082991996811098,2.022432267012067,0.0,0.0,0.0,0.0,0.0,2.47
STU-12966,0.47771302261952925,0.4430981816958839,1.500951693507151,-0.1835881191667374,1.0544635222301855,0.7833545961483617,-0.7495390656319969,0.0,0.0,1.0,0.0,0.0,5.09
STU-13991,-0.17089308146793408,1.0222206270215874,-0.8501086391435395,0.6082685954834585,1.0544635222301855,0.3899712721829519,-1.1284625916506386,1.0,0.0,0.0,0.0,1.0,4.55
STU-12494,-0.17089308146793408,-1.3229720160029088,-0.9160446133116419,-0.07245033465442915,-2.297567492466934,0.3407983566872752,-1.3150095583059698,0.0,0.0,0.0,0.0,1.0,2.87
STU-11759,0.26151098792370814,-1.3820661430769603,-1.708260422346303,-3.837242785008867,-2.4993067760672534,1.5045573567516137,0.27938404732631494,0.0,0.0,0.0,0.0,0.0,1.46
STU-10360,-0.6032971508595764,1.2079450263971776,0.7953383580067134,0.691621933867689,1.0544635222301855,-0.6180734954784121,-1.2858615947660743,1.0,0.0,0.0,0.0,0.0,4.78
STU-11565,-0.6032971508595764,1.4966620472446854,-0.5942376946106059,0.5804841493553808,1.0544635222301855,0.02936989188132556,-0.9972967557211087,0.0,0.0,0.0,1.0,0.0,5.17
STU-13763,-0.17089308146793408,0.5477792067984891,1.1210817527774875,0.8722208337001897,1.0544635222301855,-1.6179227772238294,1.0926122300893997,0.0,0.0,0.0,0.0,1.0,5.03
STU-14937,0.6939150573153504,-0.2643429395620457,0.06512204707041676,0.6777297108036509,-0.3555576627912631,-0.6262689813943579,1.162567342585149,0.0,0.0,1.0,0.0,0.0,4.37
STU-13006,0.6939150573153504,1.1235248448628186,0.7874654058672387,1.0667119565967296,1.0544635222301855,-0.6098780095624662,1.150908157169191,1.0,0.0,0.0,0.0,1.0,5.6
STU-11569,0.47771302261952925,1.780313857200132,0.019852572268436723,0.13593301130614785,1.0544635222301855,0.6358358496613331,1.340369920178512,0.0,0.0,1.0,0.0,0.0,4.35
STU-14629,-1.2519032549470397,0.007490044978590873,0.11531211695956971,0.27485524194653377,-0.46683733879855643,1.4717754130878302,-0.6096288406404983,1.0,1.0,0.0,0.0,0.0,4.08
STU-10865,0.6939150573153504,-0.184987968919748,-0.060845187161181674,0.08036411904999374,0.1735592482885781,1.0538056313745805,-0.7932610109418401,1.0,0.0,0.0,0.0,1.0,5.24
STU-11920,-0.6032971508595764,-0.43824851352282534,-0.18582830237534523,-0.5031092496396239,-0.7461134289071835,2.152000744111352,2.582073166978061,0.0,0.0,1.0,0.0,0.0,3.63
STU-14957,0.26151098792370814,1.373408582204521,0.1330262592733875,0.024795226793840854,1.0544635222301855,-0.839351615208955,-0.5863104698085818,1.0,0.0,0.0,0.0,1.0,4.66
STU-11096,-1.0357012202512186,1.3193796660225312,0.11334387892470138,-0.6003548110878927,1.0544635222301855,-0.4951412067392211,-0.10536907140030594,0.0,0.0,1.0,0.0,0.0,4.55
STU-12907,0.6939150573153504,0.3147795057636581,-0.09725759080625211,0.9833586182124978,-0.4280689355444031,-0.7573967560494947,0.22108812024652388,0.0,0.0,1.0,0.0,0.0,4.81
STU-14760,0.9101170920111715,-0.5902048402846718,-0.6276977412033732,0.4832385879071108,0.16135438059745547,0.8325275116440376,-0.12577264587823261,0.0,0.0,0.0,0.0,0.0,4.11
STU-14594,-1.2519032549470397,-0.10225619101607604,0.06659822559656975,0.6360530416115349,-0.7633438303534738,1.6930535328183731,-0.4638890229410207,1.0,0.0,0.0,0.0,1.0,5.26
STU-12757,1.991127265490277,0.5393371886450533,-0.14744766069540508,-0.30861812674308386,1.0544635222301855,0.6686177933251173,-0.8952788833314744,1.0,0.0,0.0,0.0,0.0,4.28
STU-10722,0.47771302261952925,-0.8603494211946209,-0.7920456171149118,-0.4892170265755844,-1.0533889213660328,-1.2655168828381498,-1.3441575218458655,0.0,0.0,0.0,0.0,0.0,3.77
STU-12464,0.04530895322788702,-0.5226686950571845,-1.627562662916686,-0.0029892193342368227,-0.690114624206739,-0.8967200166205775,-0.38518952138330287,0.0,0.0,0.0,1.0,0.0,3.51
STU-14140,-0.17089308146793408,0.9124743910269207,-0.6975701914412137,-0.0029892193342368227,0.2733519899983446,-2.2161932490878913,-0.16657979483408653,1.0,0.0,0.0,0.0,1.0,3.86
STU-11351,0.9101170920111715,0.2742578186271657,0.9547656388310805,1.5112630946459613,0.1656619809590283,-1.1343891081830129,-0.4259966703391565,0.0,0.0,1.0,0.0,0.0,5.29
STU-13570,0.47771302261952925,-0.048227274834086155,1.500951693507151,0.09425634211403319,0.1075093760777973,-0.4131863475797609,-0.07039151515243129,0.0,0.0,0.0,0.0,1.0,3.43
STU-12554,-1.2519032549470397,-1.1338708093659444,-1.021345348177118,-1.6005948716986669,-2.2286458866817713,-1.4130356293251782,-0.19281296201999243,0.0,0.0,0.0,0.0,1.0,2.37
STU-12568,-0.6032971508595764,-0.8519074030411851,0.12220095008160957,-0.7948459339844327,-0.09207610734173571,0.33260287077132933,0.08117789525502553,0.0,1.0,0.0,0.0,0.0,2.96
STU-13075,0.26151098792370814,-0.37577757918739974,0.31312003946387695,-0.6976003725361627,-0.5034519418719243,2.4880156666651385,2.4479925346945413,1.0,0.0,0.0,1.0,0.0,4.77
STU-11086,-1.0357012202512186,-1.120363580320447,-0.14252706560823353,-1.4477804179942426,-1.2221032688609614,-0.8229606433770632,0.777814223858528,0.0,0.0,0.0,0.0,1.0,2.72
STU-12161,0.26151098792370814,-0.10394459464676319,0.1212168310641761,-0.9754448338169333,-0.13874177792543985,-0.3148405165884083,0.14238861868880612,0.0,0.0,0.0,1.0,0.0,3.46
STU-13286,-0.6032971508595764,0.6490834246397199,-0.618840670046465,1.400125310133653,-0.5637583469339418,-0.6590509250581421,-1.1430365734205863,0.0,0.0,0.0,0.0,1.0,3.83
STU-12258,0.47771302261952925,1.623292319546224,0.019852572268436723,-0.21137256529481507,1.0544635222301855,0.32440738485538345,-1.2042472968543667,1.0,0.0,0.0,0.0,1.0,5.0
STU-10170,0.04530895322788702,-0.07693013655576823,0.3150882774987453,0.4832385879071108,-0.36417286351440875,2.9551583638740633,-0.2423645000378148,0.0,0.0,0.0,0.0,1.0,4.16
STU-13635,0.47771302261952925,0.3215331202864067,-1.4947065955630463,0.8444363875721131,1.0544635222301855,0.02117440596537969,0.6553927769909669,1.0,0.0,0.0,0.0,1.0,5.88
STU-10404,-0.8194991855553975,-0.4230528808466407,0.35838951426585697,-0.7253848186642391,-1.5954286335305914,-0.8229606433770632,1.859203671188652,1.0,0.0,0.0,0.0,1.0,3.58
STU-10524,0.6939150573153504,0.05814215389920616,0.9439403296393025,-0.669815926408085,-0.4208896016084481,-1.0360432771916601,-0.8457273453136519,0.0,0.0,0.0,1.0,0.0,3.94
STU-13799,0.6939150573153504,-0.30317622306785064,-1.2791845307449212,-2.434128255540977,0.1735592482885781,1.4307979835080993,-0.21904612920589836,1.0,0.0,0.0,0.0,1.0,2.19
STU-14443,0.04530895322788702,1.0137786088681513,0.47156320127080914,0.010903003729801398,1.0544635222301855,1.6356851314067504,0.19485495306061795,0.0,0.0,0.0,0.0,1.0,4.9
STU-10866,0.26151098792370814,0.1763304080473091,1.500951693507151,1.400125310133653,-0.6204750850279811,-0.019803023614350393,0.4018054941938761,0.0,0.0,0.0,1.0,0.0,4.67
STU-10772,0.26151098792370814,-0.42474128447732784,1.500951693507151,0.024795226793840854,1.0544635222301855,-1.724464094131128,0.36682793794600144,1.0,0.0,0.0,1.0,0.0,4.9
STU-12482,0.9101170920111715,0.14931594995631417,-0.6454118835171924,0.1498252343701873,-1.2285646694033205,2.0536549131199986,-0.3735303359673447,1.0,0.0,1.0,0.0,0.0,4.67
STU-12770,-0.17089308146793408,-0.4298064953693893,1.0374316362955671,0.3443163572667261,-0.6010908834009044,-0.26566760109273235,1.4219842180902191,0.0,1.0,0.0,0.0,0.0,4.27
STU-14219,0.6939150573153504,-0.16810393261287623,1.500951693507151,0.9972508412765361,0.6071910180202246,-0.15093079826948724,-0.13451703494020134,1.0,0.0,0.0,1.0,0.0,5.58
STU-11671,0.47771302261952925,1.1589813211072488,1.500951693507151,1.2889875256213448,1.0544635222301855,-0.7983741856292249,-0.5863104698085818,0.0,0.0,0.0,0.0,1.0,5.37
STU-14101,0.04530895322788702,-0.16135031809012734,-0.5558570529306658,-0.6420314802800086,0.11899631037532413,0.17688863836835414,-1.3499871145538445,0.0,1.0,0.0,0.0,0.0,3.0
STU-13809,1.5587231960986347,0.527518363230243,-1.1443602253564131,0.28874746501057197,-0.49196500757439754,1.4963618708356679,-0.12577264587823261,0.0,0.0,0.0,1.0,0.0,4.04
STU-11886,0.9101170920111715,-0.43656010989213817,-0.589317099523433,0.5804841493553808,-0.6448848204102264,0.7833545961483617,3.342835015369334,1.0,0.0,0.0,0.0,0.0,3.88
STU-12391,-1.2519032549470397,-0.5783860148698615,-0.2212565870029822,-0.5170014727036621,-1.2938966082205057,-0.9540884180322,0.1627921931667328,1.0,0.0,0.0,0.0,1.0,4.38
STU-13206,0.9101170920111715,0.3704968255763351,-0.9081716611721672,0.46934636484307257,-0.32684032704744503,0.2014750961161925,-0.9914671630131295,1.0,0.0,0.0,0.0,0.0,4.9
STU-10447,-0.6032971508595764,0.8094817695550022,1.500951693507151,-0.44754035738346976,1.0544635222301855,-0.25747211517678575,1.6988898717192265,0.0,0.0,0.0,0.0,1.0,5.36
STU-11538,0.26151098792370814,-0.26265453593135824,0.4144842982596149,-0.7392770417282786,0.009152501155221395,-1.2819078546700415,-0.8923640869774848,0.0,0.0,0.0,0.0,1.0,3.75
STU-13402,-0.17089308146793408,0.37218522920702224,0.06659822559656975,0.024795226793840854,0.10320177571622448,-1.298298826501934,-0.17823898025004473,0.0,0.0,0.0,0.0,1.0,3.72
STU-13754,-0.17089308146793408,2.222675608440174,1.500951693507151,1.7196464406065397,1.0544635222301855,-1.3146897983338257,-0.07330631150642078,0.0,0.0,0.0,0.0,1.0,5.33
STU-10200,-0.17089308146793408,1.121836441232131,0.4410555117303437,0.788867495315959,1.0544635222301855,-0.18371274193327145,-0.39101911409128187,1.0,0.0,0.0,0.0,0.0,4.88
STU-12845,-0.3870951161637552,-1.586362982390109,-1.9670837239315395,-1.9479004482996296,-1.3857920826007222,-0.5279231504030053,-0.32397879794952233,1.0,0.0,0.0,1.0,0.0,2.08
STU-10669,0.9101170920111715,-0.26771974682342,-1.5813090690972695,1.2334186333651909,0.19725105027722759,-0.3066450306724624,-0.618373229702467,1.0,0.0,0.0,0.0,1.0,4.82
STU-14844,-1.2519032549470397,-0.3386326993122816,-1.3775964324883574,-1.225504848969626,-0.38571086532227183,-1.675291178635452,-1.2479692421642101,0.0,0.0,0.0,1.0,0.0,3.18
STU-11637,-0.6032971508595764,-0.26096613230067106,0.6113081017464873,-0.8781992723686632,-0.4589400714690066,0.685008765157009,-0.851556938021631,1.0,0.0,0.0,0.0,0.0,3.58
STU-13758,1.5587231960986347,-0.7843712578136977,-0.34033498811253937,-1.1004748413932797,-1.3484595461337596,-1.3966446574932865,-0.851556938021631,0.0,1.0,0.0,0.0,0.0,2.45
STU-12992,0.6939150573153504,1.1708001465220592,1.500951693507151,0.8722208337001897,-0.3548397293976673,-1.5195769462324769,0.17153658222870152,0.0,0.0,0.0,1.0,0.0,5.28
STU-11558,-0.8194991855553975,0.1358087209108167,-0.5784917903316551,-0.5170014727036621,1.0544635222301855,0.5538809905018722,0.15696260045875382,0.0,0.0,0.0,1.0,0.0,4.06
STU-10022,-0.17089308146793408,-0.14277787815256845,1.3247943893863996,0.31653191113864965,0.6366262871576385,0.6194448778294407,-0.702902323968164,0.0,0.0,0.0,0.0,1.0,4.87
STU-10976,-1.0357012202512186,-0.41967607358526643,-0.8678227814573573,0.19150190356230198,0.1735592482885781,0.7587681384005234,1.1392489717532326,0.0,0.0,0.0,0.0,0.0,3.07
STU-13866,-0.17089308146793408,-0.22044444516417866,0.7372753359780857,-0.016881442398275045,-0.3864287987158666,0.18508412428430074,0.9089800597880582,0.0,1.0,0.0,0.0,0.0,3.8
STU-11824,-1.2519032549470397,0.44478658532657106,0.719561193664268,1.0667119565967296,0.7823667660575123,-1.2491259110062571,-0.2831716489936684,0.0,0.0,0.0,0.0,1.0,4.75
STU-14974,0.47771302261952925,-0.8215161376888156,-0.9396634697300661,-1.0865826183292415,-0.8853925072646991,0.6194448778294407,-0.5775660807466133,1.0,0.0,0.0,0.0,0.0,3.39
STU-13511,-0.3870951161637552,-1.2554358707754216,-0.4525245561000567,-0.3919714651273156,-0.7489851624815658,-0.667246410974088,-0.16657979483408653,1.0,0.0,1.0,0.0,0.0,3.24
STU-11586,-1.2519032549470397,0.35023598200808875,-0.9376952316951978,-0.21137256529481507,0.7766232989087489,-2.4456668547343807,-0.7524538619859863,0.0,0.0,0.0,1.0,0.0,4.23
STU-13680,-0.17089308146793408,-1.6623411457710324,0.8750519984188969,-1.3922115257380885,-2.283926757988621,-0.3066450306724624,0.9148096524960372,0.0,0.0,0.0,0.0,1.0,3.46
STU-12269,1.1263191267069925,-0.07017652203301965,0.03166200047764811,-0.04466588852635272,-0.6168854180600041,0.02117440596537969,-0.4901221901269266,0.0,1.0,0.0,0.0,0.0,3.01
STU-10230,-1.2519032549470397,1.6266691268075983,0.29835825420236095,-0.364187018999238,1.0544635222301855,-0.7737877278813873,1.0314015066556192,0.0,0.0,0.0,0.0,1.0,4.08
STU-12591,0.26151098792370814,-0.3014878194371635,-0.24093896735166973,1.1639575180449984,0.4636043393011362,-0.27386308700867823,-0.6999875276141744,1.0,0.0,1.0,0.0,0.0,5.0
STU-11981,-1.2519032549470397,1.104952404925259,0.9931462805110206,0.8861130567642278,1.0544635222301855,0.9226778567194451,-1.0934850354027639,0.0,0.0,1.0,0.0,0.0,5.38
STU-13009,1.5587231960986347,-1.3854429503383348,-1.3677552423140142,-2.3090982479646307,-1.7957320503437204,0.7095952229048474,1.7630153915069968,0.0,0.0,0.0,0.0,1.0,1.92
STU-11191,0.6939150573153504,-0.17654595076631197,0.06659822559656975,-0.364187018999238,0.743598362803359,0.02117440596537969,0.5883524608492076,0.0,0.0,0.0,0.0,0.0,4.72
STU-10639,0.04530895322788702,-1.9020944613286124,-0.08151168652730266,-0.4753248035115462,-1.1912321329363578,1.3488431243486392,0.6641371660529358,1.0,0.0,0.0,0.0,1.0,2.89
STU-10517,0.9101170920111715,0.12061308823463207,-0.7644902846267495,-1.1004748413932797,-0.2816105232509325,-0.33942697433624663,-0.8049201963577983,0.0,1.0,0.0,0.0,0.0,3.19
STU-10612,0.26151098792370814,-1.409080601167955,-0.8028709263066898,0.691621933867689,-0.8171888348731319,0.5948584200816031,-0.4580594302330417,1.0,0.0,1.0,0.0,0.0,2.62
STU-11057,-1.2519032549470397,-0.7725524323988874,-0.3275414408858931,-0.4753248035115462,-0.3505321290360945,-1.3556672279135564,-1.3237539473679385,0.0,0.0,0.0,0.0,0.0,2.99
STU-14712,-1.0357012202512186,-0.13602426362981956,-3.010249882411964,-1.1004748413932797,-1.288871074465338,-0.33942697433624663,-0.3152344088875536,0.0,1.0,0.0,0.0,0.0,2.23
STU-11831,-0.3870951161637552,0.7909093296174432,0.8219095714774408,1.789107555926732,0.7744694987279626,-1.1507800800149053,-1.341242725491876,0.0,0.0,0.0,0.0,0.0,4.84
STU-12793,-0.17089308146793408,-1.7670221708736376,-0.7556332134698414,-0.10023478078250683,-1.1661044641605178,-0.4131863475797609,-0.592140062516561,0.0,0.0,0.0,0.0,1.0,3.42
STU-14022,-1.2519032549470397,-0.6459221600973488,-0.3196684887464184,1.2889875256213448,-0.9227250437316629,0.5047080750061963,2.4334185529245937,0.0,0.0,0.0,0.0,0.0,3.77
STU-10298,-1.2519032549470397,0.39075766914458115,-0.894393994928086,1.4556942023898072,-0.5967832830393317,-1.5769453476440993,-0.39101911409128187,0.0,0.0,0.0,0.0,1.0,4.51
STU-13989,-1.2519032549470397,-0.10225619101607604,0.3633101093530285,-0.6142470341519322,0.4320152699829369,0.25884349752781505,-0.2831716489936684,0.0,0.0,0.0,0.0,0.0,3.64
STU-12318,1.1263191267069925,1.4747128000457521,1.1663512275794674,1.789107555926732,1.0544635222301855,-0.9458929321162541,-0.6300324151184252,0.0,0.0,0.0,0.0,1.0,6.06
STU-10512,0.04530895322788702,-1.1136099657976983,-2.1363521949302506,0.08036411904999374,-2.011112068422353,1.6520761032386422,-0.26859766722372075,1.0,1.0,0.0,0.0,0.0,2.66
STU-10458,-0.3870951161637552,0.061518961160580754,-1.2949304350238706,-0.7253848186642391,-0.003770299929496034,-0.29025405884057,-0.5746512843926236,1.0,0.0,0.0,0.0,1.0,4.03
STU-12931,-0.3870951161637552,-0.048227274834086155,0.3062312063418357,0.5804841493553808,0.1735592482885781,-1.9047647842819415,-0.6620951750123103,0.0,1.0,0.0,0.0,0.0,5.28
STU-13746,-1.2519032549470397,1.081314754095639,1.1732400607015088,1.136173071916922,1.0544635222301855,1.234106321525394,-0.53384413543677,1.0,0.0,0.0,0.0,0.0,5.32
STU-10688,-0.3870951161637552,-0.5496831531481794,0.3751195375622413,1.0667119565967296,-1.256564071753543,-0.02799850953029699,0.6553927769909669,1.0,0.0,0.0,0.0,1.0,4.0
STU-13877,-0.6032971508595764,-0.048227274834086155,1.4586345757574728,1.427909756261731,1.0544635222301855,-1.6425092349716677,-0.9419156249953071,0.0,0.0,0.0,0.0,1.0,5.67
STU-12408,-0.6032971508595764,-0.473704989767256,-1.2545815553090622,-1.6005948716986669,1.0544635222301855,-0.14273531235354137,-0.032499162550567146,0.0,0.0,0.0,0.0,0.0,3.2
STU-11341,-0.3870951161637552,1.0998871940331978,0.12810566418621597,-0.07245033465442915,1.0544635222301855,0.02117440596537969,-1.0526778864469102,1.0,0.0,1.0,0.0,0.0,5.75
STU-11287,-0.17089308146793408,-0.2069372161186815,0.14089921141286363,1.1500652949809602,-1.956549130509099,-1.2819078546700415,0.3027024181582314,1.0,0.0,0.0,1.0,0.0,4.18
STU-12246,0.26151098792370814,0.9580612890554746,1.431079243269312,1.080604179660768,1.0544635222301855,-0.6590509250581421,0.5592044973093117,0.0,0.0,0.0,0.0,0.0,5.5
STU-10895,-0.6032971508595764,0.10541745555844746,1.1269864668820937,0.5665919262913426,-0.7274471606737016,-0.9868703616959843,-1.236310056748252,1.0,0.0,0.0,1.0,0.0,5.04
STU-14505,0.26151098792370814,0.7790905042026329,0.06659822559656975,1.5807242099661536,-0.39791573301339445,-0.12634434052164964,-1.7114218624485489,1.0,0.0,0.0,0.0,1.0,4.98
STU-10715,-0.8194991855553975,-0.5412411349947434,0.4499125828872519,0.1081485651780714,0.05294643816454333,0.9800462581310663,3.232072753917731,1.0,0.0,1.0,0.0,0.0,3.95
STU-10617,-1.2519032549470397,-0.6155308947449796,-0.8924257568932163,-1.7534093254030896,-1.816552118757988,-1.085216192687337,-0.930256439579349,0.0,0.0,0.0,0.0,0.0,3.0
STU-10289,-0.8194991855553975,-0.08368375107851712,-1.4336912164821154,0.024795226793840854,-1.1912321329363578,0.14410669470456994,0.5154825519994688,1.0,0.0,0.0,0.0,0.0,3.77
STU-14868,1.5587231960986347,-0.41967607358526643,-0.45449279413492644,-0.864307049304625,0.5181672772143902,-0.6836373828059805,0.18028097129067025,0.0,0.0,0.0,0.0,0.0,4.08
STU-11811,1.3425211614028136,0.5849240866736072,0.3495324431089474,0.23317857275441786,1.0544635222301855,0.308016413023491,-0.13451703494020134,0.0,1.0,0.0,0.0,0.0,4.02
STU-14302,-0.3870951161637552,0.5764820685201711,1.2834613906541577,1.0250352874046138,1.0544635222301855,2.111023314531621,0.15113300775077457,0.0,0.0,1.0,0.0,0.0,4.85
STU-10464,-1.0357012202512186,-0.048227274834086155,-0.5706188381921804,-1.961792671363668,-2.292541958711766,-0.2820585729246241,-0.98855236665914,0.0,0.0,0.0,0.0,1.0,2.37
STU-10278,-1.2519032549470397,0.10710585918913461,0.23832699413886493,1.441801979325769,0.8936464420648067,-1.4785995166527468,2.3226562914729905,1.0,1.0,0.0,0.0,0.0,4.94
STU-13690,-0.8194991855553975,-1.4344066556282629,1.0423522313827387,-0.905983718496741,-0.24930352053913737,-0.91311098845247,-1.4549197832974683,1.0,0.0,0.0,0.0,1.0,3.77
STU-14064,1.1263191267069925,0.09022182288226284,-0.6227771461162017,0.5665919262913426,1.0099516518272675,-1.2819078546700415,1.5589796467277284,0.0,0.0,1.0,0.0,0.0,4.66
STU-14128,-0.6032971508595764,-0.500719447858251,-1.2959145540413055,-1.5311337563784733,-2.7749931992079033,-0.6508554391421962,-1.2129916859163354,0.0,0.0,0.0,0.0,0.0,2.58
STU-11910,-0.17089308146793408,1.131966863016254,1.500951693507151,0.26096301888249557,1.0544635222301855,-0.1345398264375955,-0.16657979483408653,0.0,0.0,0.0,0.0,1.0,5.72
STU-13355,-0.17089308146793408,-0.6898206544952156,-0.5735711952444836,0.3304241342026879,0.1735592482885781,-0.7573967560494947,0.4775901993976044,1.0,0.0,1.0,0.0,0.0,2.88
STU-11474,0.47771302261952925,-0.22719805968692755,0.06659822559656975,0.6360530416115349,1.0544635222301855,-0.6344644673103038,-0.7203911020921013,1.0,0.0,1.0,0.0,0.0,4.77
STU-11852,-1.2519032549470397,-0.17485754713562482,-1.26540686450084,-1.1560437336494338,-1.2572820051471387,1.4389934694240452,-0.12868744223222237,1.0,0.0,0.0,0.0,0.0,4.52
STU-13812,-1.0357012202512186,-0.7624220106147643,1.500951693507151,-0.905983718496741,-0.23853451963520636,-0.4213818334957068,-1.014785533845046,1.0,0.0,0.0,1.0,0.0,4.5
STU-11847,0.26151098792370814,1.278857978886039,1.500951693507151,0.7055141569317273,1.0544635222301855,0.012978920049433091,1.5589796467277284,1.0,1.0,0.0,0.0,0.0,5.06
STU-11397,0.6939150573153504,2.3206030190200306,1.500951693507151,1.789107555926732,1.0544635222301855,-1.7326595800470745,-0.5863104698085818,0.0,1.0,0.0,0.0,0.0,6.08
STU-12747,-1.2519032549470397,-0.461886164352446,-1.269343340570578,-0.7253848186642391,-0.8164709014795372,0.7669636243164699,-1.2246508713322937,0.0,0.0,0.0,0.0,1.0,2.65
STU-12003,0.47771302261952925,-0.8552842103025593,0.010011382094092266,-0.3780792420632762,-1.6284535696359819,1.8979406807170243,-0.8486421416676415,0.0,0.0,0.0,0.0,1.0,3.11
STU-13906,-0.17089308146793408,-0.9920449043882211,-0.17303475514869898,-1.6005948716986669,-0.15166457901015729,0.02117440596537969,-0.7466242692780072,0.0,0.0,0.0,0.0,0.0,2.56
STU-13394,0.47771302261952925,-0.4770817970286306,0.47746791537541416,-0.4197559112553921,-0.8006763668204375,0.2014750961161925,-0.904023272393443,1.0,1.0,0.0,0.0,0.0,3.96
STU-11305,0.6939150573153504,-0.9802260789734109,-1.3451205049130237,-1.6978404331469357,-2.581151182937134,-1.1507800800149053,0.002478393697307503,0.0,0.0,0.0,1.0,0.0,2.47
STU-13713,0.26151098792370814,-1.1710156892410624,-1.7013715892242631,-1.7811937715311674,-0.8559572381272862,-0.8229606433770632,0.37557232700797016,0.0,0.0,1.0,0.0,0.0,2.58
STU-14819,-0.6032971508595764,-1.9020944613286124,-0.8963622329629544,-0.04466588852635272,-2.912836410778228,-1.798223467374643,-1.4053682452796459,0.0,0.0,0.0,0.0,1.0,1.74
STU-13271,0.47771302261952925,0.26581580047372966,0.8839090695758065,0.6499452646755731,1.0544635222301855,-1.3556672279135564,-0.9069380687474327,1.0,1.0,0.0,0.0,0.0,4.67
STU-10677,-0.3870951161637552,0.795974540509505,0.7185770746468331,-0.33640257287116154,0.841955237725935,-0.5033366926551677,-0.023754773488598422,1.0,0.0,1.0,0.0,0.0,5.28
STU-12115,-0.3870951161637552,1.349770931374901,0.8081319052333596,0.691621933867689,1.0544635222301855,-1.3474717419976099,-0.2452792963918043,0.0,1.0,0.0,0.0,0.0,5.64
STU-13411,0.47771302261952925,0.2202289024451758,0.4961661767066682,0.788867495315959,-0.03320556906690994,1.2259108356094481,0.5213121447074478,1.0,0.0,1.0,0.0,0.0,4.61
STU-10516,-1.2519032549470397,-1.7265004837371456,-1.835211775595336,-0.808738157048471,-0.8157529680859413,0.4063622440148436,-1.1080590171727116,0.0,0.0,0.0,1.0,0.0,3.24
STU-11743,0.6939150573153504,0.8246774022311868,-0.0008139270976856589,0.6082685954834585,1.0544635222301855,1.488166384919722,-1.2829467984120848,1.0,0.0,1.0,0.0,0.0,5.16
STU-14519,0.6939150573153504,-0.926197162791421,-1.0754718941360089,0.024795226793840854,-2.152544946960655,3.037113223033525,0.363913141592012,0.0,0.0,1.0,0.0,0.0,2.46
STU-12084,0.26151098792370814,-0.007705587697593743,-0.09627347178881865,-0.3919714651273156,-0.7504210292687563,-0.6098780095624662,-1.0555926828008997,0.0,0.0,0.0,1.0,0.0,2.6
STU-13004,-1.0357012202512186,-1.0528274350929596,0.8504490229830379,0.21928634969037966,-1.172565864702876,-0.44596829124354515,0.2706396582643462,0.0,1.0,0.0,0.0,0.0,3.89
STU-14404,-0.17089308146793408,-1.3651821067700884,-1.771244039462102,-1.5589182025065509,-0.2765849894957649,-1.831005411038427,-1.2421396494562311,0.0,0.0,0.0,0.0,1.0,2.25
STU-11194,0.9101170920111715,0.3704968255763351,1.250001344061389,-0.8920914954327015,0.580627482457194,0.02117440596537969,-0.16657979483408653,0.0,0.0,0.0,0.0,1.0,4.23
STU-10171,-0.6032971508595764,1.0762495432035772,1.500951693507151,0.8305441645080737,1.0544635222301855,-0.3476224602521925,-1.2508840385181996,0.0,0.0,0.0,0.0,1.0,5.04
STU-12949,8.909592375756553,-1.6116890368504169,0.478452034392849,-1.1838281797775103,0.1735592482885781,-0.5279231504030053,-0.624202822410446,1.0,0.0,1.0,0.0,0.0,3.32
STU-11680,-0.3870951161637552,-0.6999510762793387,-0.20255832567172954,-1.8506548868513597,-1.008877050963115,2.4060608075056784,0.01413757911326572,0.0,0.0,1.0,0.0,0.0,3.65
STU-14220,-0.3870951161637552,-1.9020944613286124,-1.3982629318544784,-2.3090982479646307,-2.914272277565419,0.2752344693597068,1.838800096710725,0.0,0.0,0.0,0.0,1.0,2.51
STU-12024,-1.0357012202512186,-0.6037120693301693,-0.37576327274017635,-1.5589182025065509,-1.0052873839951382,1.5865122159110738,0.06077432077709859,0.0,0.0,0.0,1.0,0.0,2.81
STU-12315,0.47771302261952925,-0.6712482145576566,-0.7123319767027283,-3.0037094011665566,0.1735592482885781,-1.6589002068035594,-1.2246508713322937,0.0,0.0,0.0,1.0,0.0,2.41
STU-11730,0.47771302261952925,0.8584454748449308,0.31607239651617874,0.6638374877396126,1.0544635222301855,0.2752344693597068,-0.3268935943035118,0.0,0.0,1.0,0.0,0.0,5.05
STU-14853,0.26151098792370814,-1.5812977714980476,0.06659822559656975,0.12204078824210964,-1.2206674020737707,1.143955976449988,2.4334185529245937,1.0,0.0,0.0,1.0,0.0,3.55
STU-10442,0.04530895322788702,0.8111701731856896,-0.21830422995067902,1.7057542175425013,1.0544635222301855,-0.7246148123857106,-0.851556938021631,0.0,0.0,0.0,1.0,0.0,5.22
STU-13082,-1.2519032549470397,0.46335902526413,-0.699538429476082,-0.19748034223077562,0.09602244178027047,-0.5115321785711135,-0.029584366196577658,0.0,0.0,0.0,0.0,0.0,4.17
STU-13893,-0.6032971508595764,-0.3487631210964048,0.09759797464575053,-0.2391570114228915,0.1441239791511642,-0.03619399544624286,1.0518050811335462,0.0,0.0,0.0,1.0,0.0,4.78
STU-12706,-1.2519032549470397,-0.9751608680813493,-1.5941026163239174,-0.05855811159039094,-0.686524957238762,0.11952023695673232,0.4892493848135629,0.0,0.0,0.0,1.0,0.0,2.96
STU-11561,1.3425211614028136,-1.0984143331215137,-2.804569007768182,-0.43364813431943033,-1.9637284644450534,0.2752344693597068,-0.05873232973647307,1.0,1.0,0.0,0.0,0.0,2.24
STU-13675,0.6939150573153504,-0.5395527313640562,-1.121725487955424,0.7055141569317273,-1.3958431501110584,-1.5359679180643693,-0.8020054000038087,1.0,0.0,0.0,1.0,0.0,3.02
STU-13630,-0.3870951161637552,0.08684501562088824,0.42629372646882774,-0.04466588852635272,-0.1875612486899294,0.47192613134241207,-0.8690457161455684,0.0,0.0,1.0,0.0,0.0,4.59
STU-11444,0.26151098792370814,-1.056204242354334,-0.9731235163228347,-1.0032292799450098,-3.0011422181904677,-0.06897593911002707,-0.11702825681626415,0.0,0.0,0.0,0.0,1.0,2.1
STU-14341,-1.2519032549470397,-1.1085447549056366,-0.11890820918980796,-1.1004748413932797,0.15704678023588264,0.9390688285513369,-0.9827227739511609,1.0,0.0,0.0,0.0,1.0,3.69
STU-12429,-0.6032971508595764,0.8348078240153103,-0.1002099478585553,-0.2669414575509692,1.0544635222301855,0.25884349752781505,-0.03832875525854613,1.0,0.0,0.0,1.0,0.0,5.21
STU-10936,-0.17089308146793408,0.2843882404112886,1.500951693507151,1.1083886257888442,0.8850312413416611,-0.5852915518146279,-0.6562655823043311,1.0,0.0,0.0,1.0,0.0,4.84
STU-11031,0.26151098792370814,-0.048227274834086155,-0.9347428746428945,-0.6420314802800086,0.1735592482885781,-0.011607537698404523,-0.4551446338790522,0.0,0.0,0.0,1.0,0.0,3.02
STU-13051,0.26151098792370814,3.1344135690112522,1.3621909120489064,1.5668319869021154,1.0544635222301855,-0.5279231504030053,0.002478393697307503,0.0,0.0,0.0,0.0,1.0,5.11
STU-11798,1.5587231960986347,0.380627247360458,-0.39544565308886387,0.49713081097115025,0.3695550647401331,0.8571139693918767,-0.6650099713662998,0.0,0.0,1.0,0.0,0.0,4.2
STU-13880,-0.17089308146793408,0.34517077111602734,-0.9888694206017842,0.024795226793840854,-0.5802708149866362,0.5784674482497105,1.9961990998261612,1.0,0.0,0.0,1.0,0.0,3.77
STU-11525,0.26151098792370814,-1.0511390314622724,1.2313030827301363,-1.1004748413932797,0.08812517445072064,-1.0196523053597686,1.61144598109954,1.0,0.0,0.0,0.0,0.0,3.96
STU-13964,-0.3870951161637552,0.01762046676271375,0.83962371379126,1.094496402724806,-0.5292975440413602,0.5456855045859264,-0.24819409274579404,0.0,0.0,0.0,0.0,0.0,4.78
STU-14827,0.9101170920111715,-1.517138433531935,-0.7359508331211538,0.024795226793840854,-2.3980781675702962,-2.003110615273294,-0.38518952138330287,1.0,0.0,1.0,0.0,0.0,2.98
STU-10613,-0.6032971508595764,1.3430173168521518,0.9724797811448983,-0.1280192269105833,1.0544635222301855,-0.5279231504030053,-0.3298083906575013,0.0,0.0,0.0,1.0,0.0,4.47
STU-11559,-0.6032971508595764,0.5714168576281097,-1.0656307039616646,-1.5450259794425127,1.0544635222301855,0.7587681384005234,-0.5513329135607071,1.0,0.0,0.0,1.0,0.0,3.93
STU-14281,0.9101170920111715,1.398734636664829,1.500951693507151,-0.5725703649598162,0.8383655707579569,-0.17551725601732557,-0.4580594302330417,0.0,0.0,1.0,0.0,0.0,5.61
STU-10452,1.5587231960986347,-1.5289572589467448,-0.600142408715211,-0.33640257287116154,-0.7834459653741462,-0.4705547489913835,-1.0730814609248371,0.0,0.0,0.0,0.0,1.0,3.44
STU-11934,-1.2519032549470397,0.500503905139248,0.2452158272609048,-0.3919714651273156,1.0544635222301855,0.06215183554510977,-0.6416916005343835,0.0,0.0,0.0,0.0,1.0,4.67
STU-13363,-0.6032971508595764,1.0239090306522742,0.8209254524600074,0.9555741720844214,1.0544635222301855,0.5456855045859264,0.5038233665835103,0.0,0.0,0.0,1.0,0.0,5.07
STU-12715,-1.2519032549470397,-0.28122697586891743,-1.045948323612977,-0.21137256529481507,-0.3476603954617133,-0.21649468559705567,-0.8836196979155162,0.0,0.0,0.0,0.0,1.0,3.84
STU-13484,0.26151098792370814,-1.0055521334337185,1.3631750310663397,-0.7253848186642391,-0.23925245302880116,-0.22469017151300152,-0.904023272393443,0.0,0.0,1.0,0.0,0.0,3.83
STU-13668,-1.0357012202512186,0.8483150530608075,-0.7044590245632535,0.12204078824210964,1.0544635222301855,2.020872969456215,-0.3356379833654805,0.0,0.0,0.0,1.0,0.0,5.16
STU-12146,0.04530895322788702,-0.39772682638633294,0.06659822559656975,-1.0310137260730874,-1.6320432366039594,0.14410669470456994,0.11032585879492095,0.0,0.0,0.0,1.0,0.0,2.79
STU-13415,0.26151098792370814,-1.5762325606059862,-1.382517027575529,0.024795226793840854,-1.8079369180348424,-1.003261333527876,-0.8020054000038087,0.0,0.0,0.0,1.0,0.0,2.01
STU-10603,0.26151098792370814,0.23204772785998612,-0.1297335183815859,0.16371745743422553,-0.39217226586463105,-0.8475471011249015,-0.35604155784340724,0.0,0.0,0.0,0.0,1.0,4.23
STU-10766,1.5587231960986347,-1.0139941515871544,-0.2123995158460726,-0.32251034980712207,-0.32253272668587324,-0.7164193264697647,-1.041018701030952,1.0,0.0,0.0,0.0,0.0,3.39
STU-10380,0.26151098792370814,-0.2727849577154814,-1.2978827920761737,0.4415619187149961,-0.9176995099764942,-0.5689005799827361,-0.11119866410828493,1.0,0.0,0.0,1.0,0.0,3.29
STU-13958,-0.17089308146793408,-0.15459670356737876,1.3976191966765432,1.5251553177099995,1.0544635222301855,1.365234096180531,2.1885756591894716,0.0,0.0,0.0,1.0,0.0,4.91
STU-13778,-1.0357012202512186,0.9968945725612799,0.5296262232994354,0.7194063799957667,0.48370647432180863,0.7587681384005234,-0.023754773488598422,0.0,0.0,0.0,1.0,0.0,5.28
STU-13980,-0.17089308146793408,-0.17148073987425053,0.4843567484974554,1.5251553177099995,0.6222676192857295,-0.577096065898682,-0.7087319166761431,0.0,0.0,0.0,1.0,0.0,5.15
STU-11737,-0.17089308146793408,-0.4466905316762614,0.05823321394837689,-0.32251034980712207,0.16207231399105027,0.25884349752781505,0.04911513536114037,0.0,0.0,0.0,0.0,1.0,3.44
STU-12675,0.26151098792370814,0.9394888491179151,1.2470489870090857,0.27485524194653377,1.0544635222301855,1.6438806173226963,-1.041018701030952,0.0,0.0,0.0,0.0,0.0,6.09
STU-14338,0.26151098792370814,1.341328913221465,1.500951693507151,0.28874746501057197,1.0544635222301855,-0.38040440391597674,-0.5950548588705505,0.0,1.0,0.0,0.0,0.0,4.41
STU-11777,1.1263191267069925,0.7064891480830842,1.0354633982606976,0.7194063799957667,1.0544635222301855,0.42275321584673536,-1.367475892677782,1.0,0.0,0.0,0.0,1.0,5.34
STU-13619,-0.6032971508595764,-0.048227274834086155,0.02083669128587019,0.39988524952288024,1.0544635222301855,-0.5033366926551677,-0.9127676614554117,0.0,1.0,0.0,0.0,0.0,4.66
STU-12314,-1.0357012202512186,0.8601338784756177,0.8110842622856629,-0.4197559112553921,0.1735592482885781,-1.3064943124178798,-0.4668038192950104,1.0,0.0,0.0,1.0,0.0,4.58
STU-13242,1.3425211614028136,-0.5581251713016151,0.8268301665646137,-0.8781992723686632,-1.589685166381828,-0.16732177010137972,-0.1520058130641388,1.0,0.0,1.0,0.0,0.0,3.55
STU-10920,-0.6032971508595764,-1.1085447549056366,-0.4230009855770261,-1.1977204028415498,-1.4317398197908306,0.20967058203213837,0.6961999259468208,0.0,0.0,0.0,0.0,0.0,3.21
STU-10878,-0.8194991855553975,0.05983055752989331,0.7904177629195419,0.42766969565095664,1.0544635222301855,-1.8146144392065346,3.3894717570331667,1.0,0.0,0.0,0.0,0.0,5.45
STU-10748,0.9101170920111715,-0.75904520335339,-1.3628346472268413,0.3443163572667261,-1.4037404174406083,-0.8557425870408474,1.2062892878949922,1.0,0.0,0.0,1.0,0.0,3.57
STU-12841,-1.0357012202512186,0.8516918603221817,-0.14449530364310187,0.46934636484307257,1.0544635222301855,-1.3884491715773406,-0.041243551612535616,1.0,0.0,0.0,0.0,0.0,4.22
STU-14275,0.26151098792370814,10.967654087465242,-1.0154406340725115,-0.35029479593519974,0.5655508811916891,-2.1588248476762684,1.1275897863372746,1.0,0.0,0.0,0.0,1.0,3.28
STU-12823,-1.2519032549470397,-0.02290122037377836,0.9527974007962121,-0.6976003725361627,0.19294344991565476,0.15230218062051654,1.8213113185867875,0.0,0.0,1.0,0.0,0.0,4.55
STU-11646,-0.3870951161637552,-0.03978525668065042,1.0187333749643133,0.49713081097115025,0.969029448392328,0.2752344693597068,-0.2977456307636164,0.0,0.0,0.0,0.0,0.0,5.34
STU-12167,-0.3870951161637552,-0.048227274834086155,0.06659822559656975,-1.1421515105853957,-0.8818028402967221,0.9800462581310663,-0.9098528651014222,0.0,0.0,0.0,1.0,0.0,3.24
STU-11940,0.6939150573153504,1.1150828267093824,1.500951693507151,-0.5447859188317385,0.7672901647920085,-0.10995336868975716,-0.13743183129419084,1.0,0.0,0.0,0.0,1.0,5.29
STU-12720,-0.8194991855553975,-0.4314948990000764,0.44007139271290885,0.024795226793840854,1.0544635222301855,-0.25747211517678575,-1.2567136312261786,0.0,0.0,0.0,0.0,1.0,4.78
STU-14225,-0.17089308146793408,-1.6150658441117915,0.4725473202882426,-1.461672641058281,-1.558814030457224,0.9144823708034978,-0.05290273702849384,0.0,0.0,0.0,1.0,0.0,3.16
STU-13909,0.47771302261952925,0.5460908031678019,-0.41709627147241973,0.27485524194653377,0.4865782078961909,1.0456101454586346,-0.1549206094181283,0.0,0.0,0.0,0.0,1.0,4.01
STU-12559,0.04530895322788702,-0.6931974617565898,0.06709028510528649,0.7055141569317273,-1.4518419548115031,1.9798955398764844,-0.35021196513542824,0.0,0.0,0.0,1.0,0.0,4.2
STU-14717,-0.8194991855553975,0.05983055752989331,1.500951693507151,0.594376372419419,0.48370647432180863,1.701249018734319,0.5154825519994688,0.0,0.0,1.0,0.0,0.0,4.63
STU-13119,1.1263191267069925,-0.6138424911142921,-1.0794083702057455,-0.11412700384654506,0.867082906501775,0.5374900186699805,1.637679148285446,0.0,0.0,1.0,0.0,0.0,3.3
STU-12383,-0.3870951161637552,0.47348944704825313,0.23832699413886493,0.31653191113864965,1.0544635222301855,0.14410669470456994,1.0226571175936507,1.0,0.0,0.0,0.0,1.0,4.53
STU-10801,-0.8194991855553975,-0.6476105637280359,-1.5862296641844424,-0.3780792420632762,0.11540664340734713,1.1275650046180963,-0.16657979483408653,1.0,1.0,0.0,0.0,0.0,3.56
STU-11832,-1.0357012202512186,-1.01061734432578,0.2589934935049859,-0.7809537109203932,-1.0864138574714228,0.5047080750061963,-0.21613133285190889,0.0,0.0,1.0,0.0,0.0,3.26
STU-10929,0.26151098792370814,-0.6442337564666617,0.1300739022210843,-0.05855811159039094,0.7026761593684183,1.5045573567516137,-1.0322743119689832,0.0,0.0,0.0,0.0,1.0,3.41
STU-10070,-0.6032971508595764,0.6896051117762126,-0.30785906053720563,0.39988524952288024,0.7529314969200994,-0.24927662926083988,-1.3499871145538445,1.0,1.0,0.0,0.0,0.0,4.44
STU-11100,-0.17089308146793408,0.34854757837740163,0.8228936904948757,1.5112630946459613,-0.3483783288553091,1.0783920891224197,1.1392489717532326,1.0,1.0,0.0,0.0,0.0,5.36
STU-11505,-0.8194991855553975,0.4971270978778738,0.7451482881175605,-0.961552610752895,0.9618501144563729,1.578316729995128,-0.4318262630471358,0.0,0.0,0.0,1.0,0.0,4.8
STU-11732,-0.3870951161637552,0.1797072153086834,1.500951693507151,0.9277897259563437,1.0544635222301855,1.1685424341978257,0.4192942723178133,1.0,0.0,0.0,0.0,1.0,6.02
STU-10731,-0.8194991855553975,0.061518961160580754,0.860290213157381,1.7196464406065397,1.0544635222301855,0.9062868848875519,-1.236310056748252,1.0,1.0,0.0,0.0,0.0,5.16
STU-10917,-0.3870951161637552,-0.22044444516417866,-1.0912177984149585,0.2470707958184561,0.20155865063880038,-0.7246148123857106,-0.19864255472797143,1.0,0.0,0.0,0.0,0.0,4.83
STU-12835,-0.3870951161637552,1.2214522554426748,1.4881581462805047,0.20539412662634143,1.0544635222301855,0.9062868848875519,-0.1549206094181283,1.0,0.0,0.0,0.0,0.0,4.48
STU-11626,-0.3870951161637552,-0.7539799924613284,-1.9542901767048935,0.024795226793840854,1.0544635222301855,0.47192613134241207,-1.3995386525716667,1.0,0.0,0.0,0.0,1.0,3.75
STU-12080,1.1263191267069925,10.729459610561682,0.6506728624438624,1.441801979325769,-0.6240647519959581,0.1604976665364624,0.3930611051319074,0.0,0.0,0.0,1.0,0.0,4.41
STU-10013,1.5587231960986347,0.6389530028555971,1.0492410645047785,1.789107555926732,1.0544635222301855,1.6110986736589128,-0.28900124170164765,0.0,0.0,1.0,0.0,0.0,5.39
STU-14634,0.04530895322788702,-1.3770009321848988,0.42530960745139285,0.3304241342026879,-1.0749269231738958,-0.32303600250435416,-1.0876554426947849,0.0,0.0,0.0,1.0,0.0,3.41
STU-10900,0.6939150573153504,-0.1630387217208145,-0.09430523375394892,-1.8923315560434757,0.870672573469752,-0.43777280532759927,-0.6446063968883728,0.0,0.0,0.0,0.0,0.0,3.0
STU-10104,-0.8194991855553975,0.5511560140598634,0.800258953093885,0.9138975028923055,1.0544635222301855,1.6192941595748587,-0.9273416432253595,1.0,0.0,1.0,0.0,0.0,5.01
STU-11656,0.6939150573153504,-0.9228203555300467,1.500951693507151,0.21928634969037966,-0.8904180410198678,-0.667246410974088,-0.8865344942695057,0.0,0.0,0.0,0.0,1.0,4.4
STU-12617,-1.2519032549470397,1.0593655068967052,0.13794685436056042,1.038927510468652,1.0544635222301855,0.7915500820643075,-0.7262206948000804,0.0,0.0,0.0,0.0,0.0,5.46
STU-10581,-0.6032971508595764,0.760518064265074,1.334635579560744,0.8583286106361514,1.0544635222301855,1.7094445046502649,-0.16657979483408653,0.0,0.0,0.0,0.0,1.0,5.41
STU-13925,0.6939150573153504,0.38906926551389404,1.4861899082456351,1.789107555926732,1.0293358534543453,1.1111740327862032,2.1419389175256387,0.0,1.0,0.0,0.0,0.0,5.22
STU-13982,-0.8194991855553975,-0.048227274834086155,-0.6690307399356166,-1.1004748413932797,0.1735592482885781,-1.7490505518789663,-0.4551446338790522,0.0,0.0,0.0,1.0,0.0,3.39
STU-13515,-1.2519032549470397,0.23204772785998612,0.5030550098287081,1.0250352874046138,1.0544635222301855,-0.9704793898640918,1.2441816404968566,0.0,0.0,0.0,1.0,0.0,4.92
STU-11056,0.47771302261952925,1.0576771032660184,-0.10414642392829337,-0.6142470341519322,1.0544635222301855,-0.7164193264697647,-0.6008844515785298,1.0,0.0,0.0,0.0,1.0,4.63
STU-14073,-0.17089308146793408,1.3447057204828392,0.16845454390102446,1.1778497411090367,1.0544635222301855,3.2747823145959596,-0.5833956734545923,0.0,0.0,0.0,0.0,0.0,5.74
STU-12170,-0.6032971508595764,-0.4872122188127535,-0.0864322816144742,0.06647189598595551,-0.6018088167944993,-0.10995336868975716,0.7311774821946957,0.0,0.0,0.0,1.0,0.0,3.32
STU-12400,-1.2519032549470397,-0.6796902327110923,-0.08249580554473752,-1.0310137260730874,-0.24499592017756458,1.275083751105125,1.847544485772694,0.0,0.0,0.0,0.0,0.0,3.4
STU-12135,0.04530895322788702,0.23373613149067327,0.5266738662471322,0.7749752722519196,-0.21556065104015168,-0.5033366926551677,2.5849879633320505,0.0,0.0,1.0,0.0,0.0,4.79
STU-14811,0.47771302261952925,6.263929730779354,0.06659822559656975,0.06647189598595551,1.0544635222301855,0.3407983566872752,1.9583067472242968,0.0,0.0,0.0,1.0,0.0,5.2
STU-13625,-1.2519032549470397,0.9968945725612799,1.3966350776591085,0.4554541417790343,1.0544635222301855,0.25884349752781505,-0.33855277971947,0.0,0.0,1.0,0.0,0.0,5.31
STU-13227,0.9101170920111715,-1.648833916725535,-0.09430523375394892,-0.9893370568809715,-1.9737795319553897,-1.3310807701657181,0.11324065514891044,1.0,0.0,0.0,0.0,1.0,3.28
STU-11116,-0.17089308146793408,0.14593914269493988,0.8799725935060685,-0.5725703649598162,0.9474914465844648,-0.9540884180322,2.853149227899089,0.0,1.0,0.0,0.0,0.0,5.03
STU-12389,-0.8194991855553975,-0.5446179422561179,0.8553696180702094,-0.6420314802800086,-0.20838131710419766,0.9882417440470136,0.34642436346807454,0.0,0.0,0.0,0.0,1.0,3.73
STU-12654,1.3425211614028136,-1.3179068051108473,-0.9672188022182283,-0.364187018999238,-1.8754226570328143,0.3899712721829519,-0.5017813755428848,0.0,0.0,1.0,0.0,0.0,3.17
STU-10368,0.26151098792370814,0.24386655327479645,0.4381031546780405,0.12204078824210964,0.9568245807012052,0.8653094553078226,1.5677240357896969,0.0,0.0,0.0,1.0,0.0,3.67
STU-10226,0.6939150573153504,0.05138853937645758,-0.7310302380339824,-0.6142470341519322,0.2747878567855352,-0.4213818334957068,-1.3383279291378862,0.0,1.0,0.0,0.0,0.0,4.06
STU-10897,-0.8194991855553975,-0.048227274834086155,-1.2476927221870222,-2.5452660400532854,-0.9492885792946936,0.7997455679802542,-0.7174763057381117,0.0,0.0,0.0,0.0,0.0,3.18
STU-13862,0.47771302261952925,-0.2643429395620457,0.09070914152371067,0.03868744985787907,0.053664371558139135,0.8489184834759294,1.5298316831878325,1.0,0.0,0.0,0.0,0.0,3.7
STU-13565,1.3425211614028136,-0.6611177927735334,0.28950118304545136,1.1500652949809602,-1.139540928597486,0.7423771665686316,0.26772486191035677,1.0,1.0,0.0,0.0,0.0,3.48
STU-10843,0.47771302261952925,-0.45344414619900997,-0.569634719174747,0.3582085803307643,-0.056897371055559406,1.1029785468702573,-0.8661309197915789,0.0,0.0,0.0,0.0,1.0,4.7
STU-14184,0.47771302261952925,1.0306626451750234,1.500951693507151,1.7613231097986555,1.0544635222301855,0.02117440596537969,0.812791780106403,0.0,0.0,0.0,0.0,1.0,5.11
STU-12072,0.47771302261952925,0.17126519715524735,0.920321473220877,-0.5447859188317385,0.8835953745544705,-0.8229606433770632,-0.8224089744817357,1.0,0.0,0.0,0.0,1.0,4.76
STU-10312,1.1263191267069925,-0.8603494211946209,-0.6985543104586471,1.6779697714144237,-1.0483633876108653,-1.5195769462324769,-1.0264447192610042,1.0,0.0,0.0,0.0,1.0,4.45
STU-13470,0.26151098792370814,-0.46019776072175883,-1.304771625198215,-0.33640257287116154,0.14986744629992862,-0.08536691094191881,-0.5046961718968745,1.0,0.0,0.0,0.0,1.0,3.49
STU-11700,0.9101170920111715,1.0711843323115156,-0.5027146259892097,0.9833586182124978,0.16925164792700528,-0.44596829124354515,-0.5717364880386341,0.0,0.0,0.0,1.0,0.0,4.68
STU-11383,-0.3870951161637552,1.0543002960046441,0.9626385909705552,0.05257967292191729,0.34729912953867526,-0.839351615208955,0.43678305044175075,0.0,0.0,0.0,0.0,1.0,4.82
STU-11699,-0.8194991855553975,-0.6881322508645283,-0.11005113803289977,0.42766969565095664,0.5303721449055128,-1.8473963828703188,-0.029584366196577658,1.0,0.0,0.0,0.0,1.0,5.18
STU-12701,0.6939150573153504,-1.2385518344685498,-2.6254593465951284,-2.7953260552059787,-0.8796490401159357,-0.38040440391597674,-0.6329472114724147,0.0,0.0,1.0,0.0,0.0,2.23
STU-13874,0.04530895322788702,0.5325835741223045,-0.5883329805059996,1.3167719717494226,-0.8897001076262719,-1.2327349391743654,-0.16657979483408653,1.0,0.0,0.0,0.0,1.0,4.39
STU-10076,-0.6032971508595764,-0.4872122188127535,-1.4130247171159944,1.4556942023898072,-1.5796340988714919,0.48831710317430377,-0.7262206948000804,1.0,0.0,0.0,0.0,1.0,3.83
STU-11384,-0.3870951161637552,0.053076943007144724,-0.759569689539578,-0.7392770417282786,1.0544635222301855,-0.29025405884057,-1.2537988348721891,0.0,0.0,1.0,0.0,0.0,3.79
STU-14063,-0.8194991855553975,1.8714876532572402,1.500951693507151,0.3304241342026879,1.0544635222301855,0.816136539812146,-0.4026782995072401,0.0,1.0,0.0,0.0,0.0,5.73
STU-11657,1.5587231960986347,-0.5496831531481794,-0.855029234230711,-0.04466588852635272,-0.05905117123634582,-0.08536691094191881,-0.35604155784340724,1.0,1.0,0.0,0.0,0.0,3.61
STU-10625,-0.8194991855553975,1.8799296714106757,0.6910217421586708,1.789107555926732,1.0544635222301855,-0.8803290447886858,1.5618944430817179,0.0,0.0,1.0,0.0,0.0,5.71
STU-14876,0.04530895322788702,2.0521468417407687,1.2017795122071044,0.16371745743422553,1.0544635222301855,0.7587681384005234,-0.4668038192950104,0.0,0.0,0.0,1.0,0.0,5.75
STU-10759,0.04530895322788702,0.06996097931401649,1.0846693491324155,1.789107555926732,0.1735592482885781,-0.15093079826948724,0.8157065764603925,1.0,0.0,1.0,0.0,0.0,5.96
STU-10880,-0.3870951161637552,0.048011732115083285,0.48927734358462693,0.17760968049826376,-0.21556065104015168,0.045760863713217304,-0.5105257646048535,0.0,0.0,1.0,0.0,0.0,3.51
STU-10785,0.47771302261952925,-1.0967259294908265,-0.2419230863691032,-0.6420314802800086,-2.2286458866817713,0.25884349752781505,-0.6067140442865088,0.0,0.0,0.0,0.0,0.0,2.96
STU-12476,-0.6032971508595764,2.535030280117303,1.500951693507151,0.024795226793840854,1.0544635222301855,0.7013997369889016,0.41054988325584485,0.0,0.0,0.0,0.0,0.0,6.0
STU-12202,-0.3870951161637552,-0.048227274834086155,0.16353394881385294,-0.5864625880238544,-1.7576815804831618,0.5702719623337646,0.18902536035263873,0.0,1.0,0.0,0.0,0.0,3.23
STU-12264,-0.8194991855553975,-0.9143783373766108,1.1889859649804582,0.19150190356230198,-0.8767773065415545,0.02936989188132556,1.891266431082537,0.0,0.0,0.0,0.0,1.0,4.09
STU-13873,-0.8194991855553975,0.2894534513033503,-1.5645790458008866,0.5388074801632649,-0.30817405881396415,-1.1835620236786895,0.3318503816981268,0.0,0.0,0.0,1.0,0.0,3.76
STU-10890,0.04530895322788702,-1.6066238259583554,-1.746641064026243,-0.2669414575509692,-1.0375943867069333,1.0374146595426887,-1.3033503728900115,0.0,0.0,0.0,0.0,0.0,3.07
STU-10844,0.47771302261952925,0.36036640379221196,1.2086683453291456,-0.21137256529481507,0.2087379845747544,-0.5852915518146279,2.229382808145325,0.0,0.0,0.0,1.0,0.0,3.87
STU-10718,0.26151098792370814,-0.048227274834086155,-0.794997974167215,1.2889875256213448,0.1656619809590283,0.9636552862991745,0.448442235857709,0.0,0.0,0.0,0.0,0.0,5.14
STU-11467,0.26151098792370814,1.2906768043008494,0.9783844952495047,1.789107555926732,0.8620573727466064,0.2834299552756527,-0.16657979483408653,1.0,0.0,0.0,0.0,1.0,5.02
STU-14446,-1.2519032549470397,-0.6459221600973488,1.2440966299567826,-1.2810737412257802,-1.652863305018227,-0.38040440391597674,-0.9273416432253595,0.0,0.0,0.0,0.0,1.0,3.02
STU-13462,0.6939150573153504,1.435879516539947,1.1309229429518304,0.19150190356230198,1.0544635222301855,-0.29025405884057,-1.4520049869434788,0.0,0.0,0.0,1.0,0.0,5.35
STU-12149,-1.0357012202512186,-0.564878785824364,-0.5942376946106059,-0.2391570114228915,-0.9579037800178392,-0.9950658476119302,0.5300565337694162,1.0,0.0,0.0,0.0,1.0,3.95
STU-14246,-0.3870951161637552,-0.36227035014190223,0.4981344147415365,-0.5031092496396239,0.15848264702307324,-1.7080731222992362,-0.592140062516561,0.0,0.0,1.0,0.0,0.0,3.59
STU-13621,0.26151098792370814,-0.048227274834086155,-2.6746652974668463,-1.572810425570589,0.06658717264285656,0.6030539059975489,-0.8573865307296101,1.0,0.0,0.0,0.0,1.0,3.74
STU-12007,0.47771302261952925,0.6879167081455252,0.5611180318573358,0.5249152570992267,0.3781702654632787,0.2752344693597068,-0.19281296201999243,0.0,0.0,1.0,0.0,0.0,4.18
STU-10489,1.1263191267069925,0.3164679093943452,-0.5214128873204623,0.9138975028923055,1.0544635222301855,1.8241813074735098,-1.0555926828008997,0.0,0.0,1.0,0.0,0.0,5.2
STU-14392,-0.17089308146793408,0.2675042041044168,-0.22912953914245693,0.13593301130614785,-1.3376905452298276,1.791399363809725,1.130504582691264,0.0,0.0,0.0,1.0,0.0,5.04
STU-11313,-1.2519032549470397,0.8348078240153103,0.2944217781326229,0.21928634969037966,1.0544635222301855,-0.9213064743684158,-0.2831716489936684,0.0,0.0,0.0,0.0,0.0,5.34
STU-13717,-1.0357012202512186,0.16451158263249877,-0.22519306307272027,-0.2808336806150074,0.8003151008973984,1.1685424341978257,-1.1546957588365445,0.0,0.0,0.0,0.0,1.0,5.07
STU-11803,-0.3870951161637552,1.0407930669591463,1.500951693507151,1.789107555926732,0.1735592482885781,0.02117440596537969,0.8710877071861938,1.0,1.0,0.0,0.0,0.0,5.28
STU-12415,0.26151098792370814,-1.7991018398566943,-2.1215904096687352,-1.1699359567134722,-1.4389191537267856,1.1849334060297174,-0.6737543604282685,0.0,0.0,1.0,0.0,0.0,2.71
STU-10328,0.26151098792370814,-0.21537923427211722,-1.1886455811409598,0.024795226793840854,-0.8997511751366082,0.7587681384005234,-1.2916911874740535,0.0,0.0,1.0,0.0,0.0,2.24
STU-14359,-1.0357012202512186,-0.35551673561915337,-0.7664585226616193,-0.7253848186642391,-0.0884864403737587,-0.7573967560494947,0.8565137254162464,0.0,0.0,0.0,1.0,0.0,2.73
STU-14855,1.7749252307944559,0.34854757837740163,-0.6365548123602828,0.23317857275441786,0.11827837698172833,-0.27386308700867823,1.392836254550324,0.0,1.0,0.0,0.0,0.0,4.66
STU-14670,1.991127265490277,1.077937946834264,1.500951693507151,1.7613231097986555,1.0544635222301855,-1.9539376997776174,-0.017925180780619443,1.0,0.0,0.0,0.0,1.0,5.4
STU-14699,-0.8194991855553975,-0.6408569492052871,-0.643443645482324,-0.10023478078250683,-1.8416797875338287,-0.790178699713279,-0.7203911020921013,1.0,0.0,0.0,1.0,0.0,3.49
STU-12236,1.5587231960986347,-0.4872122188127535,1.2696837244100765,1.789107555926732,-0.4230434017892345,-0.3967953757478692,-0.9011084760394535,1.0,0.0,0.0,1.0,0.0,5.36
STU-12404,-1.2519032549470397,0.4177721272355761,-0.20157420665429468,0.13593301130614785,-0.13443417756386705,-0.17551725601732557,0.6204152207430925,1.0,0.0,0.0,0.0,1.0,4.97
STU-11409,-0.8194991855553975,-1.241928641729924,-0.820585068620509,-2.5730504861813626,-1.233590203158489,0.0539563496291639,1.771759780568965,0.0,0.0,0.0,0.0,1.0,2.91
STU-14138,0.26151098792370814,-0.4652629716138203,0.1389309733779939,0.31653191113864965,-0.22561171855048792,-0.9540884180322,0.4746754030436149,0.0,0.0,0.0,0.0,1.0,3.35
STU-10887,-0.8194991855553975,0.8567570712142434,1.500951693507151,1.400125310133653,0.7787770990895353,-0.27386308700867823,-1.2333952603942622,1.0,0.0,0.0,0.0,0.0,5.76
STU-14272,-1.0357012202512186,-0.12420543821500954,-0.8786480906491366,-1.072690395265202,0.075920306759598,0.49651258909025037,-0.8952788833314744,0.0,0.0,0.0,0.0,1.0,4.54
STU-11604,-0.17089308146793408,-1.3567400886166523,-2.7878389844717977,-1.5033493102503968,-1.9551132637219084,2.0782413708678362,0.5154825519994688,0.0,0.0,0.0,1.0,0.0,2.35
STU-11818,0.47771302261952925,-0.0971909801240146,1.01578101791201,1.539047540774039,0.6517028884231424,-1.2819078546700415,0.5825228681412281,1.0,0.0,0.0,1.0,0.0,4.48
STU-10795,2.423531334881919,0.1104826664505089,-0.26258958573522556,0.05257967292191729,-0.3433527951001405,-1.0934116786032828,-1.0060411447830773,1.0,0.0,0.0,0.0,0.0,4.84
STU-14654,-0.17089308146793408,-0.6644946000349078,1.2263824876429634,-0.711492595600201,-0.312481659175537,0.07034732146105564,2.5966471487480085,0.0,0.0,0.0,1.0,0.0,3.64
STU-10814,-0.3870951161637552,0.5258299595995559,1.500951693507151,-0.32251034980712207,1.0544635222301855,-0.27386308700867823,0.002478393697307503,0.0,0.0,0.0,0.0,1.0,4.92
STU-14118,-0.3870951161637552,-0.5412411349947434,0.4469602258349501,-0.7531692647923168,0.42411800265338706,0.15230218062051654,1.2179484733109507,0.0,1.0,0.0,0.0,0.0,3.39
STU-10735,0.9101170920111715,-1.1811461110251855,-1.0380753714735023,-0.25304923448692973,-1.8079369180348424,0.24245252569592257,-0.7466242692780072,1.0,0.0,1.0,0.0,0.0,1.68
STU-12075,0.26151098792370814,-0.546306345886805,-0.2970337513454277,0.9277897259563437,0.08597137426993424,-0.10995336868975716,-0.5863104698085818,1.0,0.0,0.0,1.0,0.0,3.93
STU-14439,0.04530895322788702,-0.48214700792069204,1.334635579560744,0.4415619187149961,0.5964220171162936,0.9390688285513369,-0.32106400159553283,0.0,1.0,0.0,0.0,0.0,4.52
STU-11624,-0.3870951161637552,-1.4057037939065808,-0.519444649285594,-0.905983718496741,-0.002334433142305435,0.9882417440470136,0.454271828565688,0.0,0.0,0.0,1.0,0.0,2.75
STU-11621,0.6939150573153504,1.4037998475568902,0.3918495608586256,-0.905983718496741,0.3695550647401331,-0.23288565742894812,3.3894717570331667,0.0,0.0,0.0,0.0,1.0,5.12
STU-11111,-1.2519032549470397,-0.019524413112404066,1.129938823934397,-0.6281392572159703,0.04289537065420709,-0.08536691094191881,0.5096529592914893,0.0,0.0,0.0,0.0,1.0,4.06
STU-11951,-0.6032971508595764,0.6963587262989612,1.500951693507151,1.789107555926732,1.0544635222301855,0.8489184834759294,-0.16657979483408653,1.0,0.0,1.0,0.0,0.0,6.22
STU-13655,-1.2519032549470397,-0.1596619144594402,0.12613742615134763,1.0667119565967296,-0.5135030093822606,-0.839351615208955,-0.16657979483408653,1.0,0.0,0.0,0.0,1.0,4.63
STU-13262,0.6939150573153504,2.381385549724769,1.500951693507151,1.191741964173076,1.0544635222301855,0.7997455679802542,-1.2217360749783042,0.0,1.0,0.0,0.0,0.0,5.91
STU-10830,0.26151098792370814,0.6001197193497918,0.7677830255185512,0.5526997032273043,0.9338507121061506,1.4144070116762075,-1.3907942635096984,0.0,0.0,0.0,1.0,0.0,4.97
STU-11109,0.6939150573153504,0.6642790573159045,0.9862574473889794,0.8166519414440355,0.4004262006647376,-0.6098780095624662,-1.2771172057041056,0.0,0.0,0.0,1.0,0.0,5.44
STU-13759,0.04530895322788702,-0.406168844539769,-1.2043914854199091,0.3721008033948038,-0.8107274343307737,0.5374900186699805,-0.7961758072958296,0.0,0.0,0.0,0.0,0.0,3.81
STU-10987,-0.6032971508595764,-0.5766976112391743,-0.3688744396181365,-1.0310137260730874,-1.165386530766922,2.0618503990359445,0.17736617493668075,1.0,0.0,0.0,0.0,1.0,4.06
STU-14264,0.26151098792370814,-0.9751608680813493,0.06659822559656975,-1.2949659642898186,-0.47976013988327487,0.3571893285191677,0.28521364003429395,0.0,0.0,0.0,0.0,1.0,3.08
STU-14129,-0.6032971508595764,-0.39603842275564577,-0.15040001774770828,0.9000052798282673,1.0544635222301855,0.685008765157009,0.8361101509383194,0.0,0.0,0.0,0.0,1.0,4.11
STU-11402,-1.2519032549470397,0.8061049622936278,-0.7349667141037189,1.3028797486853843,-0.4776063397024885,-2.1670203335922142,-1.4578345796514578,1.0,0.0,0.0,1.0,0.0,4.23
STU-10245,-0.8194991855553975,-0.2829153794996046,-0.9140763752767735,0.6360530416115349,-1.7950141169501246,0.3817757862670053,0.6320744061590504,0.0,0.0,0.0,0.0,1.0,3.65
STU-11508,0.26151098792370814,-0.0971909801240146,1.500951693507151,-0.4197559112553921,-1.0749269231738958,-0.364013432084085,-0.638776804180394,0.0,0.0,0.0,0.0,1.0,4.13
STU-13416,1.1263191267069925,-0.007705587697593743,0.20289870951122796,-1.6700559870188592,1.0401048543582763,-0.2082991996811098,1.6522531300553935,0.0,0.0,1.0,0.0,0.0,3.81
STU-14332,0.26151098792370814,1.5591329815801114,1.500951693507151,1.2195264103011525,0.7141630936659461,-0.5279231504030053,1.4336434035061771,0.0,0.0,0.0,0.0,1.0,6.0
STU-10128,0.04530895322788702,2.1348786196444403,1.500951693507151,1.789107555926732,1.0544635222301855,0.25064801161186845,0.20651413847657618,1.0,0.0,0.0,0.0,1.0,6.68
STU-14474,-0.17089308146793408,0.3789388437297708,0.09366149857601386,0.12204078824210964,-0.6333978861126995,1.479970899003776,0.8215361691683715,0.0,0.0,0.0,1.0,0.0,4.86
STU-10461,1.7749252307944559,-0.07355332929439394,0.9616544719531204,0.39988524952288024,1.0544635222301855,1.9061361666329701,1.191715306125045,0.0,0.0,0.0,0.0,0.0,5.9
STU-11957,0.26151098792370814,-0.6425453528359742,-1.7249904456426872,0.21928634969037966,-0.48765740721282475,0.48831710317430377,1.8096521331708295,1.0,0.0,0.0,0.0,1.0,3.53
STU-14422,-0.6032971508595764,-0.5125382732730612,-0.07265461537039307,-0.32251034980712207,0.2353015201377861,-0.7246148123857106,0.448442235857709,0.0,1.0,0.0,0.0,0.0,3.68
STU-10529,0.04530895322788702,-0.8687914393480568,-1.2073438424722125,-0.5031092496396239,-0.5960653496457359,-0.9213064743684158,-1.2450544458102206,1.0,0.0,1.0,0.0,0.0,3.79
STU-12546,0.26151098792370814,-1.06464626050777,-1.5478490225045023,0.691621933867689,-0.6104240175176449,-0.8967200166205775,-1.5860856192269983,1.0,0.0,0.0,1.0,0.0,4.11
STU-12360,-0.6032971508595764,-0.5260455023185587,-0.3796997488099144,-1.225504848969626,-1.753373980121589,-0.04438948136218873,-0.4085078922152193,0.0,0.0,0.0,1.0,0.0,3.04
STU-12926,0.9101170920111715,-0.048227274834086155,0.5591497938224674,0.03868744985787907,0.45570707197158633,1.24230180744134,2.885211987792974,0.0,0.0,0.0,0.0,0.0,4.36
STU-10991,-0.3870951161637552,-0.7269655343703335,1.2568901771834289,1.3723408640055768,1.0544635222301855,0.7177907088207933,1.2704148076827626,1.0,0.0,0.0,0.0,1.0,4.84
STU-11514,1.1263191267069925,-0.8552842103025593,-0.6680466209181831,0.024795226793840854,0.1735592482885781,1.0538056313745805,-0.17532418389605525,0.0,0.0,0.0,0.0,1.0,3.47
STU-13328,-0.8194991855553975,0.4599822180027557,-0.39839801014116705,0.024795226793840854,1.0544635222301855,-1.1917575095946353,0.08700748796300452,0.0,0.0,1.0,0.0,0.0,4.58
STU-13905,0.47771302261952925,0.3772504400990837,0.7638465494488145,-0.2808336806150074,1.0544635222301855,-1.3146897983338257,0.7486662603186326,1.0,1.0,0.0,0.0,0.0,4.58
STU-13550,0.9101170920111715,0.1104826664505089,1.2568901771834289,0.3582085803307643,0.3659653977721561,0.8489184834759294,1.0809530446734417,0.0,0.0,0.0,0.0,0.0,4.86
STU-14813,0.04530895322788702,0.5612864358439865,0.5512768416829913,-0.1280192269105833,-0.5429382785196735,-2.224388735003837,-0.5892252661625715,1.0,0.0,0.0,0.0,0.0,3.49
STU-14154,0.04530895322788702,-0.7928132759671336,0.3741354185448064,-0.4058636881913539,-0.7461134289071835,-0.6836373828059805,0.812791780106403,0.0,0.0,0.0,0.0,1.0,3.21
STU-11807,-0.3870951161637552,1.2450899062722955,0.5778480551537201,0.28874746501057197,0.17212338150138648,-0.2820585729246241,-0.16657979483408653,0.0,0.0,0.0,0.0,1.0,4.74
STU-10997,-1.2519032549470397,0.6946703226682738,1.500951693507151,0.8722208337001897,1.0544635222301855,-0.2984495447565166,1.5502352576657594,1.0,0.0,0.0,1.0,0.0,4.52
STU-13357,0.6939150573153504,-0.5479947495174923,-1.241788008082416,-0.6837081494721244,-0.8466241040105458,0.36538481443511356,-1.294605983828043,0.0,0.0,0.0,0.0,1.0,3.67
STU-14099,0.26151098792370814,0.17464200441662195,1.500951693507151,-0.5170014727036621,-0.09710164109690433,-0.29025405884057,-0.2452792963918043,1.0,0.0,0.0,0.0,1.0,4.69
STU-11666,1.1263191267069925,-0.012770798589655482,0.9272103063429182,-1.0449059491371255,0.2597112555200314,1.7422264483140497,-1.4578345796514578,0.0,0.0,1.0,0.0,0.0,3.94
STU-10262,-0.6032971508595764,-0.39772682638633294,0.06659822559656975,1.2195264103011525,-2.1152124104936916,-1.1098026504351746,-0.48137780106495814,1.0,0.0,0.0,0.0,0.0,3.52
STU-12692,-1.0357012202512186,-0.9008711083311133,1.0846693491324155,-0.6976003725361627,1.0336434538159172,0.7341816806526857,0.3289355853441373,0.0,0.0,0.0,0.0,1.0,4.58
STU-10033,-0.6032971508595764,1.4325027092785727,0.21569225673787423,1.4834786485178848,0.2956079251998035,-0.3476224602521925,0.0724335061930568,1.0,0.0,0.0,0.0,1.0,5.73
STU-13677,0.04530895322788702,-0.4331833026307639,-2.3026683088766573,1.094496402724806,-0.2205861847953203,1.24230180744134,-0.3298083906575013,0.0,0.0,0.0,0.0,0.0,4.57
STU-14320,-0.17089308146793408,-0.2694081504541071,-1.2457244841521526,-0.7392770417282786,0.1735592482885781,0.25064801161186845,-0.5804808771006028,0.0,0.0,0.0,0.0,0.0,3.56
STU-13917,-0.8194991855553975,-0.4770817970286306,0.8957184977850179,0.46934636484307257,-0.8818028402967221,-0.08536691094191881,-0.34729716878143874,0.0,1.0,0.0,0.0,0.0,4.0
STU-13771,-0.17089308146793408,-0.20862561974936863,-0.2645578237700939,0.41377747258691844,0.4011441340583334,-0.6754418968900346,-0.23944970368382532,0.0,0.0,0.0,1.0,0.0,3.99
STU-14543,-0.17089308146793408,0.7740252933105718,0.8927661407327148,0.024795226793840854,1.0544635222301855,0.37358030035105944,-0.513440560958843,1.0,0.0,0.0,1.0,0.0,5.18
STU-11438,0.26151098792370814,0.6980471299296481,1.0984470153764967,1.7057542175425013,1.0544635222301855,-0.5607050940667895,-0.9156824578094013,1.0,0.0,0.0,0.0,1.0,5.51
STU-10265,-0.6032971508595764,-0.9987985189109699,-1.2034073664024758,-0.16969589610269917,-2.8446327383866614,-0.33123148842030076,0.5912672572031971,1.0,0.0,0.0,1.0,0.0,3.93
STU-11295,0.9101170920111715,-0.6256613165291025,1.079748754045244,0.010903003729801398,-0.24427798678396978,0.37358030035105944,-0.32106400159553283,0.0,0.0,0.0,0.0,1.0,4.27
STU-10944,0.6939150573153504,0.36712001831496055,-1.4897860004758747,-0.864307049304625,1.0544635222301855,-0.7983741856292249,1.0576346738415252,0.0,0.0,0.0,0.0,1.0,4.14
STU-14562,0.26151098792370814,-0.7995668904898823,-1.7279428026949903,-0.5447859188317385,-1.597582433711378,-0.6180734954784121,-1.5627672483950819,0.0,0.0,0.0,1.0,0.0,3.47
STU-11233,0.04530895322788702,-0.7370959561544566,-0.9140763752767735,0.9000052798282673,-0.049718037119604375,-0.9786748757800384,1.1596525462311595,1.0,0.0,0.0,0.0,1.0,4.69
STU-14939,-1.2519032549470397,-0.1410894745218813,-0.6808401681448294,0.03868744985787907,0.23386565335059448,0.2998209271075451,0.6757963514688938,0.0,0.0,1.0,0.0,0.0,4.35
STU-11662,0.04530895322788702,0.47011263978687884,0.6988946942981455,-2.170176017324245,0.5791916156700023,1.5291438144994511,-1.1809289260224505,0.0,0.0,0.0,0.0,0.0,3.72
STU-14910,0.47771302261952925,-0.8451537885184363,0.9045755689419275,-0.2808336806150074,-0.07987123965061307,0.9226778567194451,-0.16657979483408653,1.0,0.0,0.0,0.0,0.0,4.86
STU-10161,0.04530895322788702,-1.1794577073944983,-0.4348104137862389,-1.225504848969626,-0.7834459653741462,-1.2491259110062571,-0.8107497890657774,0.0,0.0,0.0,0.0,1.0,2.78
STU-11080,0.6939150573153504,0.13412031728012955,-1.3274063625992045,0.024795226793840854,0.5490384131389936,-0.10175788277381129,1.0926122300893997,0.0,0.0,0.0,0.0,1.0,4.21
STU-11074,-1.0357012202512186,0.05983055752989331,1.3474291267873904,1.2473108564292301,0.09099690802510184,2.0946323426997293,-1.2246508713322937,0.0,0.0,0.0,0.0,0.0,4.75
STU-12243,-1.2519032549470397,0.24048974601342185,1.0748281589580726,1.789107555926732,0.8620573727466064,-0.6180734954784121,-0.9098528651014222,1.0,0.0,1.0,0.0,0.0,4.25
STU-10892,0.04530895322788702,1.0120902052374645,1.0886058252021535,-0.3919714651273156,1.0544635222301855,0.19327961020024662,-0.6679247677202893,0.0,0.0,0.0,0.0,1.0,4.99
STU-11175,0.47771302261952925,0.31309110213297064,0.6861011470714993,0.28874746501057197,-0.1911509156579064,0.15230218062051654,-0.023754773488598422,1.0,0.0,1.0,0.0,0.0,3.69
STU-12854,1.3425211614028136,0.6119385447646021,1.500951693507151,-0.0029892193342368227,-0.4546324711074338,1.1111740327862032,-0.4114226885692088,0.0,0.0,0.0,1.0,0.0,5.13
STU-13567,-1.0357012202512186,0.3401055602239656,0.01099550111152713,-0.2391570114228915,1.0544635222301855,0.10312926512483986,-0.44640024481708346,1.0,0.0,0.0,0.0,1.0,4.83
STU-14431,-0.3870951161637552,0.6203805629180379,0.08185207036680107,-1.1421515105853957,1.0544635222301855,-0.5607050940667895,0.6903703332388418,0.0,0.0,0.0,0.0,1.0,4.05
STU-13274,-0.17089308146793408,-0.12589384184569669,0.4705790822533743,-0.6281392572159703,-0.2923795241548645,1.24230180744134,-0.9419156249953071,1.0,0.0,0.0,0.0,0.0,4.39
STU-12069,-0.8194991855553975,-1.2740083107129805,-2.8951079573721437,-0.016881442398275045,-3.4505685225812144,-1.208148481426527,-0.9215120505173804,1.0,0.0,0.0,0.0,1.0,2.26
STU-14358,0.47771302261952925,-0.7911248723364463,0.6870852660889342,-0.2252647883588533,-0.6635510886437083,-0.9950658476119302,2.3109971060570325,0.0,0.0,0.0,0.0,0.0,2.87
STU-12033,0.26151098792370814,-0.6915090581259027,-1.7161333744857776,0.26096301888249557,-1.4353294867588087,-1.380253685661394,-1.3558167072618237,0.0,0.0,0.0,0.0,1.0,3.25
STU-14464,0.9101170920111715,0.015932063132026605,-0.4574451511872296,-0.3919714651273156,-0.13443417756386705,-1.0278477912757145,-0.0820507005683895,0.0,0.0,0.0,0.0,1.0,4.0
STU-13027,-0.3870951161637552,-0.11069820916951206,-2.7484742237744233,0.27485524194653377,-0.39504399943901225,-0.4705547489913835,-1.469493765067416,0.0,0.0,0.0,0.0,1.0,2.77
STU-11002,-1.0357012202512186,0.34348236748534017,0.6496887434264275,0.06647189598595551,0.2783775237535122,-0.0525849672781346,-0.6446063968883728,1.0,0.0,0.0,0.0,0.0,5.74
STU-12765,2.8559354042735614,0.5866124903042943,0.6536252194961655,0.6638374877396126,1.0544635222301855,0.685008765157009,-0.1840685729580237,1.0,0.0,0.0,1.0,0.0,5.65
STU-14936,0.47771302261952925,0.1324319136494424,-1.3766123134709225,-0.05855811159039094,0.041459503867016495,0.48012161725835795,-0.787431418233861,1.0,0.0,0.0,1.0,0.0,3.64
STU-11226,-1.2519032549470397,0.08853341925157539,-0.6178565510290301,-0.6003548110878927,0.1735592482885781,-0.0034120517824586514,-0.14909101671014907,0.0,1.0,0.0,0.0,0.0,3.51
STU-12691,-1.0357012202512186,-0.20187200522661977,-0.3550967733740554,-0.2808336806150074,-0.6018088167944993,-1.1835620236786895,0.12198504421087916,1.0,0.0,0.0,0.0,1.0,3.06
STU-14037,-1.2519032549470397,-0.4585093570910714,-1.1640426057051008,1.1639575180449984,0.1735592482885781,-0.4787502349073294,2.5791583706240715,0.0,1.0,0.0,0.0,0.0,3.52
STU-10040,1.3425211614028136,1.0526118923739567,0.6280381250428716,-0.32251034980712207,1.0544635222301855,0.5784674482497105,-1.0701666645708474,0.0,0.0,0.0,0.0,0.0,4.58
STU-12965,-0.8194991855553975,-0.048227274834086155,1.500951693507151,1.789107555926732,0.41334900174945505,-1.117998136351121,1.162567342585149,0.0,0.0,0.0,0.0,1.0,4.99
STU-11382,0.6939150573153504,-0.3656471574032765,-1.1020431076067363,-1.419995971866165,-0.8875463074454856,-1.3310807701657181,0.28521364003429395,0.0,0.0,0.0,0.0,1.0,2.5
STU-11602,-0.6032971508595764,1.1471624956924387,0.06659822559656975,0.46934636484307257,1.0544635222301855,-0.08536691094191881,-0.29191603805563715,0.0,0.0,0.0,0.0,0.0,4.74
STU-12855,0.47771302261952925,1.234959484488172,-1.7850217057061832,-0.2391570114228915,1.0544635222301855,-1.1589755659308512,-0.5309293390827805,0.0,0.0,1.0,0.0,0.0,3.86
STU-12714,-0.6032971508595764,1.0897567722490744,1.500951693507151,1.789107555926732,1.0544635222301855,0.7669636243164699,2.1273649357556907,0.0,0.0,0.0,1.0,0.0,6.31
STU-10338,-0.17089308146793408,-0.048227274834086155,1.500951693507151,1.080604179660768,1.0544635222301855,1.357038610264585,0.5446305155393643,1.0,0.0,0.0,0.0,1.0,5.87
STU-10120,-1.2519032549470397,-1.1507548456728163,0.21766049477274255,-0.6420314802800086,-1.5336863616813834,-0.3066450306724624,-0.5688216916846446,1.0,0.0,0.0,1.0,0.0,3.41
STU-11337,1.1263191267069925,-1.9020944613286124,-0.03821044976019096,-0.461432580447508,-0.646320687197417,-0.9049155025365234,-0.528014542728791,1.0,1.0,0.0,0.0,0.0,3.42
STU-14892,-1.2519032549470397,0.7976629441401918,0.32985006276025985,1.789107555926732,-0.047564236938817964,-1.7490505518789663,0.7574106493806017,0.0,1.0,0.0,0.0,0.0,4.44
STU-12500,-0.8194991855553975,-0.33694429568159445,0.5227373901773956,-0.33640257287116154,-1.9630105310514583,-0.14273531235354137,-0.26276807451574175,1.0,0.0,0.0,1.0,0.0,3.35
STU-14378,1.3425211614028136,1.2265174663347365,1.500951693507151,0.4832385879071108,1.0544635222301855,0.47192613134241207,0.38140191971594917,1.0,0.0,1.0,0.0,0.0,5.15
STU-13268,1.3425211614028136,1.2991188224542853,1.500951693507151,1.789107555926732,1.0544635222301855,0.47192613134241207,-0.7786870291718923,0.0,0.0,1.0,0.0,0.0,6.02
STU-13333,1.7749252307944559,-0.048227274834086155,-0.021480426463806643,1.1778497411090367,0.1735592482885781,-0.43777280532759927,0.6845407405308628,0.0,1.0,0.0,0.0,0.0,4.95
STU-12713,1.991127265490277,-1.0224361697405904,-0.051988116004272084,-1.1560437336494338,-0.5493996790620327,0.2670389834437609,-0.8457273453136519,0.0,0.0,0.0,1.0,0.0,2.98
STU-10307,0.04530895322788702,1.8005747007683783,1.500951693507151,1.7752153328626936,1.0544635222301855,0.9636552862991745,0.20942893483056566,0.0,0.0,0.0,0.0,1.0,5.36
STU-13185,1.3425211614028136,0.027750888546836928,-0.9622982071310567,0.16371745743422553,-0.16171564652049353,-1.6425092349716677,-0.3968487067992611,1.0,0.0,0.0,1.0,0.0,3.15
STU-12276,1.5587231960986347,0.907409180134859,1.500951693507151,1.191741964173076,1.0544635222301855,1.6438806173226963,1.2004596951870132,1.0,0.0,0.0,1.0,0.0,6.17
STU-10492,-0.17089308146793408,0.657525442793156,0.9311467824126549,-0.2252647883588533,-0.053307704087582404,-0.9540884180322,0.23857689837046134,0.0,0.0,0.0,0.0,1.0,5.01
STU-14999,-0.8194991855553975,-0.048227274834086155,-1.1886455811409598,-0.6976003725361627,-1.7390153122496799,1.0538056313745805,-0.07622110786041027,0.0,1.0,0.0,0.0,0.0,3.41
STU-12693,-0.17089308146793408,0.8348078240153103,0.27572351680137025,-0.6837081494721244,1.0544635222301855,0.816136539812146,0.8215361691683715,0.0,0.0,0.0,0.0,1.0,5.17
STU-12036,-1.2519032549470397,-0.0718649256637068,1.2273666066603983,1.789107555926732,-0.44242760341631115,0.21786606794808422,-0.9652339958272236,1.0,0.0,0.0,0.0,1.0,5.19
STU-13503,0.47771302261952925,-1.4732399391340683,0.5443880085609514,0.46934636484307257,-1.6083514346153098,0.13591120878862406,-1.5190453030852384,0.0,0.0,0.0,0.0,1.0,3.49
STU-13352,-0.3870951161637552,-0.1444662817832556,0.6565775765484687,0.9694663951484597,-0.595347416252141,0.9226778567194451,-0.5688216916846446,0.0,0.0,0.0,0.0,0.0,4.85
STU-10663,-0.6032971508595764,0.11723628097325778,-0.12481292329441436,0.385993026458842,-0.5709376808698958,-1.167171051846797,0.10741106244093146,0.0,1.0,0.0,0.0,0.0,3.39
STU-11749,1.5587231960986347,-1.5323340662081195,-2.441429090334903,-1.9756848944277061,-1.9644463978386488,0.6604223074091707,-0.8777901052075371,0.0,0.0,0.0,1.0,0.0,2.09
STU-14966,-0.17089308146793408,1.072872735942203,0.6821646710017626,1.05281973353269,1.0544635222301855,1.2504972933572858,-0.2307053146218566,1.0,0.0,0.0,1.0,0.0,6.25
STU-10118,-0.6032971508595764,0.048011732115083285,-2.2436211678305957,0.31653191113864965,-0.5422203451260776,1.357038610264585,-0.36187115055138647,1.0,0.0,0.0,0.0,0.0,4.54
STU-14459,-0.3870951161637552,0.3147795057636581,1.2067001072942773,0.4832385879071108,0.5741660819148348,-0.9950658476119302,-0.6912431385522058,0.0,0.0,1.0,0.0,0.0,3.47
STU-10654,1.5587231960986347,-0.048227274834086155,1.1309229429518304,-0.1419114499746215,-0.10571684182004895,-0.15912628418543384,-0.4988665791888953,0.0,0.0,0.0,0.0,1.0,4.66
STU-11249,-0.8194991855553975,-0.34707471746571733,1.500951693507151,0.7055141569317273,1.0544635222301855,-1.7408550659630204,-0.16657979483408653,0.0,0.0,0.0,0.0,1.0,4.79
STU-14070,0.47771302261952925,-1.4597327100885704,-1.856862393978892,-1.1838281797775103,-1.3664078809736455,-0.790178699713279,-1.469493765067416,0.0,0.0,0.0,0.0,1.0,2.17
STU-11980,0.47771302261952925,0.9867641507771564,1.0108604228248383,1.594616433030193,0.1735592482885781,0.37358030035105944,0.22108812024652388,0.0,0.0,0.0,0.0,1.0,5.27
STU-12190,-0.17089308146793408,0.880394722043864,0.3268977057079567,1.05281973353269,0.6825740243477458,-1.1589755659308512,-1.0643370718628684,0.0,1.0,0.0,0.0,0.0,5.64
STU-11154,-1.2519032549470397,0.3553011929001502,0.3455959670392107,1.05281973353269,0.043613304047802906,-1.1999529955105812,-0.9710635885352027,0.0,0.0,0.0,1.0,0.0,4.23
STU-13349,0.9101170920111715,-0.5040962551196255,-0.6355706933428479,-2.017361563619822,-0.09710164109690433,-0.08536691094191881,-0.9011084760394535,0.0,0.0,0.0,1.0,0.0,3.01
STU-13994,-1.2519032549470397,-0.750603185199954,0.12613742615134763,0.024795226793840854,-1.9012682592022503,0.521099046838088,-0.4638890229410207,1.0,0.0,0.0,0.0,1.0,3.71
STU-12162,-0.17089308146793408,-0.5125382732730612,1.4852057892282016,0.5249152570992267,-0.1574080461589207,-0.6590509250581421,-0.3123196125335641,0.0,1.0,0.0,0.0,0.0,3.37
STU-10578,-0.6032971508595764,1.3649665640510855,1.3966350776591085,1.789107555926732,1.0544635222301855,0.25884349752781505,1.197544898833024,0.0,0.0,0.0,0.0,1.0,6.0
STU-10385,1.3425211614028136,-0.024589624004465807,0.9134326400988371,-0.9198759415607791,1.0544635222301855,-0.3148405165884083,-0.3094048161795746,0.0,0.0,0.0,1.0,0.0,3.38
STU-12561,0.6939150573153504,-0.09550257649332745,0.03953495261712424,-0.016881442398275045,-0.24140625320958756,-0.12634434052164964,-0.8136645854197669,1.0,1.0,0.0,0.0,0.0,3.02
STU-10148,0.47771302261952925,0.12736670275738066,1.1368276570564368,0.3443163572667261,1.0544635222301855,1.7995948497256709,-0.3298083906575013,0.0,0.0,0.0,0.0,1.0,5.08
STU-10981,0.04530895322788702,0.39244607277526833,-0.31573201267668033,0.13593301130614785,0.6208317524985378,-1.7654415237108587,-0.5804808771006028,1.0,0.0,0.0,0.0,1.0,4.36
STU-10495,0.47771302261952925,-1.2925807506505396,-1.7456569450088082,0.024795226793840854,-0.7209857601313434,1.9143316525489158,0.7166035004247477,1.0,0.0,0.0,0.0,1.0,3.06
STU-13707,-1.2519032549470397,1.5422489452732393,1.500951693507151,0.8027597183799973,1.0544635222301855,0.33260287077132933,0.41346467960983435,0.0,0.0,0.0,0.0,1.0,5.44
STU-11987,0.47771302261952925,-0.048227274834086155,1.500951693507151,-0.9337681646248174,0.9001078426071649,0.3489938426032211,0.5854376644952181,1.0,0.0,1.0,0.0,0.0,5.21
STU-13199,1.3425211614028136,0.6355761955942227,-0.5184605302681591,0.7749752722519196,1.0544635222301855,-0.5197276644870594,0.14238861868880612,1.0,0.0,1.0,0.0,0.0,4.47
STU-11917,0.47771302261952925,-0.09381417286264,-0.25471663359575086,-0.8920914954327015,0.06945890621723878,-0.8065696715451715,-0.16657979483408653,0.0,0.0,0.0,0.0,1.0,3.82
STU-13211,-0.6032971508595764,-0.08537215470920427,0.8130525003205326,-0.8504148262405868,-0.6793456233028079,1.5127528426675596,-1.2916911874740535,0.0,0.0,0.0,0.0,0.0,3.78
STU-13432,-0.17089308146793408,0.30464908397953494,-0.07855932947499947,0.8861130567642278,0.02422910242072625,1.357038610264585,2.0690690086759,1.0,0.0,1.0,0.0,0.0,4.18
STU-14932,1.5587231960986347,0.8179237877084382,-0.026401021550978173,1.539047540774039,0.1735592482885781,0.02117440596537969,-0.05581753338248358,0.0,0.0,0.0,0.0,0.0,5.35
STU-13817,-1.0357012202512186,1.7583646100011987,1.500951693507151,0.39988524952288024,1.0544635222301855,-0.4213818334957068,0.18028097129067025,0.0,0.0,0.0,1.0,0.0,5.86
STU-11647,0.6939150573153504,-0.4770817970286306,-2.1215904096687352,-0.6837081494721244,-0.9679548475281754,-1.6425092349716677,-0.9098528651014222,0.0,1.0,0.0,0.0,0.0,2.89
STU-11685,0.26151098792370814,0.49543869424718634,-0.9002987090326925,-0.11412700384654506,0.0464850376221841,0.9144823708034978,0.8623433181242253,1.0,0.0,0.0,0.0,0.0,4.3
STU-14738,0.04530895322788702,-0.6931974617565898,-2.75437893787903,-0.669815926408085,-1.3513312797081418,0.7423771665686316,0.7253478894867161,1.0,0.0,0.0,1.0,0.0,2.68
STU-10898,-0.8194991855553975,-0.23732848147105073,-1.149280820443586,-1.114367064457318,-0.904058775498181,-2.4456668547343807,0.06077432077709859,1.0,0.0,0.0,0.0,0.0,3.44
STU-11311,-0.17089308146793408,-0.2862921867609789,-1.5015954286850874,-0.2391570114228915,-0.6829352902707849,0.02117440596537969,-1.1663549442525027,1.0,0.0,1.0,0.0,0.0,3.71
STU-14522,0.9101170920111715,0.3401055602239656,-0.13957470855593035,0.06647189598595551,-0.7798562984061692,-1.117998136351121,1.1101010082133371,1.0,0.0,0.0,0.0,0.0,4.04
STU-14136,-1.0357012202512186,-0.048227274834086155,0.06659822559656975,-0.08634255771846738,-0.7016015585042658,-1.7162686082151821,-0.09370988598434772,0.0,0.0,0.0,1.0,0.0,2.88
STU-12724,0.04530895322788702,0.3215331202864067,-0.8156644735333374,0.024795226793840854,0.5181672772143902,-0.29025405884057,0.5825228681412281,1.0,0.0,0.0,0.0,0.0,4.44
STU-14318,2.423531334881919,0.6068733338725404,-0.04313104484736249,0.49713081097115025,0.1764309818629593,-0.6836373828059805,0.4163794759638238,0.0,0.0,0.0,0.0,1.0,4.28
STU-11579,1.1263191267069925,1.2366478881188594,0.5867051263106282,0.3582085803307643,1.0544635222301855,1.4144070116762075,-1.320839151013949,0.0,0.0,1.0,0.0,0.0,5.12
STU-12406,-1.2519032549470397,0.19321444435418086,1.500951693507151,0.6499452646755731,0.8914926418840203,-1.2655168828381498,-0.8632161234375892,0.0,0.0,0.0,0.0,1.0,5.08
STU-10152,0.47771302261952925,-0.05329248572614789,1.3385720556304808,-0.7392770417282786,-0.7762666314381922,-0.06897593911002707,-0.5571625062686864,0.0,0.0,1.0,0.0,0.0,3.7
STU-14501,0.6939150573153504,0.4650474288948171,-1.5724519979403615,0.3304241342026879,-1.0900035244394009,1.1767379201137715,-0.017925180780619443,0.0,0.0,1.0,0.0,0.0,3.34
STU-14902,-0.3870951161637552,-0.14615468541394275,0.9695274240925951,1.789107555926732,0.31642799361407076,-0.7082238405538188,0.028711560883213427,0.0,0.0,1.0,0.0,0.0,4.91
STU-11555,-0.6032971508595764,-1.0578926459850213,0.7313706218734807,-0.669815926408085,-1.842397720927424,-0.37220891800003086,-0.6941579349061953,0.0,0.0,1.0,0.0,0.0,3.29
STU-13894,-1.2519032549470397,0.9462424636406643,0.7067676464376217,0.7471908261238431,0.5921144167547208,0.4473396735945737,-1.1809289260224505,0.0,0.0,0.0,1.0,0.0,5.23
STU-10325,-0.8194991855553975,-0.5547483640402409,-0.9603299690961885,0.7055141569317273,-0.11720377611757578,2.365083377925949,-1.3033503728900115,1.0,0.0,0.0,1.0,0.0,4.91
STU-11999,-0.8194991855553975,1.1978146046130542,0.28162823090597666,-0.461432580447508,1.0544635222301855,0.644031335577279,-0.061647126090462565,0.0,1.0,0.0,0.0,0.0,4.69
STU-11672,-0.17089308146793408,7.491721846143766,1.500951693507151,-0.558678141895778,-0.8344192363194232,-1.831005411038427,-0.4726334120029894,1.0,0.0,1.0,0.0,0.0,4.58
STU-14919,0.04530895322788702,0.1358087209108167,0.7461324071349953,0.9138975028923055,0.620113819104943,-1.085216192687337,-1.2771172057041056,0.0,0.0,0.0,0.0,1.0,4.76
STU-10521,-0.17089308146793408,1.8360311770128093,1.4133651009554928,1.789107555926732,1.0544635222301855,-0.7573967560494947,-0.5950548588705505,0.0,0.0,0.0,1.0,0.0,6.67
STU-13782,0.04530895322788702,-0.4635745679831331,-1.0233135862119878,-0.5447859188317385,-0.19689438280667085,-0.26566760109273235,-0.03832875525854613,1.0,0.0,1.0,0.0,0.0,3.57
STU-14046,-0.6032971508595764,-0.22719805968692755,1.500951693507151,0.024795226793840854,-0.40078746658777564,0.6686177933251173,-0.8253237708357252,1.0,0.0,0.0,1.0,0.0,3.94
STU-10877,0.47771302261952925,-0.048227274834086155,0.7697512635534195,0.3304241342026879,-0.7159602263761748,-0.5689005799827361,-0.7845166218798714,0.0,1.0,0.0,0.0,0.0,2.95
STU-14360,-0.6032971508595764,1.037416259697772,0.06659822559656975,0.17760968049826376,1.0544635222301855,0.644031335577279,-1.300435576536022,0.0,0.0,0.0,0.0,1.0,5.67
STU-12054,0.6939150573153504,0.49206188698581205,0.36232599033559504,0.03868744985787907,1.0544635222301855,1.0783920891224197,-0.7349650838620491,1.0,0.0,0.0,1.0,0.0,4.88
STU-10072,0.04530895322788702,0.49206188698581205,1.500951693507151,1.2473108564292301,1.0544635222301855,-0.6344644673103038,1.442387792568146,0.0,0.0,0.0,1.0,0.0,4.66
STU-13434,-0.17089308146793408,0.1729536007859345,0.3052470873244008,1.094496402724806,1.0544635222301855,0.7259861947367392,1.4977689232939475,0.0,0.0,0.0,0.0,1.0,5.08
STU-10514,-1.2519032549470397,0.19996805887692945,0.262929969574724,-0.16969589610269917,1.0544635222301855,2.0454594272040527,-0.2569384818077625,0.0,0.0,1.0,0.0,0.0,5.14
STU-10183,0.04530895322788702,-0.13771266726050702,-0.36690620158326814,-0.6142470341519322,0.7995971675038036,-0.7983741856292249,-0.6329472114724147,0.0,0.0,0.0,1.0,0.0,4.0
STU-12261,0.47771302261952925,-0.24239369236311217,-0.3964297721062987,0.16371745743422553,-0.2550469876879008,0.9226778567194451,-0.5192701536668223,1.0,0.0,0.0,0.0,1.0,3.85
STU-11285,-0.3870951161637552,0.5089459232926838,0.8081319052333596,0.41377747258691844,0.4449380710676553,2.029068455372161,-1.2188212786243147,0.0,0.0,0.0,0.0,1.0,5.27
STU-12850,-1.2519032549470397,-1.186211321917247,-0.30982729857207536,0.20539412662634143,0.45427120518439573,-1.298298826501934,0.2735544546183357,0.0,0.0,0.0,0.0,1.0,4.49
STU-11690,-1.0357012202512186,-0.6982626726486513,-0.6463960025346258,-0.2808336806150074,1.0544635222301855,0.4145577299307895,-0.16657979483408653,0.0,0.0,1.0,0.0,0.0,3.82
STU-14205,1.1263191267069925,-0.1191402273229478,0.06659822559656975,-0.2252647883588533,0.584217149425171,-0.8229606433770632,1.7484414097370489,0.0,0.0,0.0,0.0,1.0,3.29
STU-12458,0.04530895322788702,-0.10732140190813748,-0.3167161316941152,1.0111430643405754,1.0544635222301855,2.037263941288107,2.0166026743040875,1.0,0.0,0.0,0.0,1.0,4.83
STU-12541,1.3425211614028136,-0.6239729128984153,-1.061694227891928,0.08036411904999374,-0.8013943002140322,0.02117440596537969,-0.956489606765255,1.0,0.0,0.0,1.0,0.0,3.35
STU-10479,-1.2519032549470397,0.1543811608483756,0.248168184313208,0.5249152570992267,0.42124626907900586,-0.9786748757800384,1.3753474764263864,0.0,0.0,1.0,0.0,0.0,4.26
STU-10317,-0.6032971508595764,-0.19342998707318404,0.5670227459619421,0.6638374877396126,-0.7654976305342601,3.1682409976886605,-0.6591803786583206,1.0,0.0,0.0,1.0,0.0,4.91
STU-13323,-0.6032971508595764,-0.33525589205090733,-1.9100048209203468,0.09425634211403319,-0.37637773120553136,-1.9621331856935633,-0.7641130474019445,0.0,0.0,1.0,0.0,0.0,2.83
STU-10867,0.47771302261952925,-0.926197162791421,0.06659822559656975,-1.4061037488021269,-0.8480599707977364,-0.2820585729246241,-0.6067140442865088,0.0,0.0,0.0,1.0,0.0,1.67
STU-12029,0.26151098792370814,0.5241415559688685,1.055145778609385,1.344556417877499,1.0544635222301855,-0.9622839039481459,-0.5892252661625715,1.0,0.0,1.0,0.0,0.0,5.04
STU-14475,-0.17089308146793408,1.4054882511875777,1.500951693507151,-0.6837081494721244,1.0544635222301855,-0.24927662926083988,-0.8923640869774848,0.0,0.0,0.0,1.0,0.0,4.45
STU-10383,-0.8194991855553975,1.1910609900903055,1.4901263843153731,0.9972508412765361,1.0544635222301855,-1.896569298365995,-0.5513329135607071,0.0,0.0,0.0,0.0,1.0,5.33
STU-13616,-1.2519032549470397,-0.3892848082328969,0.18321632916254046,0.42766969565095664,0.6337545535832563,2.25854206101865,1.7192934461971534,0.0,0.0,0.0,0.0,1.0,4.96
STU-14041,-0.17089308146793408,0.7993513477708792,1.500951693507151,0.8722208337001897,0.9948750505617638,-0.5197276644870594,-0.21030174014392963,0.0,0.0,0.0,1.0,0.0,5.01
STU-11638,1.5587231960986347,0.2539969750589193,1.1289547049169621,1.6501853252863472,0.620113819104943,1.3734295820964768,-1.1080590171727116,1.0,0.0,1.0,0.0,0.0,5.46
STU-14241,1.1263191267069925,0.46673583252550427,0.7884495248846736,0.3026396880746102,0.9934391837745732,-1.503185974400585,-0.6708395640742788,0.0,0.0,1.0,0.0,0.0,4.54
STU-12638,-0.17089308146793408,-0.9700956571892878,-1.5852455451670078,-0.8504148262405868,-2.9860656169249635,-0.6754418968900346,-0.767027843755934,0.0,0.0,0.0,1.0,0.0,2.7
STU-10177,0.6939150573153504,-0.1782343543969991,1.0767963969929408,0.17760968049826376,-2.2394148875857036,1.815985821557564,-0.3268935943035118,0.0,0.0,1.0,0.0,0.0,3.8
STU-11348,-1.0357012202512186,-1.2351750272071753,1.500951693507151,-1.0310137260730874,-0.24930352053913737,0.02936989188132556,2.150683306587607,0.0,0.0,0.0,1.0,0.0,5.24
STU-10008,-0.6032971508595764,-0.24408209599379932,-0.7467761423129318,-2.628619378437517,-0.8868283740518907,0.4637306454264662,0.2269177129545031,0.0,0.0,0.0,0.0,1.0,2.65
STU-12904,0.26151098792370814,-1.2250446054230524,-1.8962271546762657,-0.2391570114228915,-1.0828241905034457,1.570121244079182,0.06368911713108807,0.0,0.0,0.0,0.0,0.0,3.26
STU-13143,-0.8194991855553975,-0.11407501643088636,-0.5312540774948068,0.6082685954834585,-0.28089258985733667,-1.6998776363832904,-0.16657979483408653,0.0,0.0,0.0,1.0,0.0,2.37
STU-10577,0.04530895322788702,0.039569713961647254,-0.07855932947499947,1.747430886734616,0.1735592482885781,-0.8557425870408474,-0.6591803786583206,1.0,0.0,0.0,1.0,0.0,4.88
STU-12951,0.6939150573153504,1.2400246953802336,1.500951693507151,1.789107555926732,1.0544635222301855,0.36538481443511356,0.22108812024652388,0.0,0.0,0.0,0.0,0.0,6.06
STU-13308,0.04530895322788702,-0.048227274834086155,0.35248480016125056,0.6082685954834585,0.9826701828706411,1.783203877893779,3.3894717570331667,0.0,0.0,1.0,0.0,0.0,5.38
STU-11460,0.26151098792370814,-0.674625021819031,-0.6336024553079797,-0.4197559112553921,0.8950823088519974,0.8817004271397143,-0.6504359895963522,0.0,0.0,0.0,0.0,1.0,3.93
STU-11855,1.3425211614028136,-0.5952700511767333,0.057249094930942025,0.2470707958184561,1.0544635222301855,0.6604223074091707,0.34933915982206426,1.0,0.0,0.0,1.0,0.0,3.76
STU-12664,-0.17089308146793408,-0.45682095346038426,-0.664110144848445,-1.2810737412257802,-1.3678437477608363,-1.4949904884846392,2.203149640959419,0.0,0.0,0.0,0.0,0.0,4.31
STU-11465,-1.0357012202512186,0.9226048128110437,0.06659822559656975,0.4832385879071108,0.2051483176067774,0.9554598003832286,0.11032585879492095,1.0,0.0,1.0,0.0,0.0,4.6
STU-14467,-0.17089308146793408,0.5832356830429201,-0.4495721990477535,-0.6003548110878927,0.5748840153084295,0.48012161725835795,-0.6475211932423623,0.0,0.0,0.0,0.0,0.0,4.74
STU-13215,-0.6032971508595764,0.9158511982882951,1.500951693507151,0.49713081097115025,0.863493239533798,1.9061361666329701,1.8300557076487565,1.0,0.0,0.0,1.0,0.0,5.66
STU-11125,-1.2519032549470397,-0.8502189994104977,-1.2526133172741938,-0.6837081494721244,0.009152501155221395,0.9554598003832286,-0.23362011097584606,1.0,0.0,0.0,0.0,0.0,3.75
STU-14377,-1.2519032549470397,-0.034720045788588685,0.6113081017464873,0.6777297108036509,1.0544635222301855,-0.5443141222348977,-0.676669156782258,0.0,1.0,0.0,0.0,0.0,4.28
STU-13970,-1.2519032549470397,0.0007364304558419882,-0.9622982071310567,-0.10023478078250683,0.3774523320696829,0.42275321584673536,-0.5804808771006028,1.0,0.0,0.0,1.0,0.0,4.27
STU-12117,0.26151098792370814,-1.8514423524079968,-1.2722956976228814,-0.5031092496396239,-1.9472159963923585,-0.4623592630754369,2.628709908641894,1.0,0.0,0.0,0.0,1.0,3.38
STU-11416,0.47771302261952925,0.7841557150946946,-1.2152167946116872,1.789107555926732,-1.8847557911495547,-1.462208544820855,0.7253478894867161,1.0,0.0,0.0,0.0,0.0,4.35
STU-13089,0.9101170920111715,-0.6611177927735334,0.06659822559656975,1.080604179660768,-1.031132986164574,-0.6098780095624662,1.1071862118593476,0.0,0.0,0.0,0.0,1.0,3.39
STU-13583,-1.2519032549470397,-0.19342998707318404,-0.037226330742756095,0.8861130567642278,1.0544635222301855,-0.0034120517824586514,-0.10828386775429542,1.0,0.0,0.0,0.0,1.0,5.55
STU-13157,-1.0357012202512186,1.0002713798226541,0.6368951961997812,0.1498252343701873,-0.09781957449049912,1.5209483285835053,-0.2423645000378148,0.0,0.0,1.0,0.0,0.0,4.56
STU-12886,-1.2519032549470397,-0.2727849577154814,0.06659822559656975,-1.2949659642898186,0.48729614128978566,0.8325275116440376,1.690145482657258,0.0,0.0,0.0,0.0,0.0,3.39
STU-11854,-1.2519032549470397,2.2091683793946766,1.500951693507151,1.789107555926732,1.0544635222301855,0.12771572287267818,-1.0002115520750983,1.0,1.0,0.0,0.0,0.0,6.07
STU-13061,-1.2519032549470397,0.09528703377432428,0.8504490229830379,1.05281973353269,0.9410300460421056,-0.7082238405538188,0.4630162176276567,1.0,0.0,0.0,0.0,1.0,5.15
STU-14276,0.47771302261952925,-0.6594293891428463,-0.6483642405694956,1.427909756261731,-0.9973901166655883,-1.003261333527876,-0.8078349927117878,1.0,1.0,0.0,0.0,0.0,3.85
STU-13734,0.04530895322788702,-0.17316914350493767,0.20289870951122796,0.3582085803307643,1.0544635222301855,1.6848580469024272,-0.05873232973647307,1.0,0.0,0.0,0.0,1.0,5.13
STU-12074,-0.17089308146793408,-0.5479947495174923,0.5217532711599607,-1.4338881949302045,-0.19833024959386145,-0.40499086166381504,1.7659301878609863,1.0,0.0,0.0,0.0,0.0,3.71
STU-11135,-0.6032971508595764,-1.4496022883044475,-1.4622306679877124,-1.2949659642898186,-1.7655788478127117,0.5866629341656564,-0.3327231870114908,1.0,0.0,1.0,0.0,0.0,2.87
STU-12919,-0.17089308146793408,-0.1782343543969991,-1.4474688827261966,-0.6559237033440468,-1.3484595461337596,0.4063622440148436,-0.8952788833314744,0.0,0.0,1.0,0.0,0.0,3.2
STU-12940,0.6939150573153504,-0.7793060469216361,0.669371123775115,-1.4061037488021269,-0.5529893460300097,0.0539563496291639,-0.16657979483408653,1.0,0.0,1.0,0.0,0.0,3.9
STU-12733,-1.2519032549470397,-0.3065530303292252,-1.1404237492866764,-0.9198759415607791,-1.092875258013782,1.2586927792732316,3.3894717570331667,0.0,0.0,0.0,0.0,0.0,3.21
STU-14363,-0.8194991855553975,2.612696847128913,1.500951693507151,0.42766969565095664,1.0544635222301855,0.20967058203213837,0.5708636827252701,0.0,0.0,0.0,1.0,0.0,5.87
STU-13748,0.47771302261952925,-0.19849519796524548,0.09169326054114553,-1.2393970720336644,-0.16602324688206632,0.17688863836835414,-0.930256439579349,0.0,0.0,1.0,0.0,0.0,3.52
STU-13310,-0.3870951161637552,-0.5682555930857383,-0.278335490014175,-0.6420314802800086,0.18289238240531852,-1.831005411038427,0.812791780106403,0.0,0.0,0.0,1.0,0.0,3.51
STU-14373,0.26151098792370814,-0.3673355610339637,-0.4525245561000567,-1.072690395265202,0.5756019487020253,1.1767379201137715,-0.1549206094181283,0.0,0.0,1.0,0.0,0.0,3.2
STU-11568,0.47771302261952925,-0.1478430890446299,-1.326422243581771,0.49713081097115025,-0.16027977973330293,-0.3476224602521925,-0.9360860322873281,1.0,0.0,1.0,0.0,0.0,4.24
STU-14903,0.04530895322788702,-0.75904520335339,0.5719433410491137,0.03868744985787907,-2.449769371909168,0.7341816806526857,0.4630162176276567,0.0,0.0,1.0,0.0,0.0,3.97
STU-14270,-0.3870951161637552,2.17708871041162,1.500951693507151,1.789107555926732,1.0544635222301855,-1.683486664551398,-0.5455033208527282,0.0,0.0,0.0,1.0,0.0,6.02
STU-13596,-0.17089308146793408,1.7060240974498964,1.2037477502419742,0.5110230340351885,1.0544635222301855,0.8571139693918767,-0.4726334120029894,0.0,0.0,0.0,0.0,1.0,5.29
STU-12239,-0.17089308146793408,-0.20018360159593263,-0.6769036920750913,0.23317857275441786,0.005562834187244388,1.0292191736267429,-1.0264447192610042,0.0,0.0,0.0,1.0,0.0,3.8
STU-14435,0.26151098792370814,-0.6239729128984153,-0.34131910712997426,-1.8784393329794362,0.1735592482885781,1.6848580469024272,0.1482182113967851,0.0,0.0,0.0,0.0,0.0,3.59
STU-14907,-1.2519032549470397,-0.26096613230067106,1.1033676104636683,0.7194063799957667,0.1735592482885781,0.644031335577279,-0.07330631150642078,0.0,0.0,1.0,0.0,0.0,4.25
STU-14417,-1.0357012202512186,0.35698959653083767,0.4302302025385658,-0.07245033465442915,0.8735443070441342,0.4473396735945737,0.04328554265316113,1.0,0.0,0.0,1.0,0.0,4.83
STU-10396,0.04530895322788702,-1.6319498804186632,0.18813692424971198,-0.8920914954327015,-1.9443442628179768,-1.470404030736801,-0.9244268468713699,1.0,0.0,0.0,1.0,0.0,2.74
STU-12100,1.5587231960986347,-0.5479947495174923,0.06659822559656975,1.427909756261731,-0.08417884001218588,-0.38040440391597674,0.14238861868880612,0.0,0.0,1.0,0.0,0.0,3.93
STU-10979,-0.17089308146793408,0.9445540600099769,-0.04116280681249416,0.691621933867689,1.0544635222301855,-1.0688252208554445,-0.21613133285190889,1.0,0.0,0.0,0.0,1.0,5.17
STU-14555,-1.0357012202512186,0.3367287529625913,0.48632498653232376,0.13593301130614785,-1.568147164573965,0.02117440596537969,1.2762444003907416,0.0,0.0,0.0,0.0,0.0,4.03
STU-13787,-0.8194991855553975,0.33504034933190413,0.1763274960405006,0.4554541417790343,-0.1789460479667848,-0.241081143344894,-0.8224089744817357,0.0,0.0,0.0,1.0,0.0,4.31
STU-11419,-1.0357012202512186,-0.5142266769037485,-1.1669949627574039,-0.9198759415607791,-1.2874352076781475,0.7669636243164699,-0.017925180780619443,0.0,0.0,0.0,0.0,1.0,3.54
STU-12969,0.6939150573153504,0.8061049622936278,1.2657472483403385,0.3721008033948038,-0.023154501556573708,1.4062115257602616,0.3318503816981268,0.0,0.0,1.0,0.0,0.0,4.13
STU-14818,0.9101170920111715,0.5376487850143659,-0.1927171354973851,-0.6837081494721244,-0.07556363928904025,1.143955976449988,-0.16657979483408653,1.0,0.0,0.0,1.0,0.0,4.63
STU-12968,0.47771302261952925,-0.41967607358526643,0.70873588447249,-1.3505348565459727,-0.30386645845239135,0.2670389834437609,0.002478393697307503,1.0,0.0,0.0,0.0,0.0,4.55
STU-11433,0.26151098792370814,-0.2981110121757892,-0.11693997115493963,0.010903003729801398,-1.7863989162269793,0.5866629341656564,-1.0177003301990355,0.0,0.0,0.0,0.0,0.0,3.04
STU-14236,-1.2519032549470397,-0.49396583333550237,-0.41709627147241973,-0.10023478078250683,-0.3505321290360945,0.2342570397799767,-0.16657979483408653,0.0,0.0,0.0,0.0,1.0,4.22
STU-11692,-0.8194991855553975,-0.4872122188127535,1.500951693507151,0.9416819490203819,-0.2162785844337475,-0.7573967560494947,-0.2802568526396789,0.0,0.0,0.0,1.0,0.0,4.22
STU-14601,-0.8194991855553975,-0.1883647761811223,0.35051656212638227,-0.4892170265755844,-0.21053511728498409,0.48831710317430377,1.7513562060910388,1.0,1.0,0.0,0.0,0.0,4.5
STU-14054,1.3425211614028136,0.5883008939349815,1.500951693507151,1.789107555926732,1.0544635222301855,1.668467075070534,-0.7641130474019445,0.0,0.0,1.0,0.0,0.0,5.97
STU-11788,-1.2519032549470397,-0.17485754713562482,0.8543854990527759,0.7471908261238431,-0.0561794376619636,-1.0606297349394986,-0.1520058130641388,0.0,1.0,0.0,0.0,0.0,3.94
STU-10743,0.04530895322788702,-0.27447336134616857,1.1486370852656496,-0.3919714651273156,1.0544635222301855,-0.15093079826948724,-0.21904612920589836,0.0,0.0,0.0,1.0,0.0,4.93
STU-12825,0.9101170920111715,-0.10225619101607604,0.3239453486556549,-0.25304923448692973,-0.2550469876879008,0.02117440596537969,-1.417027430695604,0.0,1.0,0.0,0.0,0.0,4.5
STU-10363,0.04530895322788702,-0.1951183907038712,0.1910892813020152,-2.6008349323094397,1.0544635222301855,0.24245252569592257,2.949337507580744,0.0,1.0,0.0,0.0,0.0,3.82
STU-10334,0.6939150573153504,1.4341911129092602,1.461586932809776,1.6362931022223077,1.0544635222301855,0.06215183554510977,0.8740025035401833,1.0,0.0,0.0,0.0,1.0,6.56
STU-11301,-0.17089308146793408,-0.048227274834086155,1.500951693507151,1.789107555926732,1.0544635222301855,0.4473396735945737,-1.041018701030952,1.0,0.0,1.0,0.0,0.0,5.74
STU-14393,-0.3870951161637552,-1.3499864740939038,-0.5735711952444836,-0.461432580447508,0.1735592482885781,-0.8065696715451715,-0.7145615093841222,0.0,1.0,0.0,0.0,0.0,2.3
STU-12078,-1.2519032549470397,0.8736411075211155,1.1909542030153264,0.8305441645080737,0.8764160406185154,-0.07717142502597295,1.3549439019484595,0.0,1.0,0.0,0.0,0.0,5.04
STU-14394,1.1263191267069925,-0.6864438472338412,-1.8509576798742857,-0.7531692647923168,-0.43381240269316657,1.9225271384648617,0.06077432077709859,0.0,0.0,0.0,1.0,0.0,2.99
STU-13860,0.6939150573153504,0.18646082983143197,-1.5694996408880582,-0.33640257287116154,1.0544635222301855,0.6276403637453866,-0.16657979483408653,1.0,0.0,1.0,0.0,0.0,4.28
STU-10965,-0.17089308146793408,-1.333102437787032,-1.0154406340725115,-1.0032292799450098,-2.668739056955778,-0.5115321785711135,0.7748994275045386,0.0,0.0,0.0,0.0,1.0,2.49
STU-10980,-0.3870951161637552,0.06827257568332934,0.5581656748050325,1.2612030794932685,-0.8825207736903179,0.6932042510729549,-0.11119866410828493,1.0,0.0,1.0,0.0,0.0,4.41
STU-11137,1.3425211614028136,-1.9020944613286124,-1.5134048568942988,-1.267181518161742,-2.0075224014543753,0.2342570397799767,-0.43474105940112523,0.0,0.0,1.0,0.0,0.0,1.92
STU-14632,-0.8194991855553975,-0.9160667410072979,-1.4996271906502177,-1.267181518161742,-1.9867023330401077,1.7422264483140497,1.2412668441428671,1.0,0.0,0.0,0.0,0.0,2.5
STU-13025,-1.0357012202512186,-0.5716324003471126,0.39873839398066546,0.9000052798282673,-0.6621152218565166,-1.4458175729889624,-0.3064900198255849,0.0,0.0,0.0,0.0,0.0,4.51
STU-10025,0.9101170920111715,0.5595980322132994,-0.18779654041021357,1.038927510468652,0.7443162961969548,0.6112493919134948,-0.26859766722372075,1.0,0.0,0.0,0.0,1.0,5.54
STU-14975,-0.17089308146793408,-0.4686397788751946,-1.7240063266252523,0.46934636484307257,0.6394980207320197,-1.7654415237108587,1.9174995982684429,0.0,0.0,1.0,0.0,0.0,4.13
STU-12626,-1.2519032549470397,-0.043162063942024716,-0.4377627708385421,0.5804841493553808,0.5073982763104581,0.39816675809889773,0.5941820535571866,0.0,0.0,1.0,0.0,0.0,3.95
STU-10137,-0.17089308146793408,-0.9346391809448569,0.06659822559656975,0.13593301130614785,-1.350613346314546,-1.0934116786032828,1.643508740993425,1.0,0.0,0.0,1.0,0.0,3.0
STU-10511,0.26151098792370814,-1.2841387324971036,0.024773167355608253,-1.6422715408907815,-0.5623224801467501,0.02117440596537969,0.2298325093084926,0.0,0.0,0.0,0.0,1.0,3.91
STU-10702,0.26151098792370814,-0.7421611670465181,-0.618840670046465,-0.669815926408085,-1.0318509195581698,-0.6508554391421962,3.3894717570331667,0.0,0.0,1.0,0.0,0.0,3.71
STU-12859,0.26151098792370814,-0.6408569492052871,-1.6049279255156952,0.6638374877396126,-1.691631708272381,-0.7164193264697647,0.5125677556454793,0.0,0.0,1.0,0.0,0.0,3.16
STU-13208,0.47771302261952925,-1.0967259294908265,-0.006718641202290656,1.4556942023898072,-0.6176033514535999,1.2586927792732316,-0.16657979483408653,0.0,1.0,0.0,0.0,0.0,4.07
STU-13504,-0.17089308146793408,-0.42136447721595355,0.9134326400988371,-0.669815926408085,1.0544635222301855,-0.10175788277381129,-0.28900124170164765,0.0,0.0,0.0,0.0,1.0,4.26
STU-10124,1.7749252307944559,-1.6606527421403454,-0.6109677179069889,-1.225504848969626,-0.9392375117843573,0.8571139693918767,0.2618952692023775,1.0,0.0,0.0,0.0,1.0,3.29
STU-12283,-0.3870951161637552,-0.10394459464676319,1.500951693507151,-1.1421515105853957,0.25899332212643555,-1.4949904884846392,0.7020295186547998,1.0,0.0,0.0,0.0,1.0,4.29
STU-10607,-0.6032971508595764,0.07840299746745251,-0.7389031901734571,0.7610830491878814,-1.736861512068894,-1.0606297349394986,-0.20738694378994016,0.0,0.0,0.0,0.0,1.0,4.22
STU-11614,0.04530895322788702,-0.3048646266985378,0.019852572268436723,0.4554541417790343,-0.4819139400640613,-1.9375467279457257,1.145078564461212,1.0,1.0,0.0,0.0,0.0,3.44
STU-14006,-0.6032971508595764,0.3738736328377094,1.500951693507151,0.8861130567642278,-0.1566901127653259,-0.33942697433624663,0.2269177129545031,1.0,0.0,0.0,0.0,1.0,4.13
STU-12665,0.6939150573153504,1.2569087316871057,1.334635579560744,1.7335386636705779,0.5669867479788797,1.5619257581632362,0.6087560353271345,1.0,1.0,0.0,0.0,0.0,6.04
STU-12049,0.04530895322788702,-0.5429295386254305,1.4733963610189889,0.8583286106361514,-0.10787064200083535,1.0865875750383656,-0.6446063968883728,0.0,1.0,0.0,0.0,0.0,4.82
STU-11796,-0.8194991855553975,0.7098659553444584,1.0147968988945766,0.8861130567642278,0.1735592482885781,-0.8803290447886858,0.4601014212736672,0.0,0.0,0.0,0.0,0.0,5.57
STU-11408,0.47771302261952925,0.2202289024451758,-0.5617617670352708,0.024795226793840854,0.10391970910982029,-0.9376974462003076,-0.8136645854197669,1.0,0.0,0.0,0.0,1.0,4.07
STU-11616,-0.6032971508595764,-0.05160408209546045,1.500951693507151,-0.0029892193342368227,0.48083474074742744,-0.44596829124354515,1.5764684248516652,0.0,0.0,0.0,0.0,0.0,4.11
STU-10037,-1.0357012202512186,-1.9020944613286124,-0.83436273486459,-1.1699359567134722,-2.611304385468143,-0.364013432084085,-0.16657979483408653,0.0,0.0,0.0,1.0,0.0,2.59
STU-10204,0.04530895322788702,0.6558370391624685,-1.0174088721073813,-1.3366426334819344,0.6840098911349375,0.8653094553078226,-1.3878794671557084,0.0,0.0,0.0,0.0,0.0,3.57
STU-14850,-1.2519032549470397,-1.3786893358155858,-1.563594926783452,-1.767301548467128,-1.263025472295902,-0.9786748757800384,-1.178014129668461,0.0,0.0,1.0,0.0,0.0,1.98
STU-10127,-0.6032971508595764,-1.0815302968146416,-1.081376608240614,0.26096301888249557,-1.6650681727093497,0.9718507722151204,1.0984418227973791,0.0,0.0,0.0,0.0,1.0,4.26
STU-13467,0.9101170920111715,-0.43993691715351246,-0.544047624721453,-0.5447859188317385,0.1757130484693645,0.48831710317430377,-0.5455033208527282,0.0,0.0,1.0,0.0,0.0,3.5
STU-14390,1.1263191267069925,0.9124743910269207,-0.32655732186845826,0.06647189598595551,1.0544635222301855,-1.2491259110062571,2.5849879633320505,0.0,0.0,0.0,1.0,0.0,4.81
STU-12454,-0.3870951161637552,0.22191730607586294,1.412380981938058,0.5665919262913426,-0.5149388761694512,0.21786606794808422,-0.16657979483408653,0.0,0.0,0.0,0.0,1.0,4.71
STU-13168,-1.2519032549470397,0.23035932422929897,-0.002782165132553991,-1.2393970720336644,-0.3971977996197986,1.021023687710797,-0.22196092555988786,0.0,0.0,0.0,1.0,0.0,4.02
STU-11308,0.9101170920111715,-0.7185235162168976,-0.3068749415197721,0.7610830491878814,-1.4511240214179082,0.13591120878862406,1.162567342585149,1.0,0.0,0.0,0.0,1.0,3.21
STU-11220,-1.2519032549470397,0.8111701731856896,1.250001344061389,0.5110230340351885,1.0544635222301855,-0.9295019602843617,-1.268372816642137,1.0,0.0,1.0,0.0,0.0,5.0
STU-12609,-0.17089308146793408,-0.5226686950571845,-1.4750242152143587,-2.4896971477971315,0.19222551652205894,-0.09356239685786541,-0.5425885244987387,0.0,0.0,0.0,0.0,1.0,3.36
STU-11275,-1.0357012202512186,0.34685917474671446,-1.0223294671945529,-1.2393970720336644,0.8067765014397577,1.1931288919456646,-1.0876554426947849,0.0,0.0,1.0,0.0,0.0,3.41
STU-10087,0.26151098792370814,0.26243899321235536,0.9793686142669396,1.789107555926732,0.1441239791511642,0.4063622440148436,-1.2129916859163354,1.0,0.0,0.0,0.0,0.0,5.59
STU-11909,-0.17089308146793408,-0.45682095346038426,0.10547092678522525,1.7057542175425013,-1.4044583508342041,-0.09356239685786541,-0.9856375703051504,1.0,0.0,1.0,0.0,0.0,4.42
STU-12646,1.1263191267069925,-0.22044444516417866,1.2086683453291456,-1.3227504104178962,1.0034902512849095,-1.3064943124178798,-1.4141126343416146,0.0,0.0,1.0,0.0,0.0,3.94
STU-11227,-0.17089308146793408,-0.5530599604095536,0.24226347020860162,-0.5170014727036621,-0.9313402444548075,-1.208148481426527,-0.9710635885352027,0.0,0.0,1.0,0.0,0.0,3.65
STU-11744,-0.17089308146793408,0.2489317641668579,-0.22519306307272027,0.4554541417790343,1.0544635222301855,0.3489938426032211,2.4363333492785832,1.0,0.0,0.0,0.0,1.0,4.99
STU-13966,0.6939150573153504,0.2084100770303655,1.500951693507151,0.41377747258691844,0.7026761593684183,1.4144070116762075,3.3894717570331667,0.0,0.0,0.0,0.0,1.0,6.06
STU-14821,-0.3870951161637552,-1.2250446054230524,0.12220095008160957,-1.6283793178267432,-0.8459061706169501,2.1683917159432435,0.8827468926021522,0.0,0.0,0.0,0.0,1.0,3.54
STU-10622,-0.17089308146793408,0.8567570712142434,1.500951693507151,1.3167719717494226,1.0544635222301855,0.9144823708034978,0.09866667337896273,0.0,0.0,0.0,0.0,0.0,5.66
STU-11884,-0.6032971508595764,0.13074351001875495,-0.37576327274017635,0.5249152570992267,0.11827837698172833,0.31621189893943685,-1.0847406463407954,0.0,0.0,1.0,0.0,0.0,3.95
STU-12630,-0.6032971508595764,0.9496192709020386,-0.08249580554473752,-0.8781992723686632,1.0544635222301855,-0.9868703616959843,0.05494472806911935,1.0,0.0,0.0,0.0,1.0,5.3
STU-13752,0.04530895322788702,-0.17148073987425053,-0.6660783828833133,-0.6559237033440468,-1.2242570690417478,0.06215183554510977,0.7311774821946957,0.0,0.0,0.0,0.0,1.0,3.45
STU-14263,1.3425211614028136,-1.177769303763811,0.06659822559656975,-1.2810737412257802,-0.9736983146769388,0.2998209271075451,-0.8311533635437043,0.0,0.0,0.0,1.0,0.0,2.81
STU-10857,1.5587231960986347,-0.6408569492052871,0.06807440412271995,-0.669815926408085,-0.23925245302880116,0.8735049412237684,-0.8282385671897148,0.0,0.0,0.0,0.0,1.0,3.17
STU-13978,0.9101170920111715,-0.048227274834086155,1.4852057892282016,0.6082685954834585,-0.5020160750847338,1.021023687710797,-1.1838437223764398,1.0,0.0,1.0,0.0,0.0,5.07
STU-13861,-0.17089308146793408,0.5427139959064277,-0.38954093898425746,0.9000052798282673,-0.7482672290879699,0.5047080750061963,-0.0995394786923267,0.0,0.0,0.0,1.0,0.0,3.61
STU-11459,0.04530895322788702,-0.40279203727839435,-0.06478166323091834,-0.2947259036790456,0.9223637778086238,-1.7080731222992362,0.17445137858269102,0.0,1.0,0.0,0.0,0.0,3.04
STU-12159,-0.6032971508595764,-1.9020944613286124,-1.0882654413626551,-1.225504848969626,-1.1445664623526537,-0.5689005799827361,0.5009085702295208,1.0,0.0,1.0,0.0,0.0,2.43
STU-11099,-0.17089308146793408,-1.0393202060474622,-1.4947065955630463,0.03868744985787907,-1.9701898649874128,0.7423771665686316,0.3289355853441373,0.0,0.0,1.0,0.0,0.0,2.57
STU-14130,-1.0357012202512186,-0.3740891755567123,0.6841329090366309,1.3167719717494226,-0.1466390452549897,2.2339556032708123,-0.0995394786923267,1.0,0.0,0.0,0.0,1.0,4.55
STU-10706,-0.17089308146793408,-0.6391685455745999,-0.7871250220277403,0.4554541417790343,-3.0923197591770886,-0.4787502349073294,-1.1022294244647326,1.0,0.0,0.0,1.0,0.0,3.7
STU-14578,0.6939150573153504,-1.093349122229452,-0.21732011093324416,-1.2393970720336644,0.23314771995699968,1.4963618708356679,0.25606567649439854,0.0,0.0,0.0,0.0,0.0,2.87
STU-14743,-0.17089308146793408,-0.048227274834086155,-1.0744877751185742,-0.1835881191667374,-2.5588952477356752,-0.011607537698404523,0.9905943576997654,0.0,0.0,0.0,1.0,0.0,2.77
STU-10539,-1.0357012202512186,-0.5935816475460461,0.26096173153985563,0.594376372419419,-1.201283200446694,0.11952023695673232,0.20359934212258668,0.0,0.0,0.0,0.0,1.0,4.05
STU-12497,0.9101170920111715,-0.36227035014190223,-1.5901661402541791,-0.30861812674308386,-1.4726620232257712,-0.9049155025365234,1.4773653488160206,0.0,0.0,0.0,1.0,0.0,3.4
STU-13172,0.26151098792370814,1.0391046633284595,1.1437164901784782,0.5804841493553808,1.0544635222301855,-0.15912628418543384,2.1681720847115447,1.0,0.0,0.0,1.0,0.0,5.76
STU-10162,-1.0357012202512186,0.2995838730874732,0.27572351680137025,0.7055141569317273,0.7199065608147096,0.22606155386403082,-0.44348544846309396,0.0,0.0,1.0,0.0,0.0,5.11
STU-13644,-0.17089308146793408,-0.048227274834086155,-0.20157420665429468,0.3721008033948038,0.725650027963473,0.9636552862991745,-0.3298083906575013,1.0,0.0,0.0,1.0,0.0,4.04
STU-12632,-0.17089308146793408,-0.8839870720242414,-0.6355706933428479,-0.19748034223077562,-0.49340087436158814,0.816136539812146,-1.0818258499868056,0.0,0.0,1.0,0.0,0.0,3.69
STU-10647,-0.3870951161637552,-1.6859787966006532,-2.0271149839950358,-0.9754448338169333,-2.6400217212119603,0.43094870176268196,0.19485495306061795,0.0,0.0,0.0,1.0,0.0,2.88
STU-10966,-0.8194991855553975,-0.5344875204719948,-0.24881191949114445,-0.905983718496741,0.33006872809238397,-0.29025405884057,-0.5600773026226759,0.0,0.0,0.0,0.0,1.0,3.44
STU-14172,-0.3870951161637552,0.029439292177524074,0.7254659077688743,-0.767061487856355,0.1735592482885781,0.11952023695673232,-0.6795839531362475,0.0,0.0,0.0,0.0,1.0,4.06
STU-12157,-0.17089308146793408,-0.7657988178761386,-0.5814441473839583,1.789107555926732,0.1735592482885781,0.5948584200816031,2.6374542977038624,0.0,0.0,0.0,0.0,1.0,4.73
STU-13468,0.9101170920111715,-0.7168351125862105,0.1645180678312878,0.21928634969037966,-0.2887898571868865,1.152151462365934,1.0488902847795567,0.0,1.0,0.0,0.0,0.0,4.09
STU-14863,-0.3870951161637552,-0.048227274834086155,1.0384157553130007,-0.4197559112553921,0.25683952194564913,0.11952023695673232,-0.8894492906234953,0.0,0.0,0.0,0.0,1.0,3.89
STU-12537,0.04530895322788702,0.47348944704825313,1.4891422652979383,1.7057542175425013,1.0544635222301855,-0.9376974462003076,-0.7407946765700282,1.0,0.0,0.0,0.0,1.0,5.83
STU-11576,-1.0357012202512186,-0.667871407296282,0.06659822559656975,1.3306641948134608,0.478680940566641,0.5866629341656564,0.46884581033563594,0.0,1.0,0.0,0.0,0.0,4.48
STU-13267,0.26151098792370814,-0.5496831531481794,-1.3333110767038108,1.427909756261731,0.2367373869249767,-1.6916821504673438,1.9757955253482342,1.0,0.0,0.0,0.0,0.0,4.72
STU-14215,0.47771302261952925,-0.21369083064143007,0.8760361174363318,0.3582085803307643,1.0544635222301855,-1.5851408335600452,1.3024775675766476,0.0,0.0,0.0,0.0,1.0,3.93
STU-13017,1.1263191267069925,-0.5530599604095536,-2.339080712521729,0.1081485651780714,-1.6851703077300217,1.062001117290528,-0.7582834546939654,0.0,1.0,0.0,0.0,0.0,3.25
STU-13667,0.9101170920111715,1.1387204775390032,0.6565775765484687,-0.2252647883588533,1.0544635222301855,0.48831710317430377,0.07534830254704629,0.0,0.0,0.0,1.0,0.0,4.52
STU-11207,-0.6032971508595764,-0.43824851352282534,-1.4927383575281779,0.3721008033948038,0.1103811096521785,-0.6344644673103038,-1.6035743973509353,1.0,0.0,1.0,0.0,0.0,3.09
STU-12634,-0.17089308146793408,0.44816339258794535,0.06659822559656975,-1.572810425570589,0.12473977752408755,1.5373393004153986,0.01705237546725521,0.0,0.0,0.0,0.0,1.0,3.08
STU-13026,0.26151098792370814,0.22529411333723723,-0.4790957695707855,0.6638374877396126,1.0544635222301855,-0.9049155025365234,-0.9681487921812132,0.0,0.0,0.0,0.0,0.0,3.94
STU-12898,1.7749252307944559,-0.28122697586891743,-0.293097275275691,-0.030773665462313266,-1.4044583508342041,0.004783434133487219,-0.2802568526396789,1.0,0.0,0.0,0.0,0.0,3.4
STU-12434,-1.2519032549470397,-0.4838354115513792,-1.0410277285258054,0.06647189598595551,0.35806813044260627,-1.626118263139776,-0.07913590421440002,0.0,1.0,0.0,0.0,0.0,3.53
STU-10336,-1.2519032549470397,-0.25758932503929677,0.06659822559656975,-0.2252647883588533,-1.3671258143672413,-0.02799850953029699,-1.198417704146388,0.0,1.0,0.0,0.0,0.0,3.54
STU-12920,0.9101170920111715,-1.9020944613286124,-1.4179453122031658,-2.531373816989247,-2.4720253071106266,-0.32303600250435416,-0.19281296201999243,0.0,0.0,0.0,0.0,1.0,1.29
STU-12019,1.3425211614028136,0.5427139959064277,0.5817845312234567,1.400125310133653,1.0393869209646815,1.0865875750383656,-1.0789110536328161,0.0,1.0,0.0,0.0,0.0,4.94
STU-14237,-1.2519032549470397,-0.12589384184569669,0.5906416023803663,0.2470707958184561,0.5641150144044985,-0.8639380729567933,0.6728815551149043,1.0,0.0,0.0,1.0,0.0,4.75
STU-10926,1.1263191267069925,0.9006555656121105,1.500951693507151,-0.15580367303866097,1.0544635222301855,-0.3066450306724624,-0.23944970368382532,0.0,0.0,0.0,0.0,1.0,4.37
STU-10683,0.47771302261952925,0.2675042041044168,0.24423170824347135,0.6499452646755731,0.38391373261204215,0.308016413023491,-0.19572775837398193,0.0,0.0,0.0,0.0,1.0,4.99
STU-12373,-0.17089308146793408,-1.1372476166273187,0.9901939234587175,0.6638374877396126,0.20945591796835022,-0.0607804531940812,-0.4114226885692088,1.0,1.0,0.0,0.0,0.0,4.42
STU-12766,-1.0357012202512186,0.6777862863614024,-1.407120003011388,-1.920116002171552,0.5117058766720309,-0.577096065898682,1.494854126939958,0.0,0.0,1.0,0.0,0.0,2.82
STU-11636,1.1263191267069925,-0.09381417286264,-0.7054431435806884,-1.9479004482996296,0.7952895671422308,-0.4213818334957068,-0.09370988598434772,0.0,0.0,0.0,0.0,0.0,3.56
STU-13136,-1.2519032549470397,-0.7438495706772053,0.8248619285297439,-0.7531692647923168,0.5088341430976497,-1.2409304250903113,1.7192934461971534,0.0,1.0,0.0,0.0,0.0,4.33
STU-10178,-0.3870951161637552,-0.21537923427211722,-0.11005113803289977,0.9416819490203819,-0.1480749120421803,0.9800462581310663,-0.12868744223222237,0.0,0.0,1.0,0.0,0.0,5.07
STU-14482,0.47771302261952925,1.4949736436139984,0.21273989968557103,0.7194063799957667,1.0544635222301855,-1.380253685661394,0.2735544546183357,0.0,0.0,1.0,0.0,0.0,4.33
STU-11589,-1.2519032549470397,-0.048227274834086155,1.500951693507151,-0.461432580447508,0.19007171634127254,-1.8473963828703188,-1.280032002058095,0.0,0.0,0.0,1.0,0.0,4.47
STU-11871,-1.2519032549470397,0.0007364304558419882,1.500951693507151,1.2612030794932685,0.45355327179079996,-0.14273531235354137,-0.5717364880386341,1.0,0.0,1.0,0.0,0.0,5.25
STU-10428,1.1263191267069925,-1.4344066556282629,-1.4081041220288228,-1.8367626637873216,-1.1115415262472639,0.8243320257280918,0.32602078899014786,0.0,0.0,0.0,0.0,1.0,2.04
STU-11857,-0.3870951161637552,1.278857978886039,0.06659822559656975,0.5526997032273043,1.0544635222301855,0.7341816806526857,-0.0033511990106714763,0.0,0.0,0.0,0.0,0.0,5.06
STU-12110,1.1263191267069925,-0.38421959734083544,-1.0646465849442297,-1.1699359567134722,-1.2536923381791616,-0.7000283546378723,-0.6708395640742788,0.0,0.0,0.0,0.0,1.0,2.54
STU-10567,-0.6032971508595764,-1.240240238099237,-1.5163572139466022,-0.4892170265755844,-1.4094838845893718,-1.7736370096268046,-0.009180791718650714,1.0,1.0,0.0,0.0,0.0,2.88
STU-14648,1.3425211614028136,0.94286565637929,-0.5873488614885647,0.788867495315959,0.22022491887228124,3.143654539940823,-0.6679247677202893,0.0,0.0,0.0,0.0,0.0,4.9
STU-13038,-1.2519032549470397,0.21854049881448864,0.5315944613343052,0.691621933867689,0.36381159759136966,0.48012161725835795,-0.5163553573128328,0.0,0.0,0.0,1.0,0.0,4.5
STU-12188,-0.3870951161637552,1.3210680696532187,0.403658989067837,0.024795226793840854,0.6330366201896604,-0.4131863475797609,-1.3295835400759175,1.0,0.0,0.0,0.0,1.0,5.13
STU-10871,0.9101170920111715,-0.4044804409090818,-1.5094683808245621,-0.2669414575509692,-1.4023045506534177,-0.40499086166381504,-1.0876554426947849,0.0,0.0,0.0,0.0,1.0,3.55
STU-11353,0.6939150573153504,1.3160028587611567,1.1742241797189437,1.2750953025573066,1.0544635222301855,-0.577096065898682,-0.05290273702849384,0.0,0.0,0.0,0.0,0.0,5.33
STU-10632,-1.2519032549470397,0.18308402257005768,-0.6906813583191724,-2.5452660400532854,-0.7130884928017936,-1.6097272913078835,-1.2042472968543667,0.0,0.0,0.0,1.0,0.0,3.12
STU-13960,-0.3870951161637552,0.007490044978590873,-0.29506551331055936,0.010903003729801398,1.0544635222301855,1.3488431243486392,0.06951870983906731,0.0,0.0,0.0,1.0,0.0,5.57
STU-10634,2.2073293001860983,-0.4652629716138203,0.37610365657967476,0.024795226793840854,-0.06335877159791761,0.521099046838088,0.5009085702295208,1.0,1.0,0.0,0.0,0.0,3.66
STU-12502,-1.2519032549470397,0.38906926551389404,0.6467363863741242,-0.3780792420632762,-0.011667567259045856,0.02117440596537969,0.8040473910444345,0.0,0.0,1.0,0.0,0.0,4.34
STU-10812,-0.6032971508595764,-0.9802260789734109,-1.6816892088755755,-1.517241533314435,-1.7347077118881076,1.7995948497256709,-1.1838437223764398,0.0,0.0,0.0,0.0,0.0,3.44
STU-13952,-0.3870951161637552,-1.1338708093659444,-0.18484418335791036,-0.6420314802800086,-0.9988259834527788,-0.06897593911002707,0.37848712336195967,0.0,0.0,0.0,0.0,1.0,3.81
STU-11065,0.26151098792370814,0.1695767935245602,0.6654346477053783,-1.0449059491371255,1.0544635222301855,-0.07717142502597295,-0.7582834546939654,0.0,0.0,0.0,0.0,0.0,3.96
STU-10115,0.47771302261952925,0.3789388437297708,0.5001026527764049,-0.11412700384654506,-0.6025267501880951,1.1603469482818798,1.8970960237905163,0.0,0.0,0.0,0.0,1.0,4.3
STU-14817,0.04530895322788702,-0.03978525668065042,-1.176836152931747,-2.281313801836553,0.1735592482885781,-0.7164193264697647,-1.3645610963237924,0.0,0.0,0.0,0.0,0.0,3.51
STU-13620,-1.2519032549470397,-0.6324149310518513,0.38791308478888753,-0.08634255771846738,-0.7841638987677421,0.6604223074091707,-0.26859766722372075,0.0,0.0,0.0,1.0,0.0,4.14
STU-10659,-0.17089308146793408,0.2826998367806014,-0.17303475514869898,0.9555741720844214,0.1735592482885781,-1.4130356293251782,-0.16657979483408653,0.0,0.0,0.0,1.0,0.0,4.0
STU-10030,0.26151098792370814,0.05476534663783187,0.23635875610399662,0.08036411904999374,0.5009368757680999,-0.7819832137973332,0.11032585879492095,0.0,0.0,0.0,0.0,1.0,4.47
STU-10311,-0.6032971508595764,-0.5429295386254305,1.1437164901784782,-0.6837081494721244,-0.33330172758980425,-2.3063435941632973,0.34059477076009553,0.0,0.0,0.0,0.0,1.0,4.56
STU-10422,-0.17089308146793408,0.15100435358700132,-0.05100399698683722,0.6082685954834585,0.07304857318521579,-0.7573967560494947,-0.16657979483408653,0.0,0.0,1.0,0.0,0.0,3.74
STU-12852,-0.17089308146793408,0.49037348335512493,0.06659822559656975,0.17760968049826376,1.0544635222301855,0.6030539059975489,0.5796080717872386,0.0,0.0,0.0,0.0,1.0,4.95
STU-11399,1.7749252307944559,0.1290551063880678,0.07693147527962954,1.789107555926732,-0.11863964290476739,0.3489938426032211,-1.463664172359437,1.0,0.0,0.0,0.0,1.0,5.35
STU-13182,-0.6032971508595764,1.0407930669591463,-0.699538429476082,0.594376372419419,0.009152501155221395,0.07854280737700152,-1.1605253515445235,0.0,0.0,0.0,0.0,1.0,4.73
STU-14649,0.9101170920111715,-0.06511131114095792,-1.6738162567361008,0.09425634211403319,-0.8021122336076281,0.6522268214932249,-0.6271176187644357,1.0,0.0,0.0,1.0,0.0,3.58
STU-13885,-0.8194991855553975,-0.49734264059687666,-1.3677552423140142,0.7332986030598049,1.0544635222301855,-0.04438948136218873,-0.16657979483408653,0.0,0.0,0.0,0.0,1.0,4.44
STU-10870,1.3425211614028136,0.16451158263249877,0.06659822559656975,-0.9893370568809715,-0.46181180504338887,0.521099046838088,-0.13451703494020134,0.0,1.0,0.0,0.0,0.0,3.97
STU-14840,1.5587231960986347,0.05476534663783187,-0.04313104484736249,-0.016881442398275045,0.06371543906847536,-1.8801783265341032,0.6757963514688938,0.0,0.0,0.0,1.0,0.0,4.12
STU-11651,-0.6032971508595764,-0.9549000245131031,-0.7359508331211538,-1.5589182025065509,-0.319660993111491,-0.3476224602521925,1.891266431082537,0.0,0.0,0.0,0.0,0.0,3.32
STU-14790,0.04530895322788702,-0.6391685455745999,0.06659822559656975,1.1778497411090367,-1.0146205181118786,-0.7000283546378723,0.08117789525502553,1.0,1.0,0.0,0.0,0.0,4.54
STU-10267,-1.0357012202512186,-0.44331372441488676,0.07594735626219468,-0.2669414575509692,1.0544635222301855,-1.0278477912757145,0.3347651780521163,1.0,0.0,0.0,0.0,0.0,4.55
STU-12304,-1.2519032549470397,0.14087393180287813,0.7107041225073584,1.4695864254538455,0.15489298005509625,-0.7000283546378723,0.6349892025130405,0.0,0.0,0.0,1.0,0.0,3.92
STU-12066,1.7749252307944559,0.566351646736048,1.500951693507151,0.4554541417790343,0.7299576283250458,-0.37220891800003086,-0.1724093875420655,1.0,1.0,0.0,0.0,0.0,5.03
STU-11631,0.47771302261952925,0.6558370391624685,1.500951693507151,1.094496402724806,1.0544635222301855,-1.298298826501934,1.5327464795418224,0.0,0.0,0.0,0.0,1.0,5.72
STU-10036,0.04530895322788702,-1.684290392969966,-0.6808401681448294,-0.6281392572159703,-2.4468976383347862,1.7094445046502649,0.7253478894867161,0.0,1.0,0.0,0.0,0.0,2.25
STU-12018,-1.0357012202512186,0.27763462588854,0.5876892453280631,0.3721008033948038,1.0544635222301855,0.49651258909025037,-0.16657979483408653,0.0,0.0,0.0,0.0,1.0,4.72
STU-12203,-0.17089308146793408,0.8331194203846228,1.0571140166442534,-0.33640257287116154,1.0544635222301855,0.15230218062051654,-1.6414667499527995,0.0,0.0,0.0,1.0,0.0,5.97
STU-13348,-0.3870951161637552,0.17801881167799624,1.500951693507151,1.789107555926732,0.9762087823282819,-0.6426599532262504,-0.1578354057721178,0.0,0.0,0.0,0.0,1.0,4.82
STU-11028,12.15262289619387,1.6739444284668397,1.500951693507151,0.27485524194653377,1.0544635222301855,0.7669636243164699,-0.676669156782258,0.0,0.0,1.0,0.0,0.0,5.3
STU-14319,0.04530895322788702,-1.9020944613286124,-1.7938787768630928,-2.017361563619822,-4.1010161771786855,-1.298298826501934,1.2587556222668042,0.0,0.0,0.0,0.0,0.0,1.0
STU-10919,-1.0357012202512186,-1.149066442042129,-1.4366435735344185,-0.6281392572159703,-2.2121334186290764,-0.11814885460570303,-0.1403466276481806,0.0,0.0,0.0,1.0,0.0,3.11
STU-12046,-1.2519032549470397,0.6085617375032275,0.5355309374040418,-0.11412700384654506,0.10391970910982029,-0.8147651574611173,-0.682498749490237,0.0,1.0,0.0,0.0,0.0,4.14
STU-10454,-0.6032971508595764,0.2539969750589193,-0.1405588275733652,0.7332986030598049,1.0544635222301855,-0.0607804531940812,0.6670519624069253,0.0,0.0,0.0,1.0,0.0,4.37
STU-12198,1.1263191267069925,-0.473704989767256,0.36134187131816015,-1.6283793178267432,-0.7884714991293148,-1.9129602701978874,0.6145856280351135,1.0,0.0,0.0,0.0,1.0,3.49
STU-10587,0.47771302261952925,-0.048227274834086155,-0.5076352210763811,-1.1282592875213562,-1.8754226570328143,1.365234096180531,-1.198417704146388,0.0,0.0,0.0,0.0,1.0,1.71
STU-12804,-0.8194991855553975,1.1859957791982438,0.2658823266270272,0.46934636484307257,1.0544635222301855,-0.24927662926083988,-1.4257718197575726,0.0,0.0,0.0,1.0,0.0,4.73
STU-12848,0.26151098792370814,0.9310468309644797,0.7244817887514394,1.789107555926732,0.8871850415224475,0.8243320257280918,-0.2744272599317,0.0,0.0,0.0,1.0,0.0,5.43
STU-14535,0.04530895322788702,-0.32174866300540983,1.295270818863369,-0.6420314802800086,-0.7037553586850521,-0.5279231504030053,-0.7786870291718923,0.0,0.0,1.0,0.0,0.0,3.99
STU-10693,0.6939150573153504,-1.7940366289646326,-1.1236937259902922,-0.07245033465442915,0.1735592482885781,-0.44596829124354515,-0.9535748104112654,0.0,0.0,0.0,0.0,1.0,3.48
STU-10561,-0.17089308146793408,-1.5711673497139245,-0.22814542012502206,-2.8647871705261716,0.1735592482885781,0.0539563496291639,-0.3356379833654805,0.0,0.0,0.0,0.0,1.0,2.33
STU-14691,0.47771302261952925,-0.44162532078419964,-1.9287030822515994,1.7057542175425013,0.34873499632586585,1.5045573567516137,-0.2715124635777102,0.0,1.0,0.0,0.0,0.0,5.12
STU-12522,1.7749252307944559,1.461205571000255,0.22159697084248062,-0.19748034223077562,1.0544635222301855,1.1111740327862032,-1.5715116374570504,0.0,0.0,0.0,1.0,0.0,5.0
STU-10716,-0.3870951161637552,-1.2925807506505396,0.21273989968557103,-0.5447859188317385,-0.9378016449971667,1.578316729995128,-0.4580594302330417,0.0,0.0,0.0,0.0,1.0,3.03
STU-11991,0.47771302261952925,-0.5800744185005486,-1.1827408670363533,-1.8645471099153978,-1.0375943867069333,1.0456101454586346,-1.2858615947660743,0.0,0.0,1.0,0.0,0.0,3.42
STU-11089,1.5587231960986347,0.7335036061740791,0.7461324071349953,0.3582085803307643,1.0544635222301855,-1.298298826501934,-1.1226329989426593,0.0,0.0,1.0,0.0,0.0,4.69
STU-11302,1.1263191267069925,-1.751826538197453,-1.877528893345013,-0.5447859188317385,-3.3895441841256018,-0.577096065898682,-0.6504359895963522,0.0,0.0,0.0,1.0,0.0,1.96
STU-14664,-0.17089308146793408,-1.7079280437995863,-0.0864322816144742,0.5804841493553808,-0.7439596287263971,-0.33123148842030076,-0.3035752234715954,0.0,0.0,0.0,1.0,0.0,3.77
STU-13718,-0.3870951161637552,-0.2981110121757892,1.0275904461212229,-0.7809537109203932,1.0544635222301855,-0.17551725601732557,-0.35021196513542824,1.0,0.0,0.0,0.0,1.0,4.09
STU-14512,-0.6032971508595764,1.3599013531590238,1.4645392898620793,-0.8504148262405868,1.0544635222301855,0.11952023695673232,0.4805049957515939,0.0,0.0,0.0,1.0,0.0,3.84
STU-12369,0.9101170920111715,0.1324319136494424,0.1241691881164793,-1.2393970720336644,-0.10356304163926254,0.8079410538962001,-0.23944970368382532,1.0,0.0,1.0,0.0,0.0,4.1
STU-14701,-0.8194991855553975,-0.048227274834086155,-0.8599498293178826,-0.711492595600201,0.5023727425552905,-0.29025405884057,0.22108812024652388,0.0,0.0,1.0,0.0,0.0,3.57
STU-12163,-0.8194991855553975,-0.29135739765304064,0.4056272271027067,0.13593301130614785,0.333658395060361,-0.790178699713279,1.9641363399322755,1.0,0.0,0.0,0.0,0.0,4.87
STU-12226,0.9101170920111715,0.1729536007859345,-0.7457920232954969,0.6082685954834585,0.9999005843169314,0.5456855045859264,0.2444064910784403,0.0,0.0,1.0,0.0,0.0,4.52
STU-10902,0.47771302261952925,0.09697543740501142,0.42530960745139285,0.08036411904999374,-0.8724697061799817,-0.6426599532262504,0.818621372814382,0.0,1.0,0.0,0.0,0.0,4.43
STU-14142,-1.0357012202512186,-1.4901239754409399,0.8258460475471788,-2.0451460097478984,-1.638504637146318,0.18508412428430074,0.01705237546725521,0.0,0.0,0.0,0.0,0.0,2.3
STU-12184,-0.8194991855553975,0.33166354207052984,0.6447681483392559,1.1778497411090367,0.9754908489346872,0.6358358496613331,-0.6737543604282685,1.0,0.0,0.0,1.0,0.0,5.03
STU-12982,-0.6032971508595764,1.083003157726326,-0.5755394332793519,0.3721008033948038,1.0544635222301855,0.24245252569592257,-1.105144220818722,0.0,0.0,0.0,0.0,0.0,5.63
STU-12947,-0.3870951161637552,1.3379521059600905,1.500951693507151,1.427909756261731,1.0544635222301855,-0.7000283546378723,-0.16657979483408653,0.0,0.0,0.0,1.0,0.0,6.09
STU-12650,0.9101170920111715,-0.39941523001702006,1.2057159882768425,0.8722208337001897,1.0544635222301855,-0.26566760109273235,-1.0089559411370668,0.0,0.0,0.0,0.0,0.0,5.31
STU-10579,-0.17089308146793408,-0.29979941580647634,0.6388634342346495,-0.711492595600201,0.019203568665557627,-1.1999529955105812,1.0663790629034937,0.0,0.0,0.0,0.0,1.0,4.04
STU-10207,0.26151098792370814,0.4819314652016889,-0.015575712359200248,-0.5447859188317385,1.0544635222301855,0.2014750961161925,-1.2188212786243147,0.0,0.0,1.0,0.0,0.0,4.98
STU-12732,1.3425211614028136,0.6625906536852177,0.03363023851251785,-0.9198759415607791,-0.9255967773060441,1.6848580469024272,0.002478393697307503,0.0,1.0,0.0,0.0,0.0,3.41
STU-14170,1.1263191267069925,-1.2064721654854933,-0.47319105546617907,0.3582085803307643,-0.896879441562227,1.9307226243808076,-0.6329472114724147,0.0,0.0,0.0,0.0,1.0,4.32
STU-11530,2.2073293001860983,-0.043162063942024716,0.3239453486556549,-0.2808336806150074,-2.0886488749306604,-0.0607804531940812,-0.6154584333484775,0.0,0.0,0.0,0.0,1.0,3.96
STU-13984,-1.0357012202512186,0.007490044978590873,0.06659822559656975,0.1081485651780714,-0.16530531348847052,0.9062868848875519,-0.2511088890997835,0.0,0.0,0.0,0.0,0.0,4.23
STU-12614,-1.2519032549470397,0.630510984702161,0.27867587385367343,1.191741964173076,1.0544635222301855,-0.7573967560494947,0.5154825519994688,1.0,0.0,1.0,0.0,0.0,5.32
STU-11284,-0.6032971508595764,0.18308402257005768,1.210636583364014,0.7749752722519196,0.6416518209128061,-2.068674502600862,3.3894717570331667,0.0,0.0,0.0,0.0,0.0,4.35
STU-10481,0.9101170920111715,-1.43609505925895,-1.4809289293189651,-1.1004748413932797,-1.969471931593817,-0.5689005799827361,0.43095345773377153,1.0,0.0,0.0,1.0,0.0,2.57
STU-10985,2.423531334881919,-0.5395527313640562,-1.9119730589552166,1.789107555926732,-1.2723586064126424,-1.5195769462324769,1.267500011328773,1.0,0.0,0.0,0.0,1.0,3.39
STU-14077,-0.6032971508595764,-0.5851396293926101,-0.03525809270788777,-1.308858187353858,-0.23350898588003774,0.2916254411915993,-1.198417704146388,1.0,0.0,0.0,0.0,1.0,3.41
STU-13108,0.26151098792370814,-0.7269655343703335,0.3682307044402,0.691621933867689,-1.5315325615005977,1.7668129060618873,0.7399218712566642,0.0,0.0,0.0,0.0,1.0,3.49
STU-10599,1.1263191267069925,-0.6408569492052871,-0.30392258446746895,-0.808738157048471,-1.1086697926728817,-1.5687498617281534,0.34642436346807454,1.0,0.0,0.0,0.0,0.0,3.63
STU-13774,1.1263191267069925,0.8466266494301206,-0.3915091770191272,1.789107555926732,-0.04469250336443677,0.31621189893943685,-0.8049201963577983,0.0,0.0,0.0,0.0,1.0,4.8
STU-11668,1.3425211614028136,0.4025764945593915,0.7864812868498038,1.789107555926732,0.1757130484693645,0.5948584200816031,1.4015806436122922,1.0,0.0,0.0,0.0,1.0,5.01
STU-11427,1.5587231960986347,0.38738086188320686,-0.6690307399356166,0.024795226793840854,0.9790805159026642,-0.3558179461681384,-0.9331712359333386,0.0,0.0,0.0,0.0,1.0,4.32
STU-12883,-1.2519032549470397,-0.406168844539769,-0.5076352210763811,-0.9754448338169333,-0.7597541633854967,1.1849334060297174,-0.3094048161795746,0.0,0.0,0.0,0.0,0.0,3.92
STU-13687,-1.2519032549470397,0.40088809092870437,0.06659822559656975,-1.017121503009048,0.8577497723850346,-0.790178699713279,-0.5804808771006028,0.0,0.0,1.0,0.0,0.0,3.54
STU-12456,-1.0357012202512186,1.1657349356299982,-0.7182366908073347,-0.6003548110878927,0.3645295309849655,0.5866629341656564,-0.9185972541633908,1.0,1.0,0.0,0.0,0.0,4.63
STU-12915,0.04530895322788702,0.06827257568332934,-1.2132485565768187,0.7610830491878814,0.36237573080417906,0.6030539059975489,0.8157065764603925,0.0,0.0,0.0,0.0,0.0,4.5
STU-13126,-0.8194991855553975,-0.9515232172517287,-0.17106651711382925,0.5804841493553808,0.06299750567487956,-0.37220891800003086,-0.7203911020921013,1.0,0.0,1.0,0.0,0.0,4.78
STU-11963,-0.3870951161637552,-0.7370959561544566,0.013947858163830328,0.5804841493553808,0.7715977651535814,0.7177907088207933,1.2266928623729192,1.0,1.0,0.0,0.0,0.0,4.74
STU-14568,0.04530895322788702,1.400423040295516,-0.2911290372408213,-0.711492595600201,1.0544635222301855,2.8568125328827114,0.16570698952072255,1.0,1.0,0.0,0.0,0.0,4.29
STU-11986,-0.17089308146793408,-0.4146108626932047,-1.255565674326497,-1.3644270796100109,-0.38714673210946243,-3.1586741294216862,-0.6795839531362475,0.0,0.0,0.0,0.0,1.0,2.61
STU-14018,1.3425211614028136,0.7638948715264483,1.004955708720232,0.9138975028923055,1.0544635222301855,-1.4540130589049083,-0.6358620078264041,0.0,0.0,0.0,0.0,1.0,5.63
STU-10364,-0.17089308146793408,-0.07355332929439394,0.12908978320365083,-0.4892170265755844,-0.003770299929496034,-0.18371274193327145,0.2356621020164716,0.0,0.0,1.0,0.0,0.0,4.42
STU-12571,-0.17089308146793408,-0.5361759241026819,0.2511205413655112,0.5110230340351885,1.0544635222301855,0.32440738485538345,-0.8981936796854639,0.0,0.0,0.0,1.0,0.0,5.45
STU-11129,0.47771302261952925,-0.16472712535150194,-0.44563572297801685,0.20539412662634143,-0.7346264946096567,0.6276403637453866,0.8856616889561417,0.0,0.0,0.0,0.0,0.0,3.62
STU-10281,-0.3870951161637552,-0.5496831531481794,-0.9829647064971778,-1.3366426334819344,-0.16458738009487572,-0.10995336868975716,-1.0993146281107429,0.0,0.0,0.0,1.0,0.0,2.58
STU-10609,0.26151098792370814,-0.048227274834086155,0.5926098404152347,0.8027597183799973,0.1735592482885781,0.07854280737700152,0.19485495306061795,1.0,1.0,0.0,0.0,0.0,4.6
STU-12031,0.6939150573153504,-0.7809944505523234,-0.9790282304274411,-0.1280192269105833,-0.49627260793596933,0.5620764764178188,-0.618373229702467,1.0,0.0,0.0,0.0,1.0,3.72
STU-14976,-0.17089308146793408,1.3396405095907775,1.310032604124885,0.788867495315959,0.8534421720234617,0.6358358496613331,1.468620959754052,1.0,1.0,0.0,0.0,0.0,5.34
STU-14849,-1.0357012202512186,0.3147795057636581,1.500951693507151,0.691621933867689,0.2704802564239624,0.5702719623337646,-0.6912431385522058,0.0,0.0,0.0,1.0,0.0,5.29
STU-13935,0.6939150573153504,1.8360311770128093,-0.0746228534052628,0.31653191113864965,1.0544635222301855,0.32440738485538345,1.0751234519654627,0.0,1.0,0.0,0.0,0.0,5.1
STU-14656,0.04530895322788702,-0.39435001912495865,0.7018470513504488,0.3443163572667261,0.35950399722979687,-1.0196523053597686,-0.041243551612535616,0.0,0.0,0.0,0.0,1.0,3.97
STU-11115,0.26151098792370814,-0.5581251713016151,-0.12087644722467769,-2.1840682403882843,-1.001697717027161,0.045760863713217304,-1.4782381541293848,0.0,0.0,1.0,0.0,0.0,2.79
STU-10102,0.26151098792370814,0.3704968255763351,-0.5775076713142216,0.6638374877396126,0.9130306436918834,1.4144070116762075,-0.09662468233833721,1.0,0.0,0.0,1.0,0.0,5.22
STU-14355,0.47771302261952925,0.8888367401973001,0.5768639361362852,0.8583286106361514,1.0544635222301855,-1.6179227772238294,0.8769172998941732,0.0,0.0,0.0,0.0,1.0,5.35
STU-12150,-0.6032971508595764,0.297895469456786,-0.18386006434047691,1.0667119565967296,-0.23207311909284714,-0.21649468559705567,-1.2304804640402727,0.0,0.0,0.0,1.0,0.0,4.26
STU-14644,-0.3870951161637552,0.6507718282704074,0.7116882415247933,0.21928634969037966,1.0544635222301855,-0.29025405884057,-0.7378798802160387,0.0,0.0,0.0,0.0,1.0,4.63
STU-11982,0.04530895322788702,0.630510984702161,0.3367388958823011,0.5526997032273043,1.0544635222301855,-0.8147651574611173,-0.4055930958612296,0.0,0.0,0.0,1.0,0.0,4.38
STU-10935,0.47771302261952925,0.2489317641668579,1.1033676104636683,-0.5170014727036621,-1.0368764533133374,0.03756537779727143,-0.871960512499558,1.0,0.0,0.0,0.0,1.0,4.26
STU-14807,-0.3870951161637552,-0.4720165861365689,-0.42693746164676416,-0.32251034980712207,-1.2005652670530982,-0.019803023614350393,-0.72913549115407,1.0,0.0,0.0,0.0,0.0,5.03
STU-11114,-0.8194991855553975,0.692981919037587,-1.2772162927100528,-0.767061487856355,0.3681191979529425,1.0947830609543114,-0.023754773488598422,0.0,0.0,0.0,0.0,1.0,3.48
STU-12893,-0.8194991855553975,-0.6509873709894103,-0.020496307446371778,-0.11412700384654506,0.271916123211153,0.7833545961483617,-1.1284625916506386,1.0,0.0,0.0,1.0,0.0,3.77
STU-13397,0.04530895322788702,-1.8126090689021919,0.397754274963232,-1.3227504104178962,-2.4799225744401765,-1.798223467374643,-0.7145615093841222,1.0,1.0,0.0,0.0,0.0,2.73
STU-13742,-0.6032971508595764,0.25568537868960645,1.3513656028571284,0.8861130567642278,0.9991826509233366,0.8079410538962001,-0.34729716878143874,1.0,0.0,0.0,0.0,1.0,5.05
STU-10840,0.9101170920111715,-0.9380159882062312,-1.5232460470686433,-1.211612625905588,-1.7741940485358567,-0.3885998898319226,-0.5396737281447492,0.0,0.0,0.0,0.0,0.0,3.29
STU-10367,-0.6032971508595764,-1.4766167463954425,-0.8707751385096605,-1.017121503009048,-0.9981080500591841,0.09493377920889398,-1.612318786412904,0.0,0.0,0.0,0.0,1.0,2.98
STU-14651,-1.2519032549470397,1.094821983141136,0.26194585055728914,-1.058798172201164,0.10679144268420149,0.4637306454264662,-0.032499162550567146,1.0,0.0,1.0,0.0,0.0,5.08
STU-10229,0.6939150573153504,1.1623581283686233,0.22356520887734896,-0.21137256529481507,0.25827538873283973,0.49651258909025037,0.6699667587609148,0.0,1.0,0.0,0.0,0.0,4.14
STU-11641,0.9101170920111715,1.055988699635331,0.9281944253603531,0.385993026458842,0.2841209909022756,-0.536118636318952,-0.16657979483408653,0.0,0.0,0.0,1.0,0.0,4.92
STU-14956,-0.6032971508595764,-0.5260455023185587,-1.56753140285319,0.2470707958184561,0.4449380710676553,-0.4951412067392211,-0.9477452177032862,1.0,0.0,1.0,0.0,0.0,3.41
STU-11290,-1.0357012202512186,0.7858441187253821,1.500951693507151,1.0667119565967296,0.6150882853497744,1.143955976449988,2.864808413315047,0.0,1.0,0.0,0.0,0.0,4.99
STU-13155,0.04530895322788702,1.0070249943454028,1.4596186947749077,1.789107555926732,0.20443038421318158,0.5948584200816031,0.6787111478228833,1.0,1.0,0.0,0.0,0.0,5.6
STU-10016,0.6939150573153504,0.3114026985022835,0.9331150204475246,1.3028797486853843,1.0544635222301855,0.7997455679802542,-0.16657979483408653,1.0,0.0,0.0,0.0,0.0,5.4
STU-14060,0.26151098792370814,-0.027966431265840096,-0.699538429476082,1.789107555926732,0.663907756114265,-1.2737123687540957,-0.5804808771006028,0.0,0.0,0.0,0.0,0.0,5.15
STU-13344,-0.3870951161637552,1.010401801606777,1.0915581822544569,-0.0029892193342368227,1.0544635222301855,0.09493377920889398,-1.151780962482555,0.0,0.0,1.0,0.0,0.0,5.57
STU-12903,0.04530895322788702,1.0239090306522742,1.2126048213988823,1.789107555926732,1.0544635222301855,0.5292945327540346,-0.017925180780619443,0.0,0.0,0.0,1.0,0.0,5.7
STU-11393,-1.0357012202512186,0.45154019984931965,-0.8225533066553773,0.17760968049826376,0.7155989604531368,0.2342570397799767,1.2849887894527101,1.0,0.0,0.0,1.0,0.0,4.27
STU-12849,-0.3870951161637552,0.5342719777529916,-0.061829306178615144,-0.35029479593519974,1.0544635222301855,0.3489938426032211,2.4421629419865623,0.0,0.0,0.0,0.0,1.0,3.88
STU-10387,-0.17089308146793408,1.0154670124988388,-0.5017305069717748,0.3582085803307643,0.7902640333870622,-0.4951412067392211,1.171311731647118,0.0,0.0,1.0,0.0,0.0,5.2
STU-13361,1.3425211614028136,-0.09887938375470175,1.4606028137923426,-0.5031092496396239,0.022075302239939844,0.3571893285191677,1.2150336769569607,0.0,0.0,0.0,0.0,0.0,4.86
STU-13209,0.04530895322788702,-0.44162532078419964,-1.7909264198107897,0.024795226793840854,0.12617564431127815,-0.2984495447565166,-0.16657979483408653,0.0,0.0,1.0,0.0,0.0,3.45
STU-13895,0.47771302261952925,-0.2981110121757892,-0.38560446291452083,0.21928634969037966,-1.1431305955654631,0.5047080750061963,-0.9360860322873281,1.0,0.0,0.0,1.0,0.0,3.71
STU-10279,0.6939150573153504,0.05814215389920616,1.500951693507151,-0.11412700384654506,0.9395941792549151,-1.3720581997454482,-0.4026782995072401,1.0,0.0,0.0,1.0,0.0,4.99
STU-13595,-0.17089308146793408,0.2826998367806014,0.06659822559656975,-0.19748034223077562,-0.00807790029106885,-0.7000283546378723,-0.7203911020921013,0.0,0.0,0.0,0.0,1.0,3.45
STU-10372,1.3425211614028136,-1.4732399391340683,-0.4564610321697947,-0.21137256529481507,-1.201283200446694,-0.3066450306724624,-1.2771172057041056,0.0,0.0,0.0,1.0,0.0,1.61
STU-13851,0.47771302261952925,-0.7067046908020873,1.059082254679123,-0.8781992723686632,-0.23422691927363354,0.930873342635391,-0.7757722328179028,0.0,1.0,0.0,0.0,0.0,3.87
STU-13641,-0.3870951161637552,0.09022182288226284,-2.360731330905285,-1.3505348565459727,-1.5157380268414975,-0.7246148123857106,0.4775901993976044,0.0,0.0,0.0,0.0,1.0,3.05
STU-10477,-0.3870951161637552,1.7195313264953935,0.06659822559656975,0.024795226793840854,1.0544635222301855,-1.0606297349394986,-0.6504359895963522,0.0,1.0,0.0,0.0,0.0,4.9
STU-11865,-0.3870951161637552,1.537183734381178,1.500951693507151,1.7335386636705779,0.994157117168168,1.807790335641618,-0.5571625062686864,0.0,1.0,0.0,0.0,0.0,6.35
STU-10621,0.47771302261952925,-0.8839870720242414,-1.3451205049130237,-0.669815926408085,-0.00807790029106885,-0.6754418968900346,1.1596525462311595,0.0,0.0,1.0,0.0,0.0,2.47
STU-14890,-0.3870951161637552,0.39751128366732974,-0.22224070602041707,0.5110230340351885,-0.18109984814757019,-0.40499086166381504,-1.1634401478985132,0.0,0.0,0.0,0.0,0.0,4.5
STU-11029,1.1263191267069925,0.21516369155311407,0.06659822559656975,0.594376372419419,-0.1559721793717301,-1.380253685661394,0.23857689837046134,0.0,0.0,0.0,0.0,1.0,5.41
STU-13624,-0.6032971508595764,0.6760978827307149,1.500951693507151,1.6501853252863472,1.0544635222301855,-1.470404030736801,-0.7233058984460908,1.0,0.0,1.0,0.0,0.0,4.82
STU-14300,-0.6032971508595764,0.22867092059861152,1.3287308654561376,1.094496402724806,0.747188029771336,1.815985821557564,-0.592140062516561,1.0,0.0,1.0,0.0,0.0,5.2
STU-13413,0.9101170920111715,-1.7197468692143967,-2.4040325676723966,-2.267421578772515,-1.8711150566712416,1.1685424341978257,0.08409269160901502,0.0,0.0,1.0,0.0,0.0,1.84
STU-11874,0.04530895322788702,0.6051849302418533,0.13499449730825722,0.594376372419419,-0.06407670499151343,1.7422264483140497,-1.1401217770665968,0.0,0.0,1.0,0.0,0.0,3.55
STU-13628,-0.8194991855553975,-0.6357917383132257,-1.3096922202853867,-0.2947259036790456,0.1735592482885781,-1.2655168828381498,-1.449090190589489,0.0,0.0,0.0,0.0,1.0,3.72
STU-12155,-1.0357012202512186,0.6541486355317817,1.447809266565695,0.6221608185474967,1.0544635222301855,0.5702719623337646,2.966826285704682,1.0,0.0,0.0,0.0,1.0,5.52
STU-11001,-0.3870951161637552,-0.287980590391666,0.1645180678312878,-0.15580367303866097,-0.16817704706285275,1.3488431243486392,0.20942893483056566,1.0,1.0,0.0,0.0,0.0,5.29
STU-13123,0.6939150573153504,-0.11407501643088636,-1.3805487895406605,0.31653191113864965,-0.751856896055947,-1.6670956927195062,0.05494472806911935,0.0,0.0,0.0,0.0,1.0,3.61
STU-13081,-0.3870951161637552,-0.6425453528359742,-0.7536649754349717,-1.9895771174917445,-1.6650681727093497,-0.6426599532262504,0.25606567649439854,0.0,0.0,0.0,0.0,1.0,2.9
STU-12382,0.26151098792370814,-0.5125382732730612,-1.4573100729005408,-1.058798172201164,-0.7604720967790926,0.5866629341656564,-1.521960099439228,0.0,0.0,0.0,0.0,1.0,3.34
STU-10595,-0.3870951161637552,1.1657349356299982,-0.9367111126777629,-0.030773665462313266,1.0544635222301855,0.11132475104078572,0.17445137858269102,1.0,0.0,0.0,0.0,0.0,5.28
STU-13243,0.47771302261952925,-1.4715515355033808,-0.2842402041187814,-1.072690395265202,-1.2680510060510697,-1.298298826501934,-0.3298083906575013,0.0,0.0,0.0,1.0,0.0,3.43
STU-12573,-0.17089308146793408,-0.370712368295338,0.4617220110964647,-0.0029892193342368227,-0.20407371674262487,-0.1345398264375955,2.144853713879628,0.0,0.0,0.0,0.0,1.0,4.34
STU-10100,-0.8194991855553975,-0.8046321013819439,-0.409223319332945,-1.8506548868513597,-0.31176372578194117,2.455233723001355,-0.6737543604282685,0.0,0.0,0.0,1.0,0.0,3.17
STU-13288,-1.2519032549470397,0.06996097931401649,1.3188896752817947,-0.0029892193342368227,0.5633970810109027,0.25884349752781505,-0.6679247677202893,0.0,0.0,0.0,1.0,0.0,4.63
STU-14269,2.8559354042735614,0.7470108352195768,1.0325110412083942,1.6501853252863472,1.0544635222301855,-0.03619399544624286,-0.5367589317907595,1.0,0.0,1.0,0.0,0.0,5.18
STU-13338,0.04530895322788702,-0.38421959734083544,0.3328024198125631,0.20539412662634143,0.3939648001223784,-0.9950658476119302,-1.0993146281107429,0.0,0.0,0.0,1.0,0.0,4.18
STU-12648,0.26151098792370814,0.18308402257005768,0.050360261808902164,1.344556417877499,-0.3648907969080035,1.275083751105125,-0.12868744223222237,1.0,0.0,1.0,0.0,0.0,4.92
STU-12539,0.9101170920111715,-0.25758932503929677,0.24226347020860162,0.8305441645080737,-0.5443741453068641,-0.8967200166205775,-1.5307044885011967,0.0,0.0,1.0,0.0,0.0,4.64
STU-13922,1.3425211614028136,0.6963587262989612,0.9734639001623331,1.789107555926732,1.0544635222301855,-1.0114568194438227,-0.009180791718650714,0.0,0.0,0.0,1.0,0.0,5.76
STU-11019,-1.0357012202512186,1.1522277065845004,0.06659822559656975,0.5804841493553808,0.859903572565821,0.19327961020024662,-0.29483083440962665,1.0,0.0,0.0,0.0,1.0,4.79
STU-14454,-1.2519032549470397,-0.00432878043621945,-0.5460158627563213,0.27485524194653377,0.48873200807697725,-0.42957731941165267,-1.0089559411370668,1.0,0.0,1.0,0.0,0.0,4.19
STU-12473,0.9101170920111715,-0.37577757918739974,0.5916257213978012,-0.43364813431943033,-0.04900010372600958,-0.26566760109273235,-0.16657979483408653,0.0,0.0,1.0,0.0,0.0,3.88
STU-10799,-0.17089308146793408,0.6237573701794125,-0.44465160396058195,-0.7392770417282786,1.0544635222301855,-0.18371274193327145,0.20651413847657618,0.0,0.0,0.0,0.0,0.0,4.25
STU-10602,0.04530895322788702,-0.2896689940223532,-1.0479165616478467,-1.1421515105853957,1.0544635222301855,0.9800462581310663,1.1683969352931285,0.0,0.0,0.0,0.0,1.0,3.27
STU-12414,-0.3870951161637552,-0.048227274834086155,0.44892846386981844,-0.9198759415607791,1.0544635222301855,0.10312926512483986,-0.554247709914697,0.0,0.0,0.0,1.0,0.0,4.2
STU-13853,0.04530895322788702,0.6642790573159045,0.31607239651617874,-1.419995971866165,0.45211740500360936,0.7341816806526857,-0.5250997463748013,0.0,0.0,0.0,1.0,0.0,3.4
STU-14534,-1.0357012202512186,-0.6037120693301693,-0.3796997488099144,0.024795226793840854,-1.4216887522804944,2.1438052581954046,2.2643603643932,0.0,1.0,0.0,0.0,0.0,2.36
STU-12762,0.6939150573153504,-0.35045152472709196,0.4823885104625871,-0.16969589610269917,0.1735592482885781,-1.3064943124178798,-1.580256026519019,0.0,0.0,0.0,0.0,1.0,4.15
STU-12964,-0.8194991855553975,-1.1152983694283853,0.4302302025385658,0.41377747258691844,0.2711981898175582,0.02117440596537969,1.1392489717532326,0.0,0.0,0.0,0.0,1.0,4.07
STU-11084,0.6939150573153504,-0.8806102647628671,0.3150882774987453,-0.5308936957677003,-0.5364768779773142,-0.4951412067392211,0.11324065514891044,0.0,0.0,0.0,1.0,0.0,3.5
STU-11742,0.47771302261952925,-0.25758932503929677,0.13696273534312556,-1.7117326562109738,-0.07269190571465906,0.13591120878862406,1.3287107347625535,0.0,0.0,0.0,0.0,0.0,3.59
STU-14387,0.26151098792370814,0.9546844817941004,0.4833726294800205,-0.9476603876888556,1.0544635222301855,-0.3476224602521925,1.197544898833024,0.0,0.0,0.0,0.0,1.0,4.5
STU-10440,0.26151098792370814,-0.06679971477164535,1.019717493981748,-0.2947259036790456,-0.33330172758980425,-0.08536691094191881,-1.3616462999698027,0.0,0.0,0.0,0.0,1.0,4.73
STU-13638,-0.17089308146793408,0.07671459383676536,1.500951693507151,1.7196464406065397,0.8828774411608746,-1.7900279814586963,-0.2511088890997835,0.0,0.0,0.0,0.0,1.0,5.69
STU-13464,0.6939150573153504,-0.1529082999366916,1.500951693507151,0.17760968049826376,-0.22561171855048792,-2.601381087137355,-1.2100768895623457,0.0,0.0,0.0,1.0,0.0,3.73
STU-10769,-1.0357012202512186,-1.0325665915247133,-1.7259745646601221,-1.1004748413932797,-1.114413259821645,0.02117440596537969,-0.851556938021631,0.0,0.0,0.0,0.0,1.0,3.05
STU-14196,0.04530895322788702,-0.10394459464676319,-0.010655117272028718,1.5668319869021154,1.0544635222301855,-0.3476224602521925,0.15404780410476432,1.0,0.0,0.0,1.0,0.0,4.61
STU-11584,0.9101170920111715,0.29114185493403744,0.16943866291845933,1.6501853252863472,1.0544635222301855,-1.3146897983338257,-0.07622110786041027,1.0,0.0,1.0,0.0,0.0,4.74
STU-13795,-0.8194991855553975,6.120033592703888,-0.39938212915860194,-0.0029892193342368227,0.09027897463150604,0.7341816806526857,-0.8952788833314744,1.0,0.0,0.0,0.0,0.0,4.31
STU-13898,-0.6032971508595764,-0.13433585999913242,0.06659822559656975,-0.33640257287116154,0.28196719072148924,1.2177153496935023,0.2356621020164716,0.0,0.0,1.0,0.0,0.0,3.77
STU-13120,-1.0357012202512186,0.14762754632562702,0.8819408315409368,0.49713081097115025,0.8347759037899799,-0.8639380729567933,1.3782622727803757,1.0,0.0,0.0,0.0,1.0,4.41
STU-11792,-0.6032971508595764,1.381850600357957,1.4645392898620793,1.789107555926732,1.0544635222301855,-0.16732177010137972,0.019967171821244956,0.0,0.0,0.0,1.0,0.0,5.07
STU-14043,-0.17089308146793408,0.30296068034884777,-0.22716130110758861,0.7749752722519196,0.5160134770336038,0.012978920049433091,-1.0177003301990355,1.0,0.0,0.0,0.0,0.0,5.05
STU-11952,-0.3870951161637552,0.3265983311784681,1.327746746438703,1.6224008791582696,0.7127272268787546,3.2747823145959596,-0.9273416432253595,0.0,0.0,0.0,0.0,1.0,6.08
STU-10848,-0.3870951161637552,0.15944637174043733,0.3101676824115738,-0.7948459339844327,-0.6757559563348299,0.02117440596537969,1.6609975191173625,0.0,0.0,0.0,0.0,1.0,3.94
STU-11609,-0.17089308146793408,-1.657275934878971,-2.010384960698653,-2.962032731974441,-2.6019712513514017,0.5456855045859264,-0.6650099713662998,0.0,0.0,1.0,0.0,0.0,1.74
STU-11254,-1.2519032549470397,0.297895469456786,-1.1295984400948986,1.136173071916922,-1.0139025847182837,-2.1588248476762684,-0.42016707763117755,1.0,0.0,0.0,0.0,1.0,4.66
STU-12515,2.423531334881919,0.6338877919635353,0.8720996413665938,-0.07245033465442915,0.014178034910390021,1.3078656947689085,0.19776974941460745,1.0,0.0,1.0,0.0,0.0,5.27
STU-14687,1.5587231960986347,0.5376487850143659,0.2914694210803197,-0.05855811159039094,0.21878905208509064,-0.9049155025365234,-0.7582834546939654,0.0,0.0,0.0,0.0,1.0,4.61
STU-12789,-0.17089308146793408,-1.805855454379443,-0.35214441632175214,-0.8226303801125091,-1.3563568134633093,0.5292945327540346,-1.280032002058095,0.0,0.0,1.0,0.0,0.0,3.02
STU-11493,-0.8194991855553975,-0.9869796934961595,-2.1028921483374816,-2.267421578772515,-1.8215776525131562,-0.9458929321162541,-0.16657979483408653,0.0,1.0,0.0,0.0,0.0,2.09
STU-14843,-0.17089308146793408,1.1539161102151878,-2.1796534316973624,1.1083886257888442,1.0544635222301855,-0.9049155025365234,3.267050310165605,1.0,0.0,1.0,0.0,0.0,3.87
STU-14325,-0.3870951161637552,0.8500034566914949,0.0897250225062758,-0.364187018999238,1.0544635222301855,-0.8803290447886858,2.526692036252259,1.0,0.0,0.0,1.0,0.0,4.06
STU-13419,-0.17089308146793408,0.2354245351213604,0.6870852660889342,0.7194063799957667,1.0544635222301855,-1.8228099251224805,-1.2537988348721891,0.0,1.0,0.0,0.0,0.0,3.89
STU-10849,0.6939150573153504,1.0120902052374645,1.2431125109393477,0.024795226793840854,1.0544635222301855,-0.3148405165884083,1.9291587836844013,0.0,0.0,0.0,1.0,0.0,4.82
STU-14515,-1.2519032549470397,-0.3082414339599124,-1.4681353820923189,-1.072690395265202,-0.729600960854488,-1.2163439673424739,-0.1578354057721178,0.0,0.0,1.0,0.0,0.0,3.64
STU-13133,0.9101170920111715,-0.7489147815692668,0.7746718586405924,-1.1004748413932797,1.0544635222301855,-1.3884491715773406,-0.9739783848891923,0.0,0.0,0.0,0.0,0.0,4.16
STU-10313,0.47771302261952925,0.15269275721768846,-0.9524570169567137,-1.253289295097704,0.1735592482885781,-0.5852915518146279,-0.12577264587823261,0.0,0.0,0.0,0.0,1.0,3.02
STU-11134,-1.2519032549470397,0.0632073647912679,-0.3393508690951059,-1.2393970720336644,0.6725229568374106,-0.08536691094191881,3.3894717570331667,0.0,0.0,1.0,0.0,0.0,2.9
STU-11425,1.3425211614028136,-0.5125382732730612,-0.9101398992070355,0.5526997032273043,-0.37637773120553136,-0.7164193264697647,1.4336434035061771,0.0,0.0,0.0,0.0,0.0,4.16
STU-11610,1.1263191267069925,1.4139302693410136,1.461586932809776,0.6638374877396126,1.0544635222301855,-0.011607537698404523,0.428038661379782,0.0,0.0,1.0,0.0,0.0,5.29
STU-14604,-0.17089308146793408,0.3553011929001502,-0.5066511020589477,0.28874746501057197,0.06371543906847536,0.08673829329294812,-1.4082830416336354,0.0,0.0,0.0,0.0,1.0,3.87
STU-11164,-0.6032971508595764,-0.2187560415334915,0.06659822559656975,-1.1421515105853957,-1.1488740627142264,-0.8557425870408474,-0.9419156249953071,1.0,1.0,0.0,0.0,0.0,3.97
STU-12196,-1.2519032549470397,-0.04147366031133757,-2.047781483361158,-0.30861812674308386,-0.5034519418719243,-0.7983741856292249,-0.42016707763117755,1.0,0.0,0.0,0.0,0.0,3.12
STU-14244,-0.17089308146793408,0.37218522920702224,-0.3452555831997123,-0.08634255771846738,0.580627482457194,0.9554598003832286,0.9060652634340687,0.0,0.0,0.0,0.0,1.0,4.67
STU-11778,-1.0357012202512186,-0.3656471574032765,0.24915230333064287,-0.10023478078250683,0.1735592482885781,0.4063622440148436,-0.3414675760734595,0.0,0.0,1.0,0.0,0.0,3.78
STU-10747,0.47771302261952925,0.8415614385380589,-0.3511602973043173,1.789107555926732,-0.16386944670127992,0.11952023695673232,-0.5484181172067176,1.0,0.0,0.0,1.0,0.0,5.07
STU-13188,-1.2519032549470397,1.5861474396711062,1.0817169920801124,0.8027597183799973,0.1735592482885781,0.48831710317430377,-1.0993146281107429,1.0,0.0,1.0,0.0,0.0,6.29
STU-14828,0.47771302261952925,-1.9020944613286124,-1.2831210068146592,-1.0449059491371255,-0.8516496377657135,0.8325275116440376,1.710549057135185,0.0,0.0,0.0,1.0,0.0,3.28
STU-11428,-1.2519032549470397,-0.4044804409090818,0.06807440412271995,0.3026396880746102,0.1735592482885781,0.19327961020024662,2.00202869253414,1.0,0.0,1.0,0.0,0.0,3.27
STU-11169,0.6939150573153504,-1.5677905424525502,-1.287057482884396,-1.072690395265202,-2.4957171090992762,-0.26566760109273235,-0.09662468233833721,0.0,0.0,0.0,1.0,0.0,1.75
STU-12710,-0.8194991855553975,-0.6577409855121592,0.7854971678323703,0.024795226793840854,-0.5278616772541697,-0.33123148842030076,3.0688441580943153,0.0,0.0,0.0,0.0,0.0,3.75
STU-11653,0.6939150573153504,-1.6809135857085913,-1.5045477857373906,-1.2810737412257802,-3.0844224918475387,-0.7164193264697647,1.9641363399322755,0.0,0.0,1.0,0.0,0.0,2.19
STU-14900,-0.6032971508595764,0.34517077111602734,-0.06674990126578807,0.42766969565095664,0.8067765014397577,0.3407983566872752,-0.98855236665914,1.0,0.0,0.0,0.0,1.0,4.83
STU-14015,-0.17089308146793408,-0.2660313431927328,-1.0981066315369983,0.4415619187149961,0.2812492573278944,0.13591120878862406,-0.702902323968164,0.0,0.0,1.0,0.0,0.0,3.85
STU-14343,-0.3870951161637552,-0.5547483640402409,-1.3451205049130237,-1.3922115257380885,-1.2400516037008473,-0.0607804531940812,-1.061422275508879,1.0,0.0,1.0,0.0,0.0,2.95
STU-11885,-1.2519032549470397,0.16113477537112447,-0.47319105546617907,-0.6976003725361627,1.0544635222301855,0.4063622440148436,-0.3968487067992611,0.0,0.0,0.0,0.0,1.0,3.96
STU-11140,-0.8194991855553975,0.7166195698672077,0.7205453126817014,1.6085086560942314,1.0544635222301855,-0.839351615208955,-0.2860864453476582,1.0,0.0,0.0,0.0,1.0,4.96
STU-12828,-0.6032971508595764,0.7351920098047665,1.267715486375207,1.5668319869021154,1.0544635222301855,-0.5279231504030053,-0.02666956984258791,1.0,0.0,0.0,1.0,0.0,5.64
STU-14940,-0.8194991855553975,0.3586780001615248,0.6339428391474781,-1.1421515105853957,1.0544635222301855,0.24245252569592257,0.37557232700797016,0.0,0.0,0.0,0.0,0.0,4.37
STU-13552,0.26151098792370814,-0.04653887120339901,0.542419770526083,1.594616433030193,0.6596001557526922,-0.0607804531940812,-0.16657979483408653,0.0,0.0,0.0,0.0,1.0,5.8
STU-11989,-0.8194991855553975,1.0762495432035772,0.7205453126817014,1.7057542175425013,1.0544635222301855,0.02117440596537969,0.5504601082473431,1.0,0.0,0.0,0.0,1.0,5.53
STU-13892,-0.3870951161637552,1.8005747007683783,1.3375879366130472,0.8583286106361514,1.0544635222301855,0.6358358496613331,-0.6737543604282685,0.0,0.0,0.0,0.0,0.0,6.74
STU-13531,0.26151098792370814,-0.8485305957798106,-0.5253493633902003,-1.572810425570589,-1.8711150566712416,0.6112493919134948,0.33767997440610603,0.0,0.0,1.0,0.0,0.0,2.28
STU-11472,-0.8194991855553975,-0.012770798589655482,1.500951693507151,-1.5033493102503968,1.0544635222301855,0.5702719623337646,-0.11119866410828493,1.0,0.0,1.0,0.0,0.0,4.55
STU-13968,1.1263191267069925,-0.048227274834086155,-0.9121081372419039,-0.1280192269105833,-0.6764738897284257,0.4063622440148436,-0.344382372427449,0.0,0.0,0.0,0.0,1.0,3.59
STU-12928,1.5587231960986347,-0.44331372441488676,0.3820083706842812,0.8166519414440355,-1.2874352076781475,0.0539563496291639,0.18319576764465975,0.0,1.0,0.0,0.0,0.0,3.46
STU-10079,-0.8194991855553975,0.08009140109813966,0.7874654058672387,1.038927510468652,0.41047726817507385,0.7505726524845775,1.553150054019749,1.0,0.0,1.0,0.0,0.0,3.86
STU-12890,0.26151098792370814,-0.8265813485808772,-1.8706400602229731,-0.864307049304625,0.1735592482885781,1.2832792370210708,1.844629689418704,0.0,1.0,0.0,0.0,0.0,2.76
STU-14834,0.04530895322788702,0.2843882404112886,1.1988271551548026,0.010903003729801398,-0.2952512577292457,-0.839351615208955,1.3083071602846266,0.0,1.0,0.0,0.0,0.0,4.75
STU-14767,-0.17089308146793408,1.0711843323115156,0.06659822559656975,-0.808738157048471,1.0544635222301855,-1.044238763107606,-0.8282385671897148,0.0,0.0,0.0,1.0,0.0,4.5
STU-10761,-1.0357012202512186,0.3181563130250324,1.500951693507151,0.5804841493553808,1.0544635222301855,-0.011607537698404523,1.2062892878949922,0.0,0.0,0.0,0.0,0.0,4.81
STU-12846,-0.17089308146793408,-0.426429688108015,0.6359110771823463,-1.1560437336494338,1.0544635222301855,0.521099046838088,1.293733178514679,0.0,0.0,0.0,0.0,1.0,4.61
STU-12601,-0.3870951161637552,-0.048227274834086155,0.06659822559656975,1.789107555926732,-1.0591323885147963,-0.5443141222348977,-0.702902323968164,0.0,1.0,0.0,0.0,0.0,3.99
STU-12213,0.47771302261952925,0.27088101136579107,0.37315129952737297,-1.5450259794425127,1.0544635222301855,0.7751591102324158,0.19485495306061795,0.0,0.0,0.0,1.0,0.0,5.45
STU-13757,1.1263191267069925,0.6524602319010943,0.030677881460214648,0.3304241342026879,0.08740724105712484,-0.8147651574611173,-0.5455033208527282,0.0,0.0,0.0,0.0,0.0,4.03
STU-12716,0.9101170920111715,-1.2638778889288573,-1.0636624659267961,-0.030773665462313266,-1.2515385379983752,-2.544012685725733,0.3056172145122209,0.0,0.0,0.0,0.0,0.0,3.46
STU-10073,-1.0357012202512186,-1.1642620747183137,0.7854971678323703,-0.3919714651273156,0.1735592482885781,1.6274896454908045,-0.2511088890997835,1.0,0.0,0.0,0.0,1.0,3.92
STU-11009,0.04530895322788702,0.333351945701217,0.9360673774998278,-0.1280192269105833,0.5318080116927034,-0.21649468559705567,-1.0585074791548892,1.0,0.0,0.0,0.0,0.0,5.26
STU-10077,-0.3870951161637552,-1.7265004837371456,-0.8629021863701858,-0.6559237033440468,-2.0261886696878566,0.02936989188132556,0.022881968175234448,0.0,0.0,0.0,0.0,1.0,2.85
STU-10667,-1.2519032549470397,1.6908284647737117,0.06659822559656975,1.094496402724806,0.2948899918062077,0.48012161725835795,-0.7407946765700282,0.0,0.0,0.0,0.0,0.0,4.57
STU-11121,-0.17089308146793408,0.5916777011963558,-0.9849329445320475,0.05257967292191729,-1.6629143725285633,2.111023314531621,0.9439576160359325,1.0,0.0,0.0,0.0,0.0,4.11
STU-12558,0.47771302261952925,-0.048227274834086155,-0.8747116145793985,0.6221608185474967,0.4040158676327146,1.447188955339991,-0.1520058130641388,0.0,0.0,0.0,1.0,0.0,4.02
STU-10729,-0.6032971508595764,-1.863261177822807,-1.5094683808245621,-0.3919714651273156,-0.6556538213141574,-1.3638627138295023,0.37848712336195967,1.0,0.0,0.0,0.0,1.0,3.2
STU-14197,-1.2519032549470397,-0.17148073987425053,0.21077166165070269,1.2195264103011525,-0.32684032704744503,0.8489184834759294,-0.513440560958843,0.0,1.0,0.0,0.0,0.0,3.74
STU-11410,-0.3870951161637552,-0.4804586042900049,1.1013993724287998,0.9833586182124978,-1.1445664623526537,0.3489938426032211,-0.16657979483408653,0.0,0.0,0.0,1.0,0.0,3.53
STU-10676,-1.2519032549470397,-0.889052282916303,0.8140366193379661,0.7471908261238431,-1.0182101850798566,2.1847826877751353,-1.4782381541293848,1.0,0.0,0.0,0.0,1.0,4.85
STU-12584,0.26151098792370814,1.0120902052374645,1.0364475172781324,1.747430886734616,0.31427419343328433,-0.3558179461681384,-1.2858615947660743,0.0,0.0,1.0,0.0,0.0,4.96
STU-11633,-0.3870951161637552,1.0441698742205205,0.06659822559656975,1.5251553177099995,1.0544635222301855,-0.7082238405538188,0.18028097129067025,0.0,1.0,0.0,0.0,0.0,4.59
STU-14466,0.04530895322788702,0.6372645992249096,0.4814043914451522,0.024795226793840854,1.0544635222301855,-0.7082238405538188,1.4919393305859685,0.0,0.0,0.0,0.0,1.0,4.35
STU-14918,-1.2519032549470397,1.14040888116969,0.16648630586615615,0.8166519414440355,1.0544635222301855,-0.7492012701335489,-0.19281296201999243,0.0,0.0,0.0,0.0,1.0,5.41
STU-13294,0.04530895322788702,0.7115543589751459,1.3070802470725817,0.5249152570992267,1.0544635222301855,0.7013997369889016,2.3576338477208654,0.0,0.0,0.0,0.0,1.0,5.78
STU-13216,-0.17089308146793408,0.4464749889572582,0.4194048933467879,0.4554541417790343,1.0544635222301855,0.42275321584673536,-0.45222983752506246,1.0,0.0,0.0,0.0,0.0,4.9
STU-12754,-0.17089308146793408,1.1370320739083157,0.02280492932073992,-1.2393970720336644,1.0544635222301855,1.4389934694240452,0.7078591113627792,0.0,0.0,0.0,0.0,0.0,5.02
STU-11729,0.47771302261952925,-0.1529082999366916,0.06659822559656975,-0.9754448338169333,1.0544635222301855,-0.6508554391421962,-1.1605253515445235,0.0,1.0,0.0,0.0,0.0,4.92
STU-13010,-1.2519032549470397,-0.8265813485808772,-2.6549829171181587,-0.8365226031765474,-1.0024156504207569,-2.003110615273294,-1.2975207801820325,0.0,0.0,0.0,0.0,0.0,3.33
STU-14809,-0.3870951161637552,-0.5108498696423741,-2.3912390204457497,-0.6976003725361627,-0.7260112938865111,2.1765872018591894,-0.4580594302330417,0.0,0.0,0.0,0.0,1.0,3.14
STU-10081,0.04530895322788702,0.38569245825251974,1.500951693507151,1.6085086560942314,1.0544635222301855,1.5291438144994511,-0.9623191994732341,0.0,0.0,0.0,1.0,0.0,5.84
STU-14471,0.9101170920111715,-0.3301906811588456,-0.20059008763686123,-1.517241533314435,0.1735592482885781,-0.5279231504030053,-0.7174763057381117,0.0,0.0,1.0,0.0,0.0,2.81
STU-14516,-0.17089308146793408,-0.13264745636844527,0.06659822559656975,-0.8226303801125091,1.0544635222301855,-0.4213818334957068,0.43969784679574025,0.0,0.0,0.0,0.0,0.0,4.95
STU-13316,-0.8194991855553975,-1.2284214126844266,-0.7664585226616193,-0.5725703649598162,-0.8473420374041406,-2.2817571364154596,1.3899214581963344,0.0,1.0,0.0,0.0,0.0,2.82
STU-11521,-1.2519032549470397,0.5714168576281097,1.500951693507151,0.7332986030598049,1.0544635222301855,-0.4213818334957068,-0.6475211932423623,1.0,1.0,0.0,0.0,0.0,5.43
STU-10959,-0.17089308146793408,-0.043162063942024716,-0.6690307399356166,-0.364187018999238,0.25324985497767216,-1.7408550659630204,1.7513562060910388,1.0,0.0,0.0,0.0,0.0,3.76
STU-12504,-1.2519032549470397,0.22191730607586294,-2.3282554033299507,1.2334186333651909,0.892210575277615,-0.1345398264375955,-0.14326142400217007,0.0,0.0,0.0,0.0,1.0,4.66
STU-10196,0.26151098792370814,-1.1642620747183137,-1.7033398272591314,-0.3780792420632762,-2.316233760700416,0.43914418767862784,-1.0468482937389312,0.0,1.0,0.0,0.0,0.0,2.89
STU-14428,-0.8194991855553975,-0.5479947495174923,1.2224460115732267,0.1081485651780714,0.6502670216359517,0.8653094553078226,0.1453034150427956,0.0,0.0,0.0,0.0,1.0,4.4
STU-13780,1.7749252307944559,-0.048227274834086155,0.8917820217152813,0.5249152570992267,1.0121054520080541,-1.117998136351121,0.06368911713108807,0.0,0.0,0.0,0.0,0.0,5.17
STU-14993,1.5587231960986347,-0.08199534744782998,-0.4515404370826232,0.42766969565095664,0.6574463555719058,0.7013997369889016,1.0051683394697133,0.0,0.0,1.0,0.0,0.0,4.39
STU-11415,0.47771302261952925,-0.048227274834086155,-3.1568836160096834,-0.5308936957677003,-1.7835271826525976,0.10312926512483986,-1.2013325005003772,0.0,1.0,0.0,0.0,0.0,2.89
STU-10925,0.04530895322788702,-1.650522320356222,-1.7564822542005862,-2.0590382328119365,-0.43453033608676134,1.0947830609543114,-0.22196092555988786,1.0,0.0,0.0,0.0,1.0,1.98
STU-11456,1.3425211614028136,0.3704968255763351,-0.9485205408869757,-0.6559237033440468,0.1735592482885781,-0.23288565742894812,-0.6416916005343835,0.0,0.0,0.0,0.0,1.0,3.77
STU-10994,-0.17089308146793408,-1.297645961542601,-0.37674739175761124,-1.7395171023390514,0.45211740500360936,-1.7080731222992362,-0.2773420562856895,1.0,0.0,0.0,1.0,0.0,3.72
STU-12010,0.26151098792370814,0.5883008939349815,-0.04214692582992902,-0.7809537109203932,1.0544635222301855,0.8325275116440376,0.04911513536114037,0.0,0.0,0.0,1.0,0.0,4.77
STU-13449,0.26151098792370814,0.5967429120884176,0.06659822559656975,1.789107555926732,1.0544635222301855,0.8325275116440376,-1.2829467984120848,1.0,0.0,0.0,0.0,1.0,5.18
STU-10589,0.47771302261952925,0.43465616354244785,1.4045080297985832,0.7194063799957667,1.0544635222301855,0.32440738485538345,0.9031504670800792,0.0,0.0,0.0,0.0,1.0,5.36
STU-13815,-0.3870951161637552,1.5017272581367471,1.500951693507151,1.3723408640055768,1.0544635222301855,0.8817004271397143,-1.7114218624485489,0.0,0.0,1.0,0.0,0.0,6.55
STU-13226,0.6939150573153504,0.8128585768163764,0.864226689227119,0.9000052798282673,-0.983749382187275,1.9962865117083761,-0.7582834546939654,0.0,0.0,0.0,0.0,1.0,4.41
STU-10203,0.47771302261952925,-0.048227274834086155,-0.17893946925330398,0.3443163572667261,0.33006872809238397,-0.2820585729246241,0.6000116462651656,0.0,0.0,0.0,0.0,0.0,4.82
STU-12462,-0.17089308146793408,10.058542705688499,-1.410072360063691,-0.1280192269105833,0.48873200807697725,-0.3967953757478692,-0.39101911409128187,0.0,0.0,0.0,1.0,0.0,3.36
STU-14550,0.47771302261952925,-0.3639587537725894,-2.1757169556276246,-0.2391570114228915,-0.37135219745036274,-1.798223467374643,-0.29483083440962665,1.0,0.0,1.0,0.0,0.0,3.06
STU-12185,0.6939150573153504,0.8027281550322536,1.4537139806703012,0.7610830491878814,0.14771364611914223,-0.5607050940667895,0.4018054941938761,0.0,0.0,0.0,0.0,0.0,4.9
STU-11762,-0.8194991855553975,0.44816339258794535,-1.9680678429489744,-0.30861812674308386,0.45786087215237276,-0.6180734954784121,-0.9623191994732341,0.0,0.0,0.0,0.0,0.0,4.04
STU-13730,0.6939150573153504,0.7199963771285819,0.24718406529577452,0.6360530416115349,1.0544635222301855,0.48012161725835795,-0.0033511990106714763,1.0,1.0,0.0,0.0,0.0,5.6
STU-11436,0.26151098792370814,-0.1664155289821891,0.5266738662471322,0.05257967292191729,0.14986744629992862,-0.8065696715451715,3.3894717570331667,1.0,0.0,0.0,1.0,0.0,4.42
STU-11048,0.47771302261952925,0.03619290670027296,-0.014591593341766781,-0.6559237033440468,1.0544635222301855,-0.0525849672781346,-0.9215120505173804,0.0,0.0,0.0,0.0,1.0,3.31
STU-11517,-1.2519032549470397,1.5219881017049934,0.46762672520107107,0.4554541417790343,1.0544635222301855,1.1275650046180963,-0.16657979483408653,0.0,0.0,0.0,1.0,0.0,5.32
STU-10637,1.7749252307944559,-0.0684881184023325,0.10940740285496331,-0.2252647883588533,1.0544635222301855,-0.7983741856292249,-0.638776804180394,1.0,0.0,0.0,0.0,1.0,4.32
STU-13092,1.1263191267069925,1.1150828267093824,0.6044192686244474,0.9138975028923055,0.44565600446125014,-0.15093079826948724,-1.137206980712607,0.0,0.0,1.0,0.0,0.0,4.57
STU-10507,0.26151098792370814,-0.5615019785629897,0.37708777559710965,-0.15580367303866097,-0.12007550969195799,1.7668129060618873,-0.015010384426629693,0.0,1.0,0.0,0.0,0.0,4.21
STU-12076,-0.3870951161637552,0.4059533018207658,1.500951693507151,1.789107555926732,1.0544635222301855,-1.4130356293251782,-0.767027843755934,1.0,0.0,0.0,0.0,1.0,5.63
STU-11532,2.2073293001860983,0.2354245351213604,0.06659822559656975,0.9972508412765361,-0.8243681688090869,-2.2407797068357294,-0.02083997713460893,1.0,0.0,0.0,0.0,1.0,4.25
STU-11596,-0.6032971508595764,1.8292775624900606,0.8160048573728358,1.789107555926732,0.7450342295905497,-0.019803023614350393,-0.6008844515785298,0.0,0.0,0.0,0.0,0.0,5.4
STU-10824,0.47771302261952925,-0.19849519796524548,1.500951693507151,0.06647189598595551,-0.8487779041913323,-0.5607050940667895,-0.16657979483408653,1.0,1.0,0.0,0.0,0.0,4.0
STU-10638,-0.3870951161637552,-0.029654834896527243,-0.21436775388094234,0.16371745743422553,1.0544635222301855,0.9800462581310663,0.8390249472923089,0.0,0.0,1.0,0.0,0.0,4.75
STU-14627,0.04530895322788702,-0.007705587697593743,0.27277115974906707,0.23317857275441786,0.06874097282364297,1.1603469482818798,-1.463664172359437,1.0,1.0,0.0,0.0,0.0,3.37
STU-12353,0.26151098792370814,0.2050332697689912,0.3554371572135538,-0.07245033465442915,-0.9665189807409847,-2.1588248476762684,-1.035189108322973,0.0,0.0,0.0,0.0,1.0,3.8
STU-12256,2.423531334881919,-0.12251703458432239,-0.2074789207589011,-0.05855811159039094,-0.27084152234700043,1.4717754130878302,-0.2802568526396789,0.0,0.0,0.0,0.0,0.0,4.18
STU-13562,-1.2519032549470397,-0.38759640460220973,-0.5775076713142216,0.19150190356230198,0.6280110864344929,0.39816675809889773,0.13947382233481637,0.0,0.0,1.0,0.0,0.0,4.3
STU-13214,-0.17089308146793408,-1.6167542477424786,0.06659822559656975,-2.253529355708477,-0.44099173662912056,0.5047080750061963,-0.9011084760394535,0.0,0.0,0.0,0.0,0.0,2.48
STU-11330,-1.2519032549470397,-1.7974134362260068,-0.46236574627440113,-1.1977204028415498,-1.3147166766347738,-0.6754418968900346,0.089922284316994,0.0,0.0,1.0,0.0,0.0,2.22
STU-12829,1.7749252307944559,0.06996097931401649,-0.6119518369244238,-0.030773665462313266,-0.17104878063723394,-0.9376974462003076,0.06660391348507756,0.0,0.0,0.0,0.0,1.0,3.58
STU-12251,0.26151098792370814,-0.6830670399724666,1.0029874706853636,0.4554541417790343,0.1735592482885781,1.791399363809725,-0.3035752234715954,1.0,1.0,0.0,0.0,0.0,4.52
STU-11182,1.7749252307944559,9.466355636916006,0.36527834738789683,-1.1977204028415498,-0.08920437376735452,-0.241081143344894,-0.6941579349061953,1.0,0.0,0.0,1.0,0.0,3.73
STU-12116,-0.6032971508595764,5.932507630451467,-0.8166485925507708,-1.8367626637873216,-0.13084451059589003,0.2342570397799767,-0.8865344942695057,0.0,0.0,0.0,0.0,1.0,2.73
STU-11820,-1.2519032549470397,-0.7134583053248362,-0.9632823261484916,-1.3505348565459727,-1.4755337568001525,0.7013997369889016,0.6000116462651656,0.0,0.0,1.0,0.0,0.0,3.12
STU-13367,-0.3870951161637552,-1.1406244238886931,0.6664187667228118,-0.9337681646248174,-0.6491924207717992,-0.1345398264375955,0.5825228681412281,0.0,0.0,0.0,0.0,1.0,3.42
STU-11246,-0.8194991855553975,-0.15797351082875305,0.2796599928711083,-0.44754035738346976,-0.03823110282207755,0.7423771665686316,-0.8777901052075371,1.0,1.0,0.0,0.0,0.0,4.64
STU-14722,-1.2519032549470397,0.33504034933190413,0.5050232478635764,0.19150190356230198,-0.10930650878802596,0.20967058203213837,-0.09370988598434772,0.0,1.0,0.0,0.0,0.0,5.55
STU-11872,-0.8194991855553975,-1.9020944613286124,-1.1473125824087165,-0.767061487856355,-0.842316503648973,-0.6344644673103038,0.15113300775077457,1.0,1.0,0.0,0.0,0.0,2.66
STU-11113,-0.6032971508595764,-0.4078572481704561,-0.5538888148957961,-1.267181518161742,-0.9966721832719925,-1.5441634039803152,0.019967171821244956,0.0,1.0,0.0,0.0,0.0,1.32
STU-11822,0.04530895322788702,0.7132427626058327,1.4143492199729277,-1.3644270796100109,0.1735592482885781,2.373278863841895,-0.7378798802160387,0.0,0.0,0.0,0.0,1.0,4.42
STU-14732,2.423531334881919,1.5777054215176702,0.06659822559656975,1.4834786485178848,1.0544635222301855,-0.17551725601732557,0.2997876218042419,1.0,0.0,0.0,0.0,1.0,5.5
STU-10395,-1.0357012202512186,-0.1917415834424966,0.28162823090597666,1.789107555926732,-0.16243357991408933,-0.08536691094191881,-0.28900124170164765,0.0,0.0,0.0,0.0,1.0,5.11
STU-11615,-0.3870951161637552,1.341328913221465,0.9163849971511403,1.7752153328626936,1.0544635222301855,-1.2327349391743654,0.002478393697307503,0.0,0.0,0.0,1.0,0.0,5.12
STU-11953,-0.3870951161637552,0.39075766914458115,0.9370514965172613,-0.0029892193342368227,0.13263704485363736,-1.257321396922204,-0.9856375703051504,0.0,0.0,0.0,0.0,0.0,4.35
STU-12204,-0.3870951161637552,-0.899182704700426,-2.2209864304296056,-0.905983718496741,-1.5379939620429564,-1.8228099251224805,-1.7114218624485489,0.0,0.0,1.0,0.0,0.0,2.13
STU-13013,1.1263191267069925,0.5393371886450533,1.1771765367712455,1.594616433030193,0.8807236409800883,-0.7410057842176031,-1.5132157103772594,0.0,0.0,0.0,0.0,0.0,5.51
STU-12830,0.26151098792370814,0.7757136969412586,0.5296262232994354,-0.6281392572159703,0.1735592482885781,-1.0196523053597686,-1.1750993333144715,0.0,1.0,0.0,0.0,0.0,4.97
STU-11501,1.7749252307944559,0.49037348335512493,0.6614981716356403,0.8444363875721131,1.0544635222301855,-0.4131863475797609,0.20651413847657618,0.0,0.0,0.0,0.0,1.0,4.54
STU-13076,0.47771302261952925,-0.3453863138350302,0.021820810303305054,-1.2949659642898186,-2.2430045545536808,-0.27386308700867823,-0.16657979483408653,1.0,0.0,0.0,0.0,0.0,3.87
STU-14798,0.47771302261952925,-0.048227274834086155,0.5837527692583264,-0.11412700384654506,-0.05402563748117719,-0.04438948136218873,-0.023754773488598422,0.0,0.0,1.0,0.0,0.0,3.49
STU-14423,-0.8194991855553975,-0.6155308947449796,-0.6975701914412137,-0.30861812674308386,-1.230718469584107,-1.339276256081664,-0.0674767187984418,0.0,0.0,0.0,0.0,0.0,3.05
STU-11869,-1.2519032549470397,0.03281609943889867,0.8179730954077041,0.6638374877396126,0.1735592482885781,-0.27386308700867823,-0.7087319166761431,0.0,0.0,0.0,0.0,1.0,4.53
STU-14826,1.5587231960986347,-0.048227274834086155,0.08578854643653913,0.3582085803307643,1.0544635222301855,1.4062115257602616,1.5793832212056547,0.0,0.0,0.0,1.0,0.0,4.41
STU-11132,-0.3870951161637552,0.5376487850143659,0.5552133177527293,-1.3505348565459727,-0.4230434017892345,-1.9047647842819415,0.01413757911326572,0.0,1.0,0.0,0.0,0.0,3.61
STU-10468,-1.2519032549470397,-1.5323340662081195,-2.3066047849463946,-0.030773665462313266,-2.2150051522034584,-0.32303600250435416,2.91144515497888,0.0,0.0,0.0,1.0,0.0,2.4
STU-13702,-1.2519032549470397,0.10541745555844746,0.26686644564446066,-0.33640257287116154,0.5483204797453989,0.7505726524845775,-0.084965496922379,0.0,0.0,0.0,0.0,1.0,3.91
STU-11879,-0.8194991855553975,-0.1883647761811223,-0.4230009855770261,0.385993026458842,1.0544635222301855,-0.25747211517678575,-0.12868744223222237,1.0,0.0,0.0,1.0,0.0,4.25
STU-12056,0.26151098792370814,-0.03978525668065042,-2.159971051348675,-1.9479004482996296,0.023511169027130442,0.521099046838088,0.10449626608694197,1.0,1.0,0.0,0.0,0.0,4.05
STU-14469,-0.8194991855553975,-0.8941174938083646,-0.8776639716317017,-0.7948459339844327,-1.75480984690878,-0.10995336868975716,-0.682498749490237,1.0,0.0,1.0,0.0,0.0,3.17
STU-10752,-0.17089308146793408,0.4599822180027557,-0.5863647424711298,0.9277897259563437,-0.28232845664452827,0.9472643144672828,-0.7961758072958296,0.0,0.0,0.0,0.0,0.0,4.12
STU-13926,-0.17089308146793408,-0.5969584548074204,0.15467687765694335,-0.6837081494721244,0.06227957228128477,-0.07717142502597295,-0.5396737281447492,0.0,0.0,1.0,0.0,0.0,3.58
STU-10463,0.9101170920111715,-0.000951973174845158,-0.13957470855593035,-0.1419114499746215,-0.2536111209007102,-0.8639380729567933,-0.16657979483408653,1.0,0.0,1.0,0.0,0.0,3.7
STU-14206,-1.2519032549470397,-1.4428486737816986,0.012963739146395464,0.13593301130614785,-0.07484570589544547,0.12771572287267818,-1.1634401478985132,1.0,0.0,0.0,0.0,0.0,3.71
STU-14107,-1.2519032549470397,0.6068733338725404,0.2776917548362386,-0.05855811159039094,1.0544635222301855,-0.0607804531940812,0.8710877071861938,1.0,1.0,0.0,0.0,0.0,5.06
STU-14881,2.2073293001860983,0.3164679093943452,-0.19074889746251678,0.1498252343701873,0.1785847820437457,0.5129035609221422,2.71615379926158,1.0,0.0,0.0,0.0,1.0,4.41
STU-10592,1.7749252307944559,1.3092492442384083,1.0827011110975473,0.5110230340351885,1.0544635222301855,-1.1999529955105812,-1.192588111438409,0.0,1.0,0.0,0.0,0.0,4.32
STU-14794,0.26151098792370814,-0.048227274834086155,1.0817169920801124,-1.1838281797775103,-0.580988748380232,-0.21649468559705567,-0.11994305317025365,0.0,0.0,0.0,0.0,1.0,4.2
STU-13839,-1.2519032549470397,-1.2166025872696165,-1.326422243581771,-0.558678141895778,0.1735592482885781,0.2834299552756527,0.3872315124239284,1.0,0.0,0.0,0.0,1.0,3.62
STU-10483,0.9101170920111715,0.7622064678957614,-1.269343340570578,0.7749752722519196,0.1735592482885781,0.5292945327540346,0.9818499686377969,1.0,0.0,0.0,0.0,1.0,6.13
STU-12913,-0.3870951161637552,0.3840040546218323,-0.5952218136280394,0.024795226793840854,1.0544635222301855,0.11952023695673232,-0.6854135458442268,1.0,0.0,1.0,0.0,0.0,4.07
STU-14149,-1.2519032549470397,0.23035932422929897,0.26096173153985563,1.3306641948134608,-0.09566577430971271,0.13591120878862406,0.9118948561420477,0.0,0.0,0.0,0.0,1.0,4.55
STU-14148,-0.3870951161637552,0.35698959653083767,0.287532945010583,1.789107555926732,0.6251393528601107,0.8571139693918767,0.792388205628476,1.0,0.0,0.0,1.0,0.0,5.17
STU-14540,-0.3870951161637552,0.8297426131232485,1.1742241797189437,1.789107555926732,0.6050372178394382,-3.0849147561781716,0.05494472806911935,1.0,0.0,0.0,0.0,1.0,5.22
STU-13572,-0.3870951161637552,0.5883008939349815,1.4084445058683213,1.789107555926732,-0.11648584272398099,-0.8967200166205775,-0.9506600140572758,0.0,0.0,1.0,0.0,0.0,5.3
STU-13257,0.47771302261952925,-0.38421959734083544,-0.3019543464325992,-0.961552610752895,-1.4396370871203803,-1.8801783265341032,0.5562897009553222,0.0,0.0,0.0,0.0,1.0,2.42
STU-12901,-0.3870951161637552,-0.13940107089119416,-0.11989232820724283,-0.9337681646248174,0.21735318529790004,0.6522268214932249,-0.8544717343756206,0.0,0.0,0.0,0.0,0.0,4.39
STU-11840,0.04530895322788702,-1.0984143331215137,-0.40725508129807664,-0.5447859188317385,-1.103644258917714,1.365234096180531,0.8740025035401833,0.0,0.0,1.0,0.0,0.0,3.7
STU-13494,-0.3870951161637552,0.42790254901969926,1.4419045524610898,1.4556942023898072,0.8390835041515528,-0.15912628418543384,-0.9972967557211087,0.0,0.0,0.0,1.0,0.0,4.38
STU-11327,-0.17089308146793408,0.21347528792242693,-1.8706400602229731,0.3304241342026879,-0.4137102676724941,-0.011607537698404523,-1.6472963426607787,0.0,0.0,0.0,1.0,0.0,4.77
STU-12910,-0.3870951161637552,-1.3381676486790934,-0.7585855705221431,-0.2947259036790456,0.02422910242072625,-1.3228852842497723,-0.32397879794952233,1.0,0.0,0.0,0.0,0.0,4.13
STU-10490,-1.2519032549470397,0.5224531523381812,-0.3777315107750461,1.1500652949809602,1.0544635222301855,-1.421231115241125,-0.16657979483408653,0.0,0.0,0.0,1.0,0.0,3.94
STU-14071,-1.2519032549470397,-0.13433585999913242,-0.49582579286716977,-1.017121503009048,0.1735592482885781,-0.07717142502597295,-0.513440560958843,0.0,0.0,0.0,0.0,0.0,3.37
STU-11544,-0.8194991855553975,1.083003157726326,0.5926098404152347,0.024795226793840854,0.5526280801069716,0.02117440596537969,0.7166035004247477,0.0,0.0,1.0,0.0,0.0,4.18
STU-13719,-0.17089308146793408,-0.8519074030411851,-0.10808289999803004,-0.11412700384654506,-1.4310218863972357,-1.4294266011570707,0.25898047284838804,0.0,0.0,0.0,0.0,0.0,3.29
STU-12878,-0.3870951161637552,-0.5783860148698615,-2.0841938870062293,0.010903003729801398,-1.1625147971925398,-2.806268235036006,-1.3091799655979908,1.0,0.0,0.0,0.0,0.0,2.99
STU-14901,-0.17089308146793408,1.3328868950680288,0.8691472843142906,0.9972508412765361,1.0544635222301855,-0.3967953757478692,0.33767997440610603,1.0,0.0,0.0,0.0,1.0,5.47
STU-13162,0.04530895322788702,-0.4838354115513792,-0.6168724320115953,-2.364667140220785,-0.028180035311741312,-1.4867950025686927,0.32310599263615836,0.0,0.0,0.0,0.0,0.0,3.55
STU-10323,-1.0357012202512186,-0.7286539380010206,-0.890457518858348,-2.4758049247330924,-0.7978046332460552,1.447188955339991,-0.8020054000038087,1.0,0.0,1.0,0.0,0.0,2.64
STU-14583,-0.17089308146793408,0.6018081229804789,1.419269815060099,1.789107555926732,1.0544635222301855,0.8817004271397143,-1.1401217770665968,1.0,0.0,0.0,0.0,1.0,5.85
STU-10113,-1.2519032549470397,0.14762754632562702,-1.2043914854199091,-2.0590382328119365,-0.03679523603488694,0.6194448778294407,-0.5863104698085818,0.0,0.0,0.0,1.0,0.0,2.66
STU-13140,0.04530895322788702,-0.2255096560562404,-0.6060471228198173,-0.7531692647923168,0.8362117705771706,0.1686931524524083,-0.2248757219138776,0.0,1.0,0.0,0.0,0.0,4.09
STU-11977,0.04530895322788702,0.8939019510893612,1.500951693507151,0.9138975028923055,1.0544635222301855,0.8243320257280918,0.771984631150549,0.0,0.0,0.0,1.0,0.0,5.18
STU-13996,0.26151098792370814,0.2759462222578528,0.3642942283704634,0.39988524952288024,0.8871850415224475,0.8571139693918767,-0.428911466693146,1.0,0.0,0.0,0.0,1.0,4.64
STU-10874,1.3425211614028136,0.2759462222578528,-0.7428396662431938,-0.9476603876888556,-0.27443118931497845,1.6930535328183731,0.19776974941460745,0.0,0.0,1.0,0.0,0.0,3.77
STU-13037,-0.3870951161637552,1.1792421646754954,0.8750519984188969,-0.4892170265755844,1.0544635222301855,0.11952023695673232,0.8390249472923089,1.0,1.0,0.0,0.0,0.0,4.98
STU-13549,0.47771302261952925,-0.048227274834086155,-2.1255268857384726,-0.1419114499746215,-0.46683733879855643,0.19327961020024662,-0.6970727312601849,0.0,0.0,0.0,0.0,0.0,3.01
STU-14191,-0.8194991855553975,-0.4314948990000764,-1.0764560131534424,0.5110230340351885,0.5102700098848403,-1.0278477912757145,-1.137206980712607,0.0,0.0,0.0,0.0,0.0,3.94
STU-13739,-1.2519032549470397,1.0036481870840284,0.493213819654365,1.1083886257888442,1.0544635222301855,0.21786606794808422,1.7688449842149756,0.0,0.0,0.0,0.0,0.0,4.94
STU-12282,-0.6032971508595764,0.23711293875204756,0.22454932789478382,-0.1419114499746215,0.32791492791159754,0.2014750961161925,-0.14617622035615957,0.0,0.0,0.0,0.0,0.0,4.34
STU-13921,-1.2519032549470397,0.31309110213297064,0.6920058611761057,1.0111430643405754,0.6337545535832563,-0.20010371376516392,-0.5017813755428848,0.0,0.0,0.0,0.0,1.0,4.43
STU-10346,-0.3870951161637552,0.49375029061649917,-0.158272969887183,0.5526997032273043,0.689035424890105,-1.2491259110062571,-0.35021196513542824,0.0,0.0,0.0,1.0,0.0,3.92
STU-14616,-0.3870951161637552,-1.0241245733712776,-1.0469324426304119,-0.4892170265755844,-1.5394298288301473,-0.25747211517678575,-0.16366499848009702,0.0,0.0,0.0,0.0,0.0,2.67
STU-14825,-1.0357012202512186,1.2265174663347365,0.5217532711599607,1.1222808488528826,-0.08417884001218588,-1.3638627138295023,-0.7233058984460908,0.0,0.0,1.0,0.0,0.0,4.68
STU-10862,-0.3870951161637552,0.1661999862631859,1.500951693507151,-0.16969589610269917,1.0544635222301855,-0.19190822784921804,0.019967171821244956,0.0,0.0,0.0,0.0,1.0,4.84
STU-13810,-1.2519032549470397,-0.37577757918739974,-1.7003874702068282,0.7332986030598049,-0.43165860251238014,-0.7983741856292249,-0.36187115055138647,0.0,0.0,0.0,0.0,1.0,3.71
STU-11362,0.9101170920111715,-0.8569726139332464,-0.47614341251848225,-1.072690395265202,-0.8997511751366082,-0.011607537698404523,0.13655902598082686,0.0,1.0,0.0,0.0,0.0,3.57
STU-12401,-1.2519032549470397,-0.35889354288052766,0.06659822559656975,-0.4197559112553921,0.15561091344869205,0.308016413023491,0.8652581144782148,0.0,0.0,0.0,0.0,1.0,4.1
STU-13003,0.9101170920111715,0.9259816200724179,0.9331150204475246,0.9416819490203819,0.5231928109695577,-1.0688252208554445,-0.16657979483408653,0.0,0.0,0.0,0.0,1.0,4.42
STU-13148,-0.17089308146793408,-0.7303423416317077,-1.1915979381932629,0.8166519414440355,-1.714605576867435,-0.6426599532262504,-0.2715124635777102,0.0,0.0,1.0,0.0,0.0,2.89
STU-11531,0.04530895322788702,1.9322701839619787,1.3188896752817947,1.789107555926732,1.0544635222301855,0.685008765157009,-1.3441575218458655,0.0,0.0,0.0,0.0,0.0,6.28
STU-12280,0.9101170920111715,0.5258299595995559,1.154541799370256,0.9277897259563437,1.0544635222301855,-0.12634434052164964,1.2966479748686686,1.0,0.0,0.0,1.0,0.0,5.5
STU-14752,-1.0357012202512186,-0.6070888765915435,-1.1394396302692416,-0.4892170265755844,-0.4546324711074338,1.0456101454586346,-0.08788029327636848,0.0,0.0,0.0,0.0,1.0,3.08
STU-11864,0.04530895322788702,-0.1951183907038712,0.418420774329353,0.6082685954834585,0.9352865788933422,-0.15093079826948724,0.967275986867849,1.0,0.0,0.0,0.0,1.0,4.67
STU-14801,-0.6032971508595764,-0.4146108626932047,-0.2478278004737096,-1.8506548868513597,0.14053431218318718,-2.1670203335922142,-0.6562655823043311,0.0,1.0,0.0,0.0,0.0,2.98
STU-10953,-0.3870951161637552,-1.2351750272071753,-1.184709105071223,-0.864307049304625,-1.7153235102610305,-0.241081143344894,-1.172184536960482,0.0,0.0,0.0,0.0,1.0,2.98
STU-13669,0.26151098792370814,-0.41798766995457926,-0.9199810893813786,0.9972508412765361,-0.8171888348731319,0.11952023695673232,-0.5250997463748013,1.0,0.0,0.0,0.0,0.0,4.3
STU-13346,-0.8194991855553975,1.5945894578245423,0.669371123775115,1.0250352874046138,1.0544635222301855,-0.5279231504030053,-0.5105257646048535,0.0,0.0,0.0,1.0,0.0,5.3
STU-10734,0.9101170920111715,-0.048227274834086155,0.045439666721729235,0.5665919262913426,-0.6764738897284257,0.8407229975599835,-1.1342921843586176,0.0,1.0,0.0,0.0,0.0,4.59
STU-11804,-1.0357012202512186,-1.0241245733712776,0.06659822559656975,-1.7950859945952056,-0.8143171012987507,-2.724313375876546,-0.015010384426629693,1.0,1.0,0.0,0.0,0.0,2.86
STU-14607,1.3425211614028136,-0.5327991168413077,0.06659822559656975,-0.808738157048471,-0.5537072794236055,-0.11814885460570303,-0.44931504117107296,0.0,1.0,0.0,0.0,0.0,3.37
STU-12779,0.9101170920111715,10.424065824522701,-1.4888018814584398,-1.1004748413932797,0.29130032483823065,0.11132475104078572,1.6405939446394355,0.0,0.0,1.0,0.0,0.0,2.48
STU-10187,0.04530895322788702,-0.6307265274211642,0.7018470513504488,0.06647189598595551,-1.008877050963115,1.5865122159110738,0.987679561345776,1.0,0.0,0.0,1.0,0.0,4.86
STU-13791,-1.2519032549470397,-0.6189077020063539,-1.4563259538831062,-2.114607125068091,-0.12007550969195799,0.33260287077132933,-0.3152344088875536,1.0,1.0,0.0,0.0,0.0,2.93
STU-14409,-0.17089308146793408,0.5511560140598634,0.7185770746468331,0.16371745743422553,0.3752985318888975,-0.0607804531940812,0.10449626608694197,0.0,0.0,0.0,0.0,0.0,4.56
STU-13912,-0.6032971508595764,7.388003861719704,0.4115319412073131,0.8444363875721131,1.0544635222301855,0.6686177933251173,-0.0674767187984418,0.0,0.0,1.0,0.0,0.0,5.35
STU-11473,-1.2519032549470397,-0.9430811990982929,-1.146328463391283,-0.07245033465442915,-1.2903069412525285,1.6520761032386422,2.4538221274025203,0.0,0.0,0.0,0.0,0.0,3.97
STU-10362,-1.2519032549470397,0.5680400503667354,1.500951693507151,0.9277897259563437,1.0544635222301855,0.3817757862670053,1.5939572029756026,0.0,1.0,0.0,0.0,0.0,5.16
STU-10605,-0.17089308146793408,0.10710585918913461,0.06659822559656975,-1.4894570871863586,-0.9887749159424426,-2.1670203335922142,-1.5977448046429565,0.0,1.0,0.0,0.0,0.0,1.95
STU-10811,1.3425211614028136,-1.046073820570211,0.06659822559656975,-1.072690395265202,0.06945890621723878,0.20967058203213837,-0.10828386775429542,1.0,0.0,0.0,1.0,0.0,3.69
STU-11545,-0.6032971508595764,-1.2588126780367959,-1.2831210068146592,-1.3227504104178962,-1.3915355497494857,0.9144823708034978,1.0226571175936507,0.0,0.0,1.0,0.0,0.0,3.54
STU-11664,0.9101170920111715,1.0762495432035772,-1.9444489865305503,-0.05855811159039094,1.0544635222301855,-1.2327349391743654,0.11032585879492095,1.0,0.0,0.0,0.0,1.0,4.45
STU-12390,-1.2519032549470397,0.6777862863614024,0.7992748340764515,1.6085086560942314,0.1735592482885781,0.9636552862991745,-0.6912431385522058,0.0,0.0,0.0,0.0,0.0,4.53
STU-14345,-0.6032971508595764,-1.7129932546916478,-0.7064272625981233,-1.3922115257380885,-1.5265070277454296,0.39816675809889773,2.3838670149067713,0.0,0.0,0.0,1.0,0.0,2.46
STU-12942,-0.3870951161637552,0.12230149186531922,1.0728599209232041,0.09425634211403319,0.06227957228128477,-1.0606297349394986,1.331625531116543,0.0,0.0,0.0,1.0,0.0,4.31
STU-13605,0.04530895322788702,0.09022182288226284,-1.286073363866961,-1.3366426334819344,-0.023154501556573708,-0.6426599532262504,0.25898047284838804,0.0,0.0,0.0,0.0,1.0,3.47
STU-13639,-1.2519032549470397,-1.6690947602937813,-1.2427721270998493,-1.7534093254030896,-1.6578888387733952,-0.9622839039481459,-0.7699426401099236,0.0,0.0,0.0,0.0,0.0,2.56
STU-12183,1.1263191267069925,-0.09887938375470175,-1.6344514960387257,-0.7809537109203932,0.28627479108306203,0.5292945327540346,-0.3268935943035118,1.0,0.0,0.0,1.0,0.0,3.82
STU-11758,2.8559354042735614,1.0087133979760896,0.8750519984188969,0.6221608185474967,1.0544635222301855,-0.9458929321162541,-0.4988665791888953,0.0,0.0,0.0,0.0,0.0,5.34
STU-12550,-0.3870951161637552,-0.4635745679831331,-1.6561021144222816,-0.558678141895778,-0.6642690220373031,-0.25747211517678575,-0.38810431773729237,0.0,0.0,0.0,0.0,1.0,3.89
STU-14518,0.04530895322788702,-1.6471455130948478,-1.9680678429489744,-1.822870440723282,-2.032650070230216,-1.7162686082151821,-0.16657979483408653,0.0,0.0,0.0,1.0,0.0,1.46
STU-11686,-0.17089308146793408,0.07671459383676536,0.10940740285496331,1.789107555926732,1.0544635222301855,-0.241081143344894,3.267050310165605,1.0,0.0,0.0,1.0,0.0,4.96
STU-14134,-0.3870951161637552,-0.6037120693301693,-0.02443278351610984,-0.4058636881913539,0.1785847820437457,-0.1345398264375955,2.208979233667398,1.0,0.0,0.0,0.0,0.0,4.61
STU-12271,-0.8194991855553975,-0.25758932503929677,-0.70347490554582,-2.225744909580399,-0.6664228222180895,1.602903187742967,0.19485495306061795,0.0,0.0,0.0,0.0,1.0,3.1
STU-14072,-1.0357012202512186,0.14256233543356528,0.2304540419993902,1.7613231097986555,1.0544635222301855,-1.4376220870730165,0.4047202905478656,0.0,0.0,0.0,1.0,0.0,4.76
STU-10055,0.26151098792370814,-0.232263270578989,0.5020708908112732,-1.7117326562109738,-0.435966202873953,-0.9540884180322,-0.3094048161795746,1.0,0.0,1.0,0.0,0.0,4.39
STU-14403,-1.2519032549470397,-0.048227274834086155,-0.4111915573678147,-1.572810425570589,-0.03033383549252772,-1.4949904884846392,1.0722086556114732,0.0,0.0,0.0,1.0,0.0,2.33
STU-12783,-0.6032971508595764,-0.29642260854510205,0.7717195015882893,1.3028797486853843,0.23386565335059448,1.1931288919456646,0.20942893483056566,0.0,0.0,1.0,0.0,0.0,4.41
STU-12791,-1.2519032549470397,0.27088101136579107,-0.6129359559418586,0.5110230340351885,0.6301648866152793,-1.167171051846797,0.6204152207430925,0.0,0.0,1.0,0.0,0.0,4.81
STU-12819,1.5587231960986347,0.684539900884151,0.6191810538859635,1.7613231097986555,0.26832645624317597,0.17688863836835414,-0.4085078922152193,1.0,0.0,0.0,1.0,0.0,6.01
STU-14027,0.47771302261952925,0.18983763709280657,-0.5430635057040182,-0.07245033465442915,0.12186804394970635,0.02117440596537969,-0.6591803786583206,0.0,0.0,1.0,0.0,0.0,4.52
STU-13129,-0.17089308146793408,-0.7607336069840772,1.500951693507151,-0.10023478078250683,0.1735592482885781,-2.265366164583567,0.04911513536114037,0.0,0.0,0.0,0.0,1.0,4.05
STU-11520,0.6939150573153504,0.6625906536852177,0.588673364345498,1.2334186333651909,1.0034902512849095,1.2177153496935023,3.3894717570331667,0.0,0.0,0.0,0.0,1.0,5.32
STU-10272,0.04530895322788702,-1.0781534895532674,-0.30982729857207536,1.789107555926732,-2.279619157627048,0.9472643144672828,-0.0820507005683895,1.0,0.0,0.0,0.0,1.0,3.63
STU-13492,-0.6032971508595764,-0.5902048402846718,-0.1120193760677681,-0.9476603876888556,0.011306301336007803,-0.7573967560494947,1.9728807289942447,1.0,0.0,0.0,1.0,0.0,3.22
STU-12525,-0.8194991855553975,0.30802589124090923,0.8445443088784315,-0.461432580447508,0.8340579703963851,1.4144070116762075,-0.5455033208527282,0.0,0.0,1.0,0.0,0.0,4.41
STU-10914,0.9101170920111715,2.4877549784580615,1.500951693507151,1.4973708715819232,1.0544635222301855,0.37358030035105944,1.136334175399243,0.0,0.0,0.0,0.0,0.0,5.79
STU-13585,-0.8194991855553975,0.665967460946592,1.1309229429518304,0.41377747258691844,1.0544635222301855,0.02117440596537969,0.5038233665835103,0.0,0.0,0.0,1.0,0.0,5.07
STU-10426,-1.0357012202512186,-0.8569726139332464,1.0069239467551017,0.5249152570992267,-0.9119560428277308,-0.7000283546378723,2.3372302732429384,1.0,0.0,0.0,0.0,0.0,3.83
STU-10655,0.04530895322788702,-0.8367117703650004,-0.484016364657957,-0.364187018999238,-2.5509979804061254,-0.7246148123857106,-0.9856375703051504,1.0,0.0,0.0,0.0,1.0,2.6
STU-11426,0.47771302261952925,-0.41798766995457926,0.1763274960405006,-0.2669414575509692,0.059407838706902555,-1.675291178635452,1.0896974337354102,1.0,0.0,0.0,1.0,0.0,4.21
STU-12112,-1.2519032549470397,0.05138853937645758,0.06659822559656975,0.7194063799957667,-0.2485855871455426,-0.4951412067392211,1.8679480602506204,1.0,0.0,0.0,1.0,0.0,4.27
STU-11239,-0.8194991855553975,1.4476983419547573,0.06659822559656975,0.024795226793840854,1.0544635222301855,2.537188582160815,0.818621372814382,0.0,0.0,0.0,0.0,1.0,5.66
STU-12726,-1.2519032549470397,-0.9802260789734109,-0.894393994928086,-0.8504148262405868,-1.8359363203850647,-0.5934870377305738,-0.10828386775429542,0.0,0.0,0.0,1.0,0.0,2.35
STU-11552,0.47771302261952925,-0.0718649256637068,0.14680392551746863,-1.253289295097704,-0.26581598859183286,0.3489938426032211,-1.7114218624485489,0.0,0.0,0.0,0.0,1.0,4.1
STU-11437,0.6939150573153504,-0.12758224547638383,-0.03525809270788777,-1.2810737412257802,0.398990333877547,2.012677483540269,0.16862178587471202,0.0,0.0,0.0,1.0,0.0,3.61
STU-11943,0.47771302261952925,-0.5513715567788665,-1.7417204689390715,0.03868744985787907,0.19653311688363176,1.9717000539605385,2.826916060713183,0.0,0.0,1.0,0.0,0.0,3.03
STU-11396,0.26151098792370814,0.056453750268519017,-0.15335237480001146,-0.10023478078250683,0.8771339740121112,-0.3148405165884083,-0.16657979483408653,0.0,0.0,1.0,0.0,0.0,3.91
STU-14802,-1.0357012202512186,0.7807789078333204,0.9045755689419275,-0.016881442398275045,0.4894499414705721,0.7997455679802542,0.08409269160901502,0.0,0.0,0.0,1.0,0.0,5.16
STU-10286,-0.17089308146793408,-0.08368375107851712,0.06659822559656975,-1.225504848969626,-0.26796978877261923,-0.20010371376516392,0.7486662603186326,0.0,0.0,0.0,0.0,1.0,3.85
STU-11044,-0.17089308146793408,-0.8282697522115644,-1.3677552423140142,-0.07245033465442915,0.06945890621723878,0.7915500820643075,-0.16657979483408653,1.0,0.0,0.0,0.0,0.0,4.22
STU-10243,0.47771302261952925,-1.056204242354334,-1.0321706573688958,1.539047540774039,-1.6629143725285633,0.3571893285191677,0.8856616889561417,1.0,0.0,0.0,1.0,0.0,4.04
STU-13728,-0.17089308146793408,-0.16472712535150194,1.500951693507151,1.4695864254538455,0.19437931670284536,1.602903187742967,-0.44640024481708346,0.0,0.0,1.0,0.0,0.0,3.81
STU-13618,1.3425211614028136,0.8297426131232485,0.1271215451687825,1.789107555926732,1.0544635222301855,1.2095198637775564,-0.0995394786923267,1.0,0.0,0.0,0.0,1.0,5.54
STU-14916,-1.2519032549470397,-0.4652629716138203,-1.6108326396203017,0.5249152570992267,0.7249320945698772,-1.5441634039803152,0.9148096524960372,1.0,0.0,0.0,0.0,1.0,3.44
STU-12506,-1.2519032549470397,-0.1782343543969991,0.06659822559656975,0.6777297108036509,1.0544635222301855,-0.4951412067392211,1.325795938408564,0.0,0.0,0.0,0.0,1.0,5.45
STU-10554,-1.2519032549470397,0.8500034566914949,1.500951693507151,1.3028797486853843,1.0544635222301855,2.6519253849840605,3.342835015369334,1.0,0.0,1.0,0.0,0.0,5.5
STU-11078,-0.8194991855553975,1.6553719885292808,1.4241904101472707,0.8444363875721131,1.0544635222301855,0.3899712721829519,0.4805049957515939,0.0,0.0,0.0,0.0,1.0,5.48
STU-12742,-0.8194991855553975,-0.8232045413195029,-1.806672324089739,-0.7253848186642391,-0.7497030958751605,1.1275650046180963,-1.5248748957932177,1.0,0.0,0.0,0.0,0.0,3.95
STU-11395,0.04530895322788702,2.9216747115446675,0.06659822559656975,1.789107555926732,1.0544635222301855,-0.2984495447565166,-0.047073144320514855,0.0,0.0,0.0,1.0,0.0,6.07
STU-13275,0.6939150573153504,-1.0950375258601392,0.7982907150590166,0.8861130567642278,-0.8818028402967221,-1.4294266011570707,1.4569617743380936,1.0,0.0,0.0,0.0,1.0,4.02
STU-12891,0.04530895322788702,0.42621414538901187,0.2796599928711083,-0.2252647883588533,-0.323250660079468,-1.4048401434092324,1.8883516347285474,1.0,0.0,0.0,0.0,0.0,4.13
STU-10375,-1.2519032549470397,-0.6594293891428463,0.3751195375622413,0.2470707958184561,-1.4733799566193662,1.791399363809725,0.428038661379782,0.0,0.0,0.0,0.0,0.0,3.76
STU-14899,-0.3870951161637552,-0.8417769812570618,0.1389309733779939,0.23317857275441786,-0.9155457097957078,1.9635045680445926,0.6699667587609148,1.0,0.0,0.0,0.0,1.0,4.22
STU-10266,-0.3870951161637552,-0.5260455023185587,0.06216969001811355,0.8861130567642278,0.5748840153084295,-0.6836373828059805,-0.16657979483408653,1.0,0.0,0.0,0.0,1.0,4.42
STU-12673,-0.6032971508595764,0.6912935154068995,1.0039715897027985,0.788867495315959,1.0544635222301855,0.9800462581310663,1.5997867956835816,0.0,0.0,0.0,0.0,0.0,5.55
STU-14917,0.6939150573153504,1.6925168684043985,1.4783169561061602,1.6640775483503856,0.7407266292289768,0.7669636243164699,-0.7582834546939654,1.0,0.0,0.0,1.0,0.0,6.04
STU-12895,0.26151098792370814,0.804416558662941,0.7018470513504488,-0.8365226031765474,1.0544635222301855,0.7013997369889016,-0.6329472114724147,0.0,0.0,1.0,0.0,0.0,3.98
STU-13813,0.26151098792370814,0.46673583252550427,0.7225135507165711,0.024795226793840854,1.0544635222301855,0.2998209271075451,0.5038233665835103,1.0,1.0,0.0,0.0,0.0,6.11
STU-13971,-1.2519032549470397,-0.3014878194371635,0.3288659437428264,-0.6420314802800086,-0.1207934430855538,-0.16732177010137972,0.07826309890103579,0.0,0.0,0.0,0.0,1.0,3.56
STU-10727,-1.0357012202512186,1.5017272581367471,1.500951693507151,0.8722208337001897,0.1735592482885781,0.7833545961483617,-0.787431418233861,1.0,0.0,1.0,0.0,0.0,5.71
STU-11453,-0.17089308146793408,0.3164679093943452,-0.9062034231372974,1.3167719717494226,-1.25225647139197,0.6112493919134948,1.5706388321436864,1.0,0.0,0.0,1.0,0.0,4.54
STU-13263,-0.17089308146793408,0.5376487850143659,0.6221334109382652,0.7471908261238431,0.2403270538929537,1.4963618708356679,1.716378649843164,0.0,0.0,1.0,0.0,0.0,6.0
STU-12151,-0.3870951161637552,-0.426429688108015,-0.3541126543566205,0.21928634969037966,-0.23853451963520636,0.4145577299307895,0.01413757911326572,1.0,0.0,0.0,0.0,0.0,4.31
STU-13830,1.5587231960986347,1.0120902052374645,1.0118445418422732,1.4834786485178848,0.8979540424263786,-0.6754418968900346,-0.26276807451574175,0.0,0.0,0.0,0.0,0.0,4.85
STU-12171,0.47771302261952925,-0.5716324003471126,0.20585106656353117,0.9972508412765361,-1.009594984356711,0.3817757862670053,-0.4085078922152193,0.0,0.0,0.0,1.0,0.0,4.88
STU-11107,0.9101170920111715,-1.2368634308378625,-0.2842402041187814,-0.2391570114228915,-1.563121630818797,0.02117440596537969,-1.3120947619519803,0.0,0.0,0.0,1.0,0.0,3.55
STU-12685,-0.17089308146793408,-1.5677905424525502,-0.8451880440563679,-0.2947259036790456,-2.3715146320072646,0.08673829329294812,1.3840918654883547,0.0,1.0,0.0,0.0,0.0,2.73
STU-13375,-0.17089308146793408,0.40764170545145295,1.500951693507151,-0.8226303801125091,1.0544635222301855,0.7341816806526857,-1.5190453030852384,0.0,0.0,0.0,0.0,1.0,5.19
STU-12477,-0.6032971508595764,-1.9020944613286124,-0.3619856064960966,-0.5447859188317385,-0.26653392198542863,0.24245252569592257,0.12198504421087916,1.0,0.0,0.0,0.0,0.0,2.97
STU-14987,0.6939150573153504,-1.8750800032376174,-0.5686506001573121,-0.7531692647923168,-1.9845485328593213,0.7505726524845775,-0.4959517828349058,0.0,0.0,0.0,1.0,0.0,2.18
STU-10151,-0.6032971508595764,-0.42474128447732784,-0.9573776120438853,-0.3919714651273156,-0.16458738009487572,0.03756537779727143,0.5562897009553222,1.0,0.0,0.0,0.0,1.0,4.05
STU-11572,0.9101170920111715,0.5224531523381812,0.6142604587987905,0.49713081097115025,0.7120092934851597,-0.364013432084085,-1.0876554426947849,1.0,0.0,0.0,0.0,1.0,5.51
STU-14883,0.26151098792370814,-0.048227274834086155,1.030542803173526,1.0250352874046138,1.0544635222301855,-0.9540884180322,0.4163794759638238,0.0,0.0,0.0,0.0,1.0,5.1
STU-14368,0.26151098792370814,-0.1630387217208145,0.8740678794014621,-0.461432580447508,0.7794950324831311,-1.0196523053597686,0.6408187952210195,1.0,0.0,0.0,1.0,0.0,4.2
STU-11679,0.04530895322788702,-0.1664155289821891,0.6949582182284089,0.9694663951484597,-1.089285591045805,-0.19190822784921804,0.031626357237203175,1.0,0.0,1.0,0.0,0.0,3.99
STU-13679,0.26151098792370814,-1.0865955077067033,-0.039194568777625824,-0.8781992723686632,0.1735592482885781,0.6604223074091707,2.0049434888881295,0.0,0.0,0.0,1.0,0.0,3.79
STU-12995,-0.3870951161637552,1.4341911129092602,1.500951693507151,1.4695864254538455,1.0544635222301855,1.0783920891224197,1.3607734946564383,1.0,0.0,0.0,0.0,1.0,6.63
STU-11511,0.47771302261952925,0.5089459232926838,0.6929899801935405,1.0250352874046138,1.0544635222301855,1.479970899003776,-1.2829467984120848,0.0,0.0,0.0,0.0,0.0,5.37
STU-12064,-1.0357012202512186,-0.2896689940223532,-0.47712753153591575,0.691621933867689,0.23099391977621328,-0.3885998898319226,3.3894717570331667,1.0,0.0,1.0,0.0,0.0,3.74
STU-11051,-1.2519032549470397,0.8280542094925617,1.500951693507151,0.024795226793840854,0.4076055346006916,-0.6508554391421962,0.8040473910444345,1.0,0.0,0.0,0.0,1.0,4.57
STU-13053,-0.3870951161637552,-0.043162063942024716,1.4173015770252309,0.03868744985787907,0.402580000845524,1.3816250680124227,-1.5511080629791236,0.0,0.0,0.0,1.0,0.0,4.49
STU-11752,1.5587231960986347,-1.4867471681795654,-1.495690714580481,-1.2810737412257802,-2.874068007524074,-0.3476224602521925,-0.344382372427449,0.0,0.0,0.0,1.0,0.0,2.14
STU-13482,-0.3870951161637552,-0.03134323852721439,0.06659822559656975,-0.30861812674308386,1.0164130523696269,2.0864368567837834,1.3753474764263864,1.0,0.0,0.0,0.0,1.0,4.85
STU-10046,-0.8194991855553975,-0.406168844539769,0.06659822559656975,1.080604179660768,-1.1316436612679364,0.08673829329294812,-0.16657979483408653,1.0,0.0,0.0,0.0,0.0,4.34
STU-13514,1.1263191267069925,-1.6032470186969812,0.06659822559656975,-0.7531692647923168,-1.4568674885666717,0.045760863713217304,0.6291596098050609,1.0,0.0,0.0,1.0,0.0,3.84
STU-13249,0.04530895322788702,0.8483150530608075,0.4144842982596149,-0.44754035738346976,0.2374553203185725,-0.5607050940667895,-1.1663549442525027,0.0,0.0,1.0,0.0,0.0,3.78
STU-11278,-0.8194991855553975,1.7364153628022656,1.500951693507151,1.7057542175425013,1.0544635222301855,0.5047080750061963,0.24732128743242981,0.0,0.0,0.0,0.0,0.0,5.7
STU-10883,-1.2519032549470397,1.7600530136318862,1.500951693507151,1.1778497411090367,1.0544635222301855,-0.5852915518146279,-0.09662468233833721,0.0,0.0,0.0,0.0,1.0,5.07
STU-14333,1.1263191267069925,0.777402100571946,0.4321984405734341,-0.2391570114228915,0.6337545535832563,-0.7328102983016564,-0.5950548588705505,0.0,0.0,0.0,0.0,1.0,4.72
STU-14477,-0.17089308146793408,0.09359863014363713,0.7461324071349953,0.49713081097115025,1.0544635222301855,-0.42957731941165267,-1.0963998317567536,0.0,0.0,1.0,0.0,0.0,4.53
STU-10094,-0.3870951161637552,-0.19849519796524548,-1.7564822542005862,-1.0032292799450098,-1.441072953907572,-0.8721335588727391,3.3894717570331667,1.0,0.0,0.0,0.0,0.0,2.87
STU-10393,-0.3870951161637552,0.4245257417583247,0.8140366193379661,0.28874746501057197,1.0006185177105271,-0.536118636318952,-0.5513329135607071,0.0,0.0,0.0,0.0,0.0,5.65
STU-13867,0.04530895322788702,-1.3229720160029088,0.8268301665646137,-0.8365226031765474,-0.5508355458492233,0.8079410538962001,-1.2013325005003772,0.0,0.0,0.0,0.0,1.0,2.98
STU-10633,0.04530895322788702,-0.03134323852721439,-1.4228659072903374,-1.114367064457318,-0.7834459653741462,0.5866629341656564,-0.11994305317025365,0.0,0.0,0.0,0.0,0.0,4.05
STU-13544,-0.3870951161637552,-1.3010227688039755,1.1338753000041337,0.9972508412765361,-1.3276394777194922,1.1849334060297174,-1.2217360749783042,0.0,0.0,0.0,0.0,0.0,4.08
STU-10560,-1.0357012202512186,-0.25252411414723536,0.9478768057090392,-1.3227504104178962,-0.2895077905804823,0.5702719623337646,-0.7174763057381117,0.0,0.0,0.0,0.0,1.0,4.82
STU-10409,-0.3870951161637552,-0.6054004729608564,0.24029523217373328,-0.558678141895778,-0.842316503648973,0.2834299552756527,0.7049443150087893,0.0,0.0,1.0,0.0,0.0,3.48
STU-12866,-1.2519032549470397,-0.42474128447732784,0.48829322456719204,1.038927510468652,1.0544635222301855,-0.8475471011249015,-1.0468482937389312,0.0,0.0,0.0,0.0,1.0,4.1
STU-14031,0.26151098792370814,-0.2255096560562404,0.8435601898609967,1.3584486409415384,0.8685187732889657,-0.536118636318952,0.005393190051296993,1.0,0.0,1.0,0.0,0.0,4.4
STU-14532,-0.3870951161637552,0.10372905192776032,0.8888296646629781,1.038927510468652,0.6797022907733646,0.004783434133487219,-1.192588111438409,1.0,0.0,0.0,0.0,1.0,3.92
STU-12725,-0.17089308146793408,-0.620596105637041,-0.5174764112507256,-0.4753248035115462,-0.250739387326329,1.5127528426675596,0.11615545150289992,0.0,0.0,0.0,1.0,0.0,3.95
STU-13196,-0.17089308146793408,-0.8215161376888156,-0.03230573565558457,0.9000052798282673,0.7866743664190852,0.5292945327540346,0.7544958530266122,1.0,0.0,1.0,0.0,0.0,4.13
STU-11873,-0.8194991855553975,0.14087393180287813,0.8868614266281097,-0.6142470341519322,0.2934541250190171,1.0128282017948511,1.5852128139136343,0.0,1.0,0.0,0.0,0.0,3.81
STU-11323,-0.8194991855553975,-0.370712368295338,-0.6139200749592921,0.8583286106361514,-1.1854886657875945,-0.6508554391421962,-1.2013325005003772,0.0,0.0,1.0,0.0,0.0,3.61
STU-14370,-0.6032971508595764,-0.6560525818814718,-0.9081716611721672,-0.7531692647923168,-0.6053984837624773,0.2752344693597068,-0.4085078922152193,0.0,0.0,0.0,0.0,1.0,3.17
STU-11504,1.3425211614028136,-1.9020944613286124,-1.4838812863712683,-1.5450259794425127,-1.242205403881634,-2.2079977631719454,2.156512899295586,0.0,0.0,0.0,1.0,0.0,2.07
STU-12093,-1.0357012202512186,-0.8519074030411851,1.500951693507151,0.9833586182124978,-1.6054797010409276,-2.347321023743028,1.1479933608152015,0.0,0.0,0.0,0.0,0.0,3.05
STU-14139,-0.17089308146793408,0.1797072153086834,-0.00770276021972552,-0.7392770417282786,-0.11576790933038518,-1.0688252208554445,-1.1955029077923984,0.0,1.0,0.0,0.0,0.0,4.38
STU-14395,1.7749252307944559,0.38738086188320686,1.500951693507151,0.7194063799957667,1.0544635222301855,-1.8555918687862647,0.9118948561420477,0.0,1.0,0.0,0.0,0.0,5.2
STU-10041,-1.0357012202512186,-0.5631903821936769,-0.3363985120428027,0.5526997032273043,-0.6951401579619075,-0.4623592630754369,-1.294605983828043,1.0,0.0,1.0,0.0,0.0,4.46
STU-10586,0.04530895322788702,-0.17992275802768656,-1.506516023772259,-3.0176016242305947,1.0544635222301855,-0.6344644673103038,1.0139127285316818,0.0,0.0,0.0,1.0,0.0,2.98
STU-10600,-1.0357012202512186,-0.3740891755567123,-1.2742639356577496,0.08036411904999374,0.7888281665998715,0.3489938426032211,1.7630153915069968,1.0,0.0,0.0,0.0,0.0,4.63
STU-13886,0.47771302261952925,-0.06511131114095792,1.2234301305906616,-1.2393970720336644,0.3781702654632787,-2.6341630308011394,0.011222782759276231,0.0,0.0,1.0,0.0,0.0,3.74
STU-10712,0.26151098792370814,0.2962070658260989,-0.618840670046465,-0.25304923448692973,0.6028834176586518,0.06215183554510977,-0.35312676148941774,0.0,0.0,0.0,0.0,1.0,3.98
STU-14351,-0.8194991855553975,-0.7624220106147643,-1.201439128367606,-0.2808336806150074,-0.06766637195949043,-0.43777280532759927,0.3580835488840327,1.0,0.0,0.0,0.0,1.0,3.94
STU-14056,-0.6032971508595764,0.5427139959064277,0.11137564088983165,-0.2808336806150074,1.0544635222301855,-1.6998776363832904,-0.6737543604282685,0.0,1.0,0.0,0.0,0.0,4.04
STU-14486,0.26151098792370814,0.5393371886450533,0.3318183007951296,-0.030773665462313266,1.0544635222301855,-1.5359679180643693,-0.16657979483408653,1.0,0.0,0.0,1.0,0.0,4.61
STU-12025,0.47771302261952925,-0.21200242701074293,0.3180406345510485,0.5249152570992267,-0.07699950607623188,1.3324521525167474,0.34350956711408503,0.0,0.0,0.0,0.0,1.0,4.51
STU-12945,-0.6032971508595764,-0.9228203555300467,0.06659822559656975,1.2473108564292301,-0.6994477583234804,0.02117440596537969,-0.10536907140030594,1.0,0.0,0.0,0.0,1.0,4.49
STU-14792,-0.6032971508595764,-1.0410086096781495,-0.42693746164676416,0.41377747258691844,-2.3456690298378287,1.1029785468702573,1.623105166515498,0.0,0.0,0.0,0.0,1.0,3.24
STU-10199,1.7749252307944559,-0.026278027635152953,0.49026146260206177,0.39988524952288024,-0.24356005339037398,0.9390688285513369,-1.151780962482555,1.0,0.0,0.0,0.0,1.0,4.54
STU-11503,0.9101170920111715,-0.11745182369226065,0.25800937448755246,0.5388074801632649,-1.5351222284685746,1.5865122159110738,-1.2392248531022414,0.0,0.0,0.0,1.0,0.0,3.7
STU-14754,-0.8194991855553975,-0.19680679433455833,-0.7802361889057005,0.26096301888249557,-1.2264108692225342,0.02117440596537969,2.786108911757329,0.0,0.0,0.0,1.0,0.0,2.38
STU-12734,0.04530895322788702,0.7385688170661407,-0.6208089080813334,0.8583286106361514,0.34729912953867526,-0.7164193264697647,-1.469493765067416,0.0,0.0,0.0,0.0,0.0,4.67
STU-11623,0.6939150573153504,-0.674625021819031,0.06659822559656975,0.27485524194653377,-1.9235241944037085,0.07854280737700152,0.6612223696989464,0.0,0.0,0.0,0.0,1.0,4.0
STU-13427,0.26151098792370814,0.44478658532657106,-1.7594346112528894,0.024795226793840854,-0.519246476531024,0.7505726524845775,0.35225395617605376,1.0,0.0,0.0,0.0,0.0,4.61
STU-13272,-0.17089308146793408,0.8753295111518024,1.1958747981024993,0.4415619187149961,1.0544635222301855,-0.8885245307046317,-1.5831708228730088,0.0,0.0,0.0,0.0,0.0,4.63
STU-10921,-1.2519032549470397,-0.3014878194371635,0.6979105752807121,0.3721008033948038,0.8606215059594158,0.02117440596537969,-0.5309293390827805,0.0,0.0,1.0,0.0,0.0,4.33
STU-13151,-1.2519032549470397,0.15944637174043733,0.15074040158720667,-2.0312537866838603,0.01561390169758062,1.2013243778616105,-1.3441575218458655,0.0,0.0,0.0,0.0,1.0,3.54
STU-14668,-0.6032971508595764,-0.1478430890446299,0.31213592044644206,0.12204078824210964,-0.5709376808698958,0.02936989188132556,-1.067251868216858,0.0,0.0,0.0,1.0,0.0,4.27
STU-13424,0.6939150573153504,-0.3825311937101483,-0.15335237480001146,0.385993026458842,0.8225710360988573,0.930873342635391,-0.4842925974189476,1.0,0.0,0.0,0.0,0.0,4.31
STU-11257,0.47771302261952925,0.0665841720526422,-0.09135287670164711,-1.308858187353858,0.02853670278229805,0.9718507722151204,-0.16657979483408653,0.0,0.0,1.0,0.0,0.0,4.53
STU-11195,0.47771302261952925,0.5156995378154327,0.7343229789257826,-0.4892170265755844,1.0544635222301855,0.11952023695673232,-1.0497630900929207,0.0,0.0,1.0,0.0,0.0,4.84
STU-13972,-1.2519032549470397,-0.048227274834086155,0.8543854990527759,0.46934636484307257,1.0544635222301855,0.5620764764178188,-1.1634401478985132,0.0,0.0,0.0,1.0,0.0,4.93
STU-11678,0.9101170920111715,0.22191730607586294,0.44597610681751526,0.691621933867689,0.2934541250190171,-1.4130356293251782,-1.1809289260224505,0.0,0.0,1.0,0.0,0.0,4.45
STU-14930,-1.0357012202512186,0.2995838730874732,-1.91295717797265,0.03868744985787907,-1.8402439207466375,-0.12634434052164964,-0.14617622035615957,1.0,0.0,1.0,0.0,0.0,3.28
STU-14380,-0.8194991855553975,-1.213225780008242,-2.4325720191779934,-0.15580367303866097,-2.2379790207985124,-1.6589002068035594,-0.16657979483408653,1.0,0.0,1.0,0.0,0.0,2.67
STU-11713,-0.6032971508595764,-0.4044804409090818,0.418420774329353,0.2470707958184561,0.44422013767405955,1.668467075070534,-0.5513329135607071,1.0,0.0,0.0,0.0,0.0,4.62
STU-10971,-0.6032971508595764,0.8500034566914949,0.39480191791092883,0.3026396880746102,0.5777557488828118,1.0701966032064738,0.5825228681412281,0.0,0.0,0.0,1.0,0.0,3.67
STU-10179,-1.2519032549470397,-0.7793060469216361,0.06659822559656975,-0.5864625880238544,0.6624718893270743,-0.8475471011249015,-0.3356379833654805,0.0,0.0,1.0,0.0,0.0,3.94
STU-12807,0.6939150573153504,-0.184987968919748,-0.8402674489691965,-0.7392770417282786,-0.3167892595371088,1.0865875750383656,-0.8603013270835997,0.0,0.0,0.0,1.0,0.0,3.76
STU-14210,9.990602549235659,-0.8822986683935542,-1.2240738657685968,1.0111430643405754,-0.5781170148058498,-1.1425845940989587,0.786558612920497,1.0,0.0,1.0,0.0,0.0,3.88
STU-12311,-0.6032971508595764,-0.889052282916303,-1.2388356510301126,-0.1835881191667374,-2.0742902070587514,0.5948584200816031,2.191490455543461,1.0,0.0,0.0,1.0,0.0,3.49
STU-14684,-1.0357012202512186,0.29114185493403744,-0.2557007526131843,1.0250352874046138,0.10391970910982029,-0.4705547489913835,-0.7407946765700282,1.0,0.0,0.0,0.0,1.0,4.86
STU-13283,0.47771302261952925,-1.9020944613286124,-0.5952218136280394,-0.2669414575509692,-1.8725509234584325,-0.14273531235354137,0.3609983452380225,0.0,0.0,0.0,0.0,1.0,3.34
STU-11215,-0.17089308146793408,-0.30317622306785064,-0.2586531096654875,0.5526997032273043,0.8879029749160433,-0.4951412067392211,-1.0585074791548892,1.0,1.0,0.0,0.0,0.0,4.82
STU-13231,-0.17089308146793408,-0.17992275802768656,1.0177492559468797,0.31653191113864965,-0.08346090661859007,-1.7162686082151821,-0.0033511990106714763,0.0,0.0,0.0,0.0,1.0,4.69
STU-14113,0.9101170920111715,0.4228373381276376,0.6280381250428716,1.1500652949809602,-0.23566278606082414,2.0946323426997293,0.6991147223008103,0.0,0.0,0.0,0.0,1.0,4.67
STU-13298,1.1263191267069925,-1.046073820570211,-0.5725870762270487,-0.558678141895778,-1.3822024156327453,-1.085216192687337,1.3491143092404805,1.0,0.0,0.0,0.0,0.0,3.6
STU-14672,0.26151098792370814,0.3958228800366426,1.3976191966765432,1.789107555926732,-0.3648907969080035,2.0782413708678362,0.780729020212518,1.0,0.0,1.0,0.0,0.0,5.08
STU-14089,-1.2519032549470397,0.7166195698672077,-0.41906450950728946,0.8444363875721131,0.8412373043323391,2.192978173691081,-0.5833956734545923,0.0,1.0,0.0,0.0,0.0,4.88
STU-12006,-0.3870951161637552,0.30802589124090923,1.0846693491324155,-0.5447859188317385,1.0544635222301855,-0.07717142502597295,-0.41433748492319833,0.0,1.0,0.0,0.0,0.0,4.46
STU-14262,-0.3870951161637552,-0.1191402273229478,0.48042027242771734,0.27485524194653377,0.4262718028341735,-0.4213818334957068,-0.20155735108196116,1.0,0.0,1.0,0.0,0.0,4.51
STU-10719,-0.17089308146793408,-0.34707471746571733,0.06659822559656975,1.094496402724806,1.0544635222301855,1.9143316525489158,-1.0847406463407954,0.0,1.0,0.0,0.0,0.0,5.56
STU-12384,-0.17089308146793408,-0.7742408360295746,0.32296122963822,1.0250352874046138,0.7299576283250458,-0.9704793898640918,-0.35604155784340724,0.0,0.0,0.0,0.0,0.0,4.66
STU-11141,0.9101170920111715,-1.1085447549056366,0.06659822559656975,-0.8226303801125091,-1.6901958414851899,0.5538809905018722,1.0255719139476402,0.0,0.0,0.0,1.0,0.0,2.56
STU-10172,0.6939150573153504,-0.23732848147105073,-0.49976226893690645,0.9972508412765361,1.0544635222301855,-0.3885998898319226,-0.16657979483408653,0.0,0.0,0.0,0.0,0.0,6.31
STU-13165,0.26151098792370814,-0.8029436977512567,-1.0400436095083705,-1.211612625905588,-1.0749269231738958,-0.27386308700867823,-0.44348544846309396,0.0,0.0,0.0,1.0,0.0,2.85
STU-13803,0.47771302261952925,-0.21706763790280437,1.500951693507151,1.789107555926732,1.0544635222301855,-0.42957731941165267,0.5737784790792596,0.0,0.0,0.0,1.0,0.0,4.92
STU-12138,-1.2519032549470397,-0.4652629716138203,0.7284182648211776,-0.11412700384654506,-0.49986227490394736,0.2752344693597068,1.0343163030096088,0.0,0.0,1.0,0.0,0.0,4.06
STU-13337,1.1263191267069925,-1.157508460195565,-0.3964297721062987,-0.8365226031765474,-2.2867984915630024,-0.33123148842030076,-0.6912431385522058,0.0,0.0,0.0,0.0,1.0,2.62
STU-13943,-0.17089308146793408,0.11554787734257033,0.07299499920989148,-1.461672641058281,0.8548780388106524,1.8323767933894557,-1.0468482937389312,0.0,0.0,0.0,0.0,0.0,4.65
STU-13559,0.04530895322788702,-1.6420803022027863,-1.6137849966726048,0.03868744985787907,-2.251619755276826,-0.37220891800003086,-0.32106400159553283,1.0,0.0,0.0,0.0,1.0,2.73
STU-13709,-1.0357012202512186,-1.537399277100181,-0.4318580567339357,-1.1838281797775103,-0.6362696196870807,1.8323767933894557,-1.3324983364299072,1.0,0.0,1.0,0.0,0.0,2.85
STU-14280,0.04530895322788702,-0.19680679433455833,-0.08446404357960585,0.09425634211403319,0.00340903400645798,1.4226024975921534,2.462566516464489,1.0,0.0,1.0,0.0,0.0,4.86
STU-11529,-0.8194991855553975,0.18308402257005768,-1.9001636307460037,-1.0310137260730874,-0.443145536809907,0.48012161725835795,-1.1896733150844192,1.0,0.0,0.0,0.0,1.0,3.26
STU-11014,-0.3870951161637552,-0.4517557425683228,-2.3538424977832446,-1.017121503009048,0.1347908450344238,-1.2409304250903113,-0.16657979483408653,0.0,0.0,0.0,0.0,1.0,3.26
STU-13699,0.26151098792370814,-0.5311107132106205,0.06659822559656975,0.6638374877396126,-1.5186097604158797,2.127414286363513,-0.9185972541633908,0.0,0.0,1.0,0.0,0.0,3.78
STU-11004,-1.2519032549470397,0.6912935154068995,0.19404163835431837,1.789107555926732,1.0544635222301855,-0.5443141222348977,-0.8544717343756206,1.0,0.0,0.0,0.0,0.0,5.61
STU-10218,-0.3870951161637552,-1.027501380632652,-1.0341388954037656,-1.822870440723282,-2.471307373717031,2.0454594272040527,-0.2452792963918043,0.0,0.0,1.0,0.0,0.0,2.3
STU-10089,1.7749252307944559,0.012555255870652312,-0.12678116132928408,-0.4753248035115462,0.22525045262744986,0.0539563496291639,3.138799270590065,0.0,0.0,0.0,0.0,1.0,3.65
STU-10642,0.04530895322788702,0.0412581175923344,1.2529537011136922,0.691621933867689,0.47939887396023584,1.668467075070534,0.7486662603186326,0.0,0.0,0.0,1.0,0.0,3.31
STU-14551,-0.3870951161637552,-0.7168351125862105,0.2944217781326229,0.3304241342026879,-2.5969457175962334,-0.15912628418543384,0.3959759014858971,1.0,1.0,0.0,0.0,0.0,3.59
STU-11298,-0.6032971508595764,0.03788131033096011,1.2214618925557919,0.9138975028923055,0.3803240656440651,-1.8555918687862647,-0.4114226885692088,0.0,0.0,0.0,1.0,0.0,4.49
STU-13132,0.6939150573153504,0.657525442793156,-0.7753155938185274,0.16371745743422553,0.15991851381026487,1.5373393004153986,0.9177244488500267,0.0,0.0,0.0,0.0,1.0,4.54
STU-10002,0.9101170920111715,-0.8096973122740054,0.29343765911518943,0.06647189598595551,-0.6003729500073086,1.4226024975921534,-1.0730814609248371,0.0,0.0,0.0,1.0,0.0,3.78
STU-11634,1.3425211614028136,0.2793230295192271,0.06659822559656975,-1.0032292799450098,0.8347759037899799,0.0539563496291639,0.5009085702295208,0.0,0.0,0.0,0.0,0.0,4.07
STU-12265,-0.8194991855553975,0.7588296606343872,0.9754321381972014,1.7196464406065397,0.6538566886039288,-1.5605543758122076,0.7574106493806017,0.0,0.0,0.0,0.0,0.0,5.15
STU-11510,0.47771302261952925,0.47011263978687884,0.20388282852866144,0.09425634211403319,1.0544635222301855,1.1849334060297174,0.623330017097082,0.0,0.0,0.0,0.0,0.0,4.59
STU-10809,-0.6032971508595764,-0.4517557425683228,0.06659822559656975,0.06647189598595551,0.0773561735467886,-1.4048401434092324,-0.04415834796652537,0.0,0.0,0.0,0.0,1.0,3.86
STU-10803,-1.2519032549470397,-0.926197162791421,0.06659822559656975,0.19150190356230198,-0.649910354165394,1.2177153496935023,-0.16657979483408653,1.0,0.0,1.0,0.0,0.0,4.24
STU-14569,-1.2519032549470397,1.4595171673695675,0.924257949290615,-0.10023478078250683,1.0544635222301855,-0.5115321785711135,0.8652581144782148,0.0,1.0,0.0,0.0,0.0,4.81
STU-10506,0.04530895322788702,0.1982796552462423,-0.10808289999803004,0.024795226793840854,0.4047338010263104,-0.40499086166381504,-0.16657979483408653,1.0,0.0,0.0,0.0,1.0,5.59
STU-13833,-0.6032971508595764,0.855068667583556,0.9567338768659488,1.2750953025573066,1.0544635222301855,-1.0114568194438227,-0.5892252661625715,0.0,0.0,0.0,0.0,1.0,5.48
STU-10185,0.47771302261952925,1.0002713798226541,1.500951693507151,1.1222808488528826,1.0544635222301855,-0.8229606433770632,-1.7114218624485489,1.0,0.0,1.0,0.0,0.0,5.71
STU-10975,-0.8194991855553975,0.880394722043864,1.3356196985781776,0.8722208337001897,1.0544635222301855,-0.8065696715451715,0.28521364003429395,0.0,0.0,0.0,1.0,0.0,5.6
STU-10580,0.04530895322788702,-1.177769303763811,0.06659822559656975,-0.19748034223077562,-0.07628157268263606,-0.6918328687219264,1.3228811420545745,0.0,0.0,0.0,0.0,1.0,3.6
STU-13266,-0.6032971508595764,-1.5880513860207965,0.83962371379126,-1.308858187353858,-2.383001566304792,-0.17551725601732557,0.022881968175234448,0.0,1.0,0.0,0.0,0.0,2.08
STU-12042,-0.17089308146793408,-1.398950179383832,-1.2486768412044558,-1.3922115257380885,-0.13084451059589003,0.8898959130556602,1.617275573807519,0.0,0.0,1.0,0.0,0.0,2.72
STU-13403,-1.2519032549470397,1.14040888116969,1.0462887074524754,0.19150190356230198,1.0544635222301855,-0.25747211517678575,1.372432680072397,0.0,0.0,1.0,0.0,0.0,5.12
STU-13324,0.6939150573153504,-0.048227274834086155,-0.7684267606964876,0.8861130567642278,0.19437931670284536,1.7176399905662105,-0.8836196979155162,1.0,0.0,1.0,0.0,0.0,4.87
STU-10793,-0.17089308146793408,0.2843882404112886,0.8032113101461882,1.747430886734616,1.0544635222301855,0.02117440596537969,-0.7903462145878505,0.0,0.0,0.0,0.0,0.0,5.42
STU-11994,-0.6032971508595764,0.471801043417566,-0.5519205768609278,0.27485524194653377,0.18432824919250912,-2.2489751927516752,0.8302805582303404,1.0,0.0,0.0,0.0,0.0,3.67
STU-13725,0.6939150573153504,-0.2727849577154814,0.15074040158720667,0.4832385879071108,-0.2830463900381231,-1.0770207067713904,1.4278138107981981,0.0,0.0,0.0,1.0,0.0,4.84
STU-11475,0.47771302261952925,-0.6729366181883437,-1.9336236773387723,-0.8920914954327015,-0.4309406691187843,1.4226024975921534,0.01413757911326572,0.0,0.0,0.0,0.0,1.0,2.79
STU-13171,0.47771302261952925,1.1032640012945722,0.9488609247264741,1.6918619944784619,1.0544635222301855,0.6522268214932249,-0.8603013270835997,1.0,0.0,0.0,0.0,1.0,6.15
STU-12768,-0.8194991855553975,1.2180754481813005,1.500951693507151,0.788867495315959,0.7191886274211138,-0.12634434052164964,0.6641371660529358,0.0,0.0,0.0,1.0,0.0,5.0
STU-11625,0.04530895322788702,0.33166354207052984,-0.018528069411503444,0.31653191113864965,1.0544635222301855,-1.6998776363832904,-1.0759962572788266,1.0,0.0,1.0,0.0,0.0,4.2
STU-12385,-0.8194991855553975,0.1577579681097499,-0.9367111126777629,0.42766969565095664,0.09386864159948406,-0.3148405165884083,-1.0993146281107429,0.0,0.0,0.0,0.0,0.0,4.05
STU-14972,-0.8194991855553975,0.8010397514015667,1.2450807489742175,0.17760968049826376,1.0508738552622083,0.521099046838088,-0.9856375703051504,0.0,0.0,0.0,0.0,0.0,4.91
STU-11357,0.9101170920111715,0.08009140109813966,0.09661385562831706,-0.4058636881913539,1.0544635222301855,1.1029785468702573,-0.6562655823043311,0.0,0.0,0.0,1.0,0.0,4.29
STU-13693,0.9101170920111715,0.014243659501339458,0.06659822559656975,0.7194063799957667,1.0544635222301855,-0.8475471011249015,-0.4959517828349058,0.0,1.0,0.0,0.0,0.0,3.85
STU-12748,1.3425211614028136,0.7757136969412586,-0.8136962354984677,0.594376372419419,0.5641150144044985,0.02117440596537969,-0.6737543604282685,0.0,0.0,0.0,1.0,0.0,4.95
STU-11815,-1.2519032549470397,-1.0967259294908265,1.3749844592755527,-0.2252647883588533,-0.053307704087582404,0.2916254411915993,-0.35021196513542824,0.0,0.0,0.0,0.0,1.0,4.31
STU-10649,-0.3870951161637552,-1.6792251820779043,-0.533222315529675,0.28874746501057197,-1.8933709918727004,-0.7573967560494947,0.7107739077167687,1.0,0.0,1.0,0.0,0.0,2.23
STU-10750,-0.6032971508595764,-0.8671030357173697,0.08480442741910427,0.4415619187149961,-0.33976312813216347,0.7751591102324158,-1.2333952603942622,0.0,0.0,1.0,0.0,0.0,3.34
STU-13103,1.1263191267069925,1.5067924690288088,1.2913343427936324,0.8861130567642278,1.0544635222301855,-0.7655922419654406,-0.9856375703051504,0.0,1.0,0.0,0.0,0.0,5.2
STU-13705,0.6939150573153504,1.8562920205810556,0.860290213157381,1.2750953025573066,1.0544635222301855,1.7668129060618873,0.35225395617605376,0.0,0.0,0.0,0.0,1.0,5.93
STU-13113,0.26151098792370814,-0.13095905273775812,-0.5174764112507256,-1.961792671363668,-0.4768884063088927,-0.37220891800003086,-0.6620951750123103,0.0,0.0,1.0,0.0,0.0,3.77
STU-14659,0.47771302261952925,0.46335902526413,1.500951693507151,1.5251553177099995,0.6394980207320197,0.31621189893943685,-0.38518952138330287,0.0,1.0,0.0,0.0,0.0,5.16
STU-10859,0.47771302261952925,-0.17654595076631197,-1.7495934210785462,-2.5174815939252086,0.6703691566566242,-0.10995336868975716,1.0255719139476402,0.0,0.0,0.0,0.0,0.0,2.83
STU-11776,-0.17089308146793408,-0.48552381518206633,0.9429562106218677,0.788867495315959,-0.13587004435105765,-0.3558179461681384,-0.767027843755934,1.0,1.0,0.0,0.0,0.0,4.79
STU-12699,-0.8194991855553975,-0.07355332929439394,0.729402383838611,-0.558678141895778,-1.2831276073165745,0.308016413023491,0.38140191971594917,0.0,0.0,0.0,1.0,0.0,3.48
STU-11266,-0.8194991855553975,0.6541486355317817,0.6172128158510937,0.3026396880746102,0.1735592482885781,-0.7328102983016564,-1.1605253515445235,0.0,0.0,0.0,0.0,1.0,5.09
STU-12249,-0.8194991855553975,-0.16135031809012734,0.45680141600929314,0.19150190356230198,1.0544635222301855,2.004481997624322,3.3894717570331667,0.0,0.0,0.0,0.0,1.0,5.56
STU-11794,-1.0357012202512186,-0.8654146320866825,-0.5509364578434929,-1.6839482100828973,-0.7640617637470696,1.570121244079182,0.5329713301234057,1.0,1.0,0.0,0.0,0.0,2.68
STU-13542,1.1263191267069925,-0.899182704700426,-1.0587418708396246,-2.4202360324769385,-1.7950141169501246,1.3160611806848543,-0.6562655823043311,0.0,0.0,1.0,0.0,0.0,2.99
STU-13517,-0.17089308146793408,1.0931335795104486,1.500951693507151,1.2473108564292301,1.0544635222301855,-0.48694572082327525,0.20359934212258668,1.0,0.0,0.0,1.0,0.0,5.15
STU-12212,-1.2519032549470397,0.21516369155311407,0.0897250225062758,0.3026396880746102,-0.34263486170654467,-0.6098780095624662,-0.4726334120029894,0.0,1.0,0.0,0.0,0.0,3.71
STU-14517,-0.17089308146793408,-1.2115373763775548,-1.229978579873203,0.024795226793840854,-1.736861512068894,0.03756537779727143,-0.36478594690537597,0.0,0.0,0.0,0.0,1.0,2.1
STU-13785,-0.3870951161637552,1.425749094755824,1.500951693507151,1.4695864254538455,1.0544635222301855,1.7750083919778332,-0.7990906036498192,0.0,1.0,0.0,0.0,0.0,5.56
STU-12122,1.5587231960986347,-1.9020944613286124,-1.1728996768620104,-1.5033493102503968,-3.32205844512763,2.2175646314389206,1.5852128139136343,0.0,0.0,0.0,0.0,0.0,2.94
STU-10846,-0.6032971508595764,1.2754811716246648,0.6782281949320246,1.1778497411090367,1.0544635222301855,1.3898205539283686,-0.9972967557211087,0.0,0.0,0.0,0.0,0.0,5.03
STU-10571,0.04530895322788702,-0.048227274834086155,-0.38954093898425746,0.5804841493553808,0.8642111729273928,-0.9704793898640918,0.40763508690185507,0.0,1.0,0.0,0.0,0.0,4.67
STU-14860,0.04530895322788702,0.08853341925157539,-0.3019543464325992,-0.8504148262405868,0.5425770125966354,0.2834299552756527,1.7367822243210909,0.0,0.0,1.0,0.0,0.0,4.21
STU-14278,0.6939150573153504,-0.38759640460220973,0.6044192686244474,0.8722208337001897,0.9008257760007607,1.3734295820964768,-1.4053682452796459,1.0,0.0,1.0,0.0,0.0,5.18
STU-11324,0.6939150573153504,-0.9042479155924876,0.6073716256767506,-0.33640257287116154,-1.133079528055127,1.4963618708356679,-0.19864255472797143,1.0,0.0,0.0,0.0,1.0,4.77
STU-13836,-0.6032971508595764,-0.6273497201597896,0.26686644564446066,0.42766969565095664,1.0544635222301855,-1.6015318053919376,-0.5892252661625715,0.0,0.0,0.0,0.0,1.0,4.52
STU-12790,-0.3870951161637552,-0.048227274834086155,-0.3363985120428027,0.7749752722519196,-0.512067142595069,-2.0276970730211317,0.1482182113967851,1.0,0.0,0.0,0.0,0.0,4.09
STU-12419,0.47771302261952925,-0.5311107132106205,-0.21436775388094234,-0.33640257287116154,-0.6053984837624773,0.8653094553078226,-0.43765585575511473,0.0,0.0,0.0,0.0,0.0,4.15
STU-10042,0.26151098792370814,7.85414145806605,0.05921733296581036,0.594376372419419,0.2769416569663216,-0.4705547489913835,3.3894717570331667,0.0,0.0,0.0,1.0,0.0,4.19
STU-11120,-0.17089308146793408,-0.6070888765915435,0.6457522673566908,-0.07245033465442915,0.31283832664609373,0.8407229975599835,0.2298325093084926,1.0,0.0,0.0,0.0,1.0,4.6
STU-12578,-0.3870951161637552,0.20334486613830405,0.27178704073163357,1.2195264103011525,-0.23997038642239696,1.2259108356094481,0.2764692509723255,0.0,0.0,0.0,0.0,1.0,4.27
STU-12336,0.9101170920111715,-1.2942691542812268,-0.894393994928086,-1.6422715408907815,-0.8523675711593093,-0.03619399544624286,2.351804255012886,0.0,0.0,0.0,1.0,0.0,2.76
STU-12863,-1.0357012202512186,0.9918293616692181,0.9931462805110206,1.539047540774039,0.33006872809238397,-2.576794629389517,-1.3907942635096984,0.0,0.0,0.0,1.0,0.0,4.79
STU-11119,-1.2519032549470397,0.2928302585647246,0.5296262232994354,0.6082685954834585,0.888620908309638,0.2014750961161925,-1.1692697406064925,1.0,0.0,0.0,1.0,0.0,4.59
STU-12842,-0.8194991855553975,-0.10225619101607604,0.538483294456345,0.3026396880746102,0.6136524185625838,0.02117440596537969,0.35516875253004326,0.0,0.0,0.0,0.0,1.0,5.4
STU-13937,1.3425211614028136,0.8348078240153103,1.3986033156939768,0.7055141569317273,1.0544635222301855,-0.0034120517824586514,-0.7058171203221535,0.0,0.0,0.0,0.0,1.0,5.07
STU-11069,1.991127265490277,0.8787063184131766,0.45975377306159637,-1.072690395265202,0.23027598638261745,0.5702719623337646,-0.7932610109418401,1.0,0.0,1.0,0.0,0.0,4.52
STU-14612,0.04530895322788702,-0.3251254702667841,0.6703552427925499,0.4832385879071108,0.12617564431127815,0.9964372299629595,0.4047202905478656,0.0,0.0,0.0,1.0,0.0,4.37
STU-12038,-0.8194991855553975,0.8246774022311868,0.7490847641872985,-0.8226303801125091,0.7974433673230172,0.02117440596537969,1.177141324355097,1.0,0.0,0.0,1.0,0.0,5.21
STU-13055,0.47771302261952925,-0.5378643277333691,0.15467687765694335,0.41377747258691844,0.030690502963084457,-0.03619399544624286,-1.137206980712607,1.0,0.0,0.0,1.0,0.0,4.36
STU-13388,-1.2519032549470397,0.9276700237031054,-2.110765100476957,-1.1282592875213562,0.5820633492443845,-1.3146897983338257,-1.437431005173531,1.0,0.0,1.0,0.0,0.0,3.43
STU-13916,-0.17089308146793408,1.167423339260685,1.2578742962008638,0.5526997032273043,1.0544635222301855,-1.0770207067713904,-1.0585074791548892,0.0,1.0,0.0,0.0,0.0,4.43
STU-13990,-0.6032971508595764,0.014243659501339458,0.06659822559656975,-1.7534093254030896,1.0544635222301855,0.03756537779727143,-0.16657979483408653,0.0,0.0,0.0,0.0,1.0,4.66
STU-14005,-0.6032971508595764,-0.20524881248799406,0.5896574833629314,-0.364187018999238,0.4700657398434954,-0.43777280532759927,0.10449626608694197,1.0,0.0,0.0,0.0,0.0,5.01
STU-10264,-1.2519032549470397,-0.46019776072175883,0.5483244846306881,-1.0449059491371255,1.0544635222301855,0.2342570397799767,-0.28900124170164765,0.0,0.0,0.0,0.0,1.0,4.03
STU-12858,-0.8194991855553975,-0.8282697522115644,-0.9672188022182283,-0.558678141895778,-0.8595469050952632,-0.09356239685786541,1.6988898717192265,0.0,0.0,0.0,1.0,0.0,2.19
STU-11613,-0.3870951161637552,0.09191022651294999,0.07693147527962954,-0.0029892193342368227,1.0544635222301855,-1.3474717419976099,0.6787111478228833,0.0,0.0,1.0,0.0,0.0,4.37
STU-13459,0.04530895322788702,0.42621414538901187,-0.583412385418828,-0.5725703649598162,1.0544635222301855,-0.03619399544624286,-0.11994305317025365,0.0,0.0,0.0,0.0,1.0,4.55
STU-11159,0.04530895322788702,0.13412031728012955,-1.2496609602218907,-0.30861812674308386,-2.179108482523686,-0.8475471011249015,2.893956376854943,0.0,1.0,0.0,0.0,0.0,2.78
STU-11967,-1.0357012202512186,-0.3690239646646508,-1.8893383215542259,-1.9895771174917445,-1.8366542537786605,1.0128282017948511,-1.632722360890831,0.0,0.0,1.0,0.0,0.0,2.43
STU-12262,0.47771302261952925,-0.1664155289821891,-0.9180128513465102,-0.1835881191667374,0.7558032304944817,-0.8967200166205775,0.6787111478228833,0.0,0.0,0.0,0.0,1.0,2.94
STU-12111,0.26151098792370814,0.020997274024088342,-1.7614028492877591,-0.04466588852635272,0.9632859812435645,1.0128282017948511,-1.469493765067416,0.0,0.0,0.0,0.0,0.0,3.66
STU-14401,1.3425211614028136,0.09528703377432428,0.6162286968336602,0.010903003729801398,0.6208317524985378,0.4555351595105196,-1.4024534489256562,0.0,1.0,0.0,0.0,0.0,4.64
STU-13405,0.04530895322788702,1.1961262009823674,1.2007953931896709,1.5668319869021154,0.02925463617589386,2.1847826877751353,-0.4580594302330417,1.0,0.0,0.0,1.0,0.0,5.63
STU-13340,-1.2519032549470397,-0.5631903821936769,0.3515006811438157,-1.4061037488021269,0.41765660211102784,-1.4949904884846392,-0.6737543604282685,0.0,0.0,1.0,0.0,0.0,3.29
STU-14137,-0.3870951161637552,-0.4044804409090818,-0.5027146259892097,0.08036411904999374,-0.675038022941235,0.32440738485538345,0.9031504670800792,0.0,0.0,0.0,0.0,1.0,4.21
STU-13512,-0.6032971508595764,-0.6729366181883437,1.500951693507151,-0.32251034980712207,-1.3427160789849961,-1.1343891081830129,-0.3356379833654805,0.0,0.0,0.0,0.0,1.0,3.91
STU-11712,-0.3870951161637552,-1.5357108734694938,-1.8667035841532351,-1.211612625905588,-0.9413913119651437,0.36538481443511356,-0.023754773488598422,0.0,0.0,0.0,0.0,1.0,3.15
STU-14710,-1.2519032549470397,-1.333102437787032,-1.3746440754360543,0.024795226793840854,-1.5315325615005977,0.31621189893943685,0.07534830254704629,0.0,0.0,1.0,0.0,0.0,2.12
STU-13975,-0.6032971508595764,-0.8417769812570618,-2.0034961275766117,-0.8365226031765474,0.1441239791511642,-0.21649468559705567,1.1742265280011075,0.0,0.0,0.0,0.0,0.0,3.52
STU-12481,-1.0357012202512186,-0.9211319518993595,-0.09725759080625211,1.191741964173076,0.8139558353757127,0.21786606794808422,-0.44348544846309396,1.0,0.0,1.0,0.0,0.0,4.55
STU-11321,0.47771302261952925,1.0644307177887669,0.5502927226655578,1.789107555926732,0.1735592482885781,0.18508412428430074,1.0051683394697133,1.0,0.0,0.0,0.0,0.0,5.58
STU-12141,-0.17089308146793408,-1.9020944613286124,-1.1502649394610196,-0.4197559112553921,-1.1201567269704094,-2.2817571364154596,-0.19864255472797143,1.0,0.0,0.0,1.0,0.0,2.35
STU-13602,1.991127265490277,0.1256782991266935,-0.38462034389708594,-0.19748034223077562,-0.2593545880494736,-0.2984495447565166,-0.28900124170164765,0.0,0.0,1.0,0.0,0.0,4.0
STU-13767,-0.3870951161637552,1.1606697247379363,-0.8835686857363081,0.31653191113864965,0.15489298005509625,-1.4540130589049083,-1.3499871145538445,0.0,0.0,0.0,0.0,0.0,4.57
STU-14500,-0.17089308146793408,1.0205322233909,-0.830426258794852,0.010903003729801398,0.6036013510522477,-0.33123148842030076,-1.4111978379876249,0.0,0.0,0.0,0.0,0.0,4.38
STU-11571,-0.6032971508595764,-1.0764650859225802,-1.7643552063400623,-2.670296047629632,-0.7008836251106709,-0.32303600250435416,-0.19864255472797143,0.0,0.0,0.0,0.0,0.0,3.4
STU-12865,1.7749252307944559,-0.6543641782507845,-0.5322381965122402,0.9000052798282673,0.14484191254476,0.4473396735945737,-1.6064891937049248,0.0,1.0,0.0,0.0,0.0,4.59
STU-10946,0.26151098792370814,-1.8126090689021919,-0.618840670046465,0.024795226793840854,-1.8481411880761873,0.02117440596537969,-1.137206980712607,0.0,0.0,0.0,0.0,0.0,2.93
STU-13096,1.1263191267069925,-0.20524881248799406,-0.6473801215520607,-0.43364813431943033,0.1735592482885781,0.32440738485538345,0.5009085702295208,0.0,0.0,0.0,1.0,0.0,4.11
STU-12587,0.6939150573153504,-0.07017652203301965,-1.4179453122031658,0.8861130567642278,0.1103811096521785,0.4555351595105196,-0.16657979483408653,0.0,0.0,0.0,1.0,0.0,3.34
STU-12963,-0.17089308146793408,-0.8552842103025593,-1.322485767512033,0.024795226793840854,0.16350818077824186,-1.462208544820855,1.311221956638616,0.0,0.0,0.0,1.0,0.0,4.01
STU-10411,-0.3870951161637552,-1.1710156892410624,1.0767963969929408,0.49713081097115025,-0.40509506694934844,1.9061361666329701,1.4511321816301146,1.0,0.0,0.0,0.0,1.0,4.33
STU-12182,0.26151098792370814,-0.2187560415334915,-0.11398761410263643,-0.04466588852635272,0.8879029749160433,1.2586927792732316,-0.2744272599317,0.0,0.0,0.0,1.0,0.0,4.35
STU-10538,1.1263191267069925,-0.048227274834086155,-0.7231572858945062,0.6777297108036509,-0.7360623613968472,0.9144823708034978,3.3894717570331667,0.0,0.0,0.0,1.0,0.0,3.83
STU-11297,2.2073293001860983,-0.1410894745218813,1.500951693507151,-0.6559237033440468,0.671087090050219,0.0539563496291639,0.16862178587471202,0.0,1.0,0.0,0.0,0.0,5.09
STU-11366,0.26151098792370814,-1.8565075633000585,-2.8055531267856164,-0.4058636881913539,-3.89855896018477,0.31621189893943685,-0.10828386775429542,1.0,0.0,1.0,0.0,0.0,1.65
STU-12192,0.6939150573153504,1.3396405095907775,-0.4603975082395328,1.789107555926732,-0.3648907969080035,-0.5033366926551677,-0.23362011097584606,0.0,0.0,0.0,1.0,0.0,4.35
STU-12325,-1.0357012202512186,-0.7725524323988874,-1.3972788128370448,-0.11412700384654506,-1.0720551895995147,2.152000744111352,-0.3268935943035118,0.0,0.0,1.0,0.0,0.0,3.3
STU-10940,-1.0357012202512186,0.7233731843899562,-0.8855369237711764,-1.0449059491371255,-0.6599614216757302,1.0456101454586346,1.981625118056213,0.0,0.0,0.0,0.0,1.0,4.24
STU-10962,-0.17089308146793408,-0.6898206544952156,-2.42961966212569,-2.267421578772515,0.1735592482885781,0.4637306454264662,-1.4199422270495936,0.0,0.0,0.0,0.0,1.0,2.8
STU-11017,-0.3870951161637552,-0.9464580063596671,-0.8018868072892562,-0.16969589610269917,-1.6557350385926088,0.37358030035105944,0.5912672572031971,0.0,0.0,1.0,0.0,0.0,3.36
STU-11528,0.47771302261952925,-0.7117699016941488,-1.7269586836775555,1.0250352874046138,-0.4402738032355248,0.8325275116440376,0.5475453118933536,1.0,0.0,0.0,0.0,0.0,4.31
STU-10389,-0.6032971508595764,-0.17316914350493767,0.6811805519843278,-1.267181518161742,1.0544635222301855,-0.7246148123857106,3.3894717570331667,1.0,1.0,0.0,0.0,0.0,4.27
STU-10753,-0.3870951161637552,-1.017370958848529,1.500951693507151,1.2612030794932685,0.10033004214184227,-0.4951412067392211,-0.1724093875420655,0.0,0.0,0.0,1.0,0.0,5.18
STU-13843,-0.17089308146793408,0.17801881167799624,-1.6068961635505634,1.4556942023898072,0.1714054481077917,-0.9704793898640918,-0.42308187398516706,0.0,0.0,1.0,0.0,0.0,4.37
STU-14478,0.47771302261952925,1.2721043643632903,0.0779155942970644,-0.5447859188317385,1.0544635222301855,-1.7080731222992362,-0.3997635031532506,0.0,0.0,0.0,1.0,0.0,4.48
STU-14989,-0.3870951161637552,-0.7877480650750721,-1.1965185332804344,0.20539412662634143,-1.1309257278743405,0.8571139693918767,-1.1284625916506386,0.0,0.0,0.0,1.0,0.0,2.5
STU-13057,0.26151098792370814,-0.048227274834086155,0.5768639361362852,0.27485524194653377,1.0544635222301855,0.7259861947367392,-0.16657979483408653,1.0,0.0,0.0,0.0,1.0,4.23
STU-10256,-0.8194991855553975,-0.6695598109269691,-1.8135611572117805,-0.0029892193342368227,-0.2572007878686872,-0.19190822784921804,-1.0818258499868056,0.0,0.0,0.0,0.0,1.0,3.19
STU-13547,-0.6032971508595764,-1.1912765328093087,-1.1728996768620104,-2.8786793935902097,-2.678790124466114,0.18508412428430074,-0.23944970368382532,0.0,0.0,0.0,0.0,1.0,2.06
STU-10108,0.6939150573153504,-0.20524881248799406,1.4832375511933318,-0.43364813431943033,0.6962147588260601,0.2752344693597068,0.5067381629374998,0.0,0.0,1.0,0.0,0.0,3.65
STU-14199,-0.6032971508595764,-1.7923482253339453,-1.021345348177118,-0.4753248035115462,-2.2135692854162676,0.20967058203213837,0.5329713301234057,0.0,1.0,0.0,0.0,0.0,1.39
STU-10796,0.47771302261952925,-0.667871407296282,-0.15630473185231467,0.6221608185474967,0.743598362803359,0.5866629341656564,-0.7641130474019445,0.0,0.0,0.0,0.0,1.0,4.57
STU-11018,-0.3870951161637552,-0.23395167420967614,1.3493973648222586,0.8305441645080737,1.0544635222301855,0.07854280737700152,0.4513570322116985,0.0,0.0,0.0,0.0,1.0,5.33
STU-10934,-0.8194991855553975,-1.1997185509627446,0.06659822559656975,1.789107555926732,-1.3951252167174637,-1.552358889896261,-1.0934850354027639,0.0,0.0,0.0,0.0,1.0,3.79
STU-10694,0.26151098792370814,0.14931594995631417,-0.4702386984138759,0.6221608185474967,1.0544635222301855,-1.0524342490235528,0.08117789525502553,0.0,0.0,0.0,1.0,0.0,3.86
STU-11218,0.04530895322788702,1.2991188224542853,0.9734639001623331,0.8583286106361514,1.0544635222301855,1.3078656947689085,-0.624202822410446,0.0,0.0,0.0,0.0,0.0,5.77
STU-11649,-1.0357012202512186,0.44816339258794535,0.549308603648123,0.5388074801632649,-0.47042700576653346,-1.7572460377949122,-1.1197182025886698,0.0,0.0,0.0,0.0,1.0,4.18
STU-10829,-0.6032971508595764,-0.048227274834086155,-1.1788043909666166,-1.5033493102503968,-0.22417585176329732,0.4063622440148436,0.18319576764465975,0.0,0.0,0.0,1.0,0.0,3.82
STU-14764,0.47771302261952925,0.9529960781634129,0.7736877396231575,-0.2391570114228915,0.3063769261037345,-0.5852915518146279,-0.5455033208527282,1.0,0.0,0.0,0.0,0.0,4.57
STU-13871,1.1263191267069925,1.0002713798226541,-0.2960496323279942,-0.7253848186642391,0.972619115360305,0.5292945327540346,-0.7203911020921013,0.0,0.0,0.0,0.0,1.0,4.03
STU-12364,0.6939150573153504,0.5089459232926838,1.500951693507151,-0.0029892193342368227,1.0544635222301855,-0.04438948136218873,-0.084965496922379,0.0,0.0,0.0,0.0,1.0,4.44
STU-10608,-1.2519032549470397,-0.07524173292508109,1.4300951242518771,-0.2669414575509692,0.4628864059075414,0.8243320257280918,-0.04998794067450434,1.0,0.0,0.0,1.0,0.0,4.18
STU-12197,1.3425211614028136,0.5697284539974226,0.5128962000030511,1.080604179660768,0.8347759037899799,-1.0360432771916601,-0.7932610109418401,1.0,1.0,0.0,0.0,0.0,4.32
STU-10418,-0.17089308146793408,0.2016564625076169,0.06659822559656975,-0.21137256529481507,0.22237871905306764,0.19327961020024662,-0.16657979483408653,0.0,0.0,1.0,0.0,0.0,4.56
STU-14158,0.26151098792370814,-0.048227274834086155,0.8415919518261283,-1.5867026486346274,0.3049410593165439,0.9144823708034978,-0.8398977526056728,0.0,0.0,0.0,0.0,1.0,4.48
STU-10628,0.26151098792370814,0.09528703377432428,0.06659822559656975,-0.4892170265755844,0.6394980207320197,-1.167171051846797,-0.11702825681626415,0.0,0.0,0.0,0.0,0.0,4.02
STU-11714,-0.8194991855553975,-1.1524432493035033,0.18026397211023726,1.4140175331976925,-0.5493996790620327,0.2342570397799767,0.3289355853441373,0.0,0.0,0.0,0.0,1.0,4.15
STU-12776,-1.2519032549470397,-0.12251703458432239,0.9281944253603531,-0.44754035738346976,0.7694439649727949,-0.4213818334957068,-0.00043640265668198663,1.0,0.0,0.0,0.0,1.0,4.62
STU-10290,-0.17089308146793408,-0.06342290751027077,0.7549894782919049,-0.1280192269105833,1.0544635222301855,1.9553090821286467,-0.18115377660403423,1.0,0.0,0.0,1.0,0.0,4.17
STU-14504,0.04530895322788702,-0.34369791020434304,0.4912455816194953,-0.4197559112553921,0.24678845443531292,0.4637306454264662,-0.05873232973647307,0.0,0.0,1.0,0.0,0.0,4.95
STU-13942,0.6939150573153504,1.1083292121866333,0.7638465494488145,-0.6837081494721244,0.6344724869768521,-0.2820585729246241,1.0984418227973791,0.0,0.0,1.0,0.0,0.0,3.92
STU-10804,-0.8194991855553975,0.06827257568332934,1.1378117760738717,0.26096301888249557,0.522474877575963,-1.208148481426527,0.96144639415987,0.0,0.0,0.0,0.0,1.0,4.62
STU-14657,-0.17089308146793408,-0.6357917383132257,-1.5931184973064825,-1.6005948716986669,-1.5200456272030702,0.5047080750061963,0.17153658222870152,0.0,0.0,0.0,0.0,1.0,2.96
STU-14610,-1.0357012202512186,-0.3268138738974713,0.5443880085609514,0.7055141569317273,1.0544635222301855,-0.27386308700867823,-1.1226329989426593,1.0,0.0,0.0,1.0,0.0,4.69
STU-13304,0.26151098792370814,0.9006555656121105,1.0492410645047785,-0.5725703649598162,1.0544635222301855,0.930873342635391,0.18028097129067025,1.0,0.0,0.0,0.0,0.0,5.06
STU-10332,0.6939150573153504,0.286076644041976,0.287532945010583,-0.669815926408085,1.0544635222301855,-1.3474717419976099,-0.956489606765255,1.0,0.0,1.0,0.0,0.0,4.55
STU-14419,1.7749252307944559,-0.3639587537725894,1.0787646350278093,-0.6420314802800086,1.0544635222301855,-0.9868703616959843,-0.041243551612535616,0.0,1.0,0.0,0.0,0.0,5.09
STU-11250,0.26151098792370814,-0.39772682638633294,-0.158272969887183,-1.1838281797775103,0.59857581729708,-0.23288565742894812,-0.3677007432593654,0.0,0.0,0.0,0.0,1.0,3.78
STU-11705,0.47771302261952925,0.11892468460394492,0.7638465494488145,0.024795226793840854,1.0544635222301855,-0.9704793898640918,1.2150336769569607,0.0,0.0,1.0,0.0,0.0,5.01
STU-14437,-0.6032971508595764,-0.2221328487948661,0.6998788133155804,0.27485524194653377,0.055818171738925546,-0.15093079826948724,2.4159297748006563,0.0,1.0,0.0,0.0,0.0,4.51
STU-12996,-0.6032971508595764,0.7824673114640072,0.2885170640280179,0.23317857275441786,0.42268213586619646,-0.25747211517678575,2.488799683650395,0.0,0.0,1.0,0.0,0.0,4.69
STU-10771,0.6939150573153504,-0.40110363364770724,-0.649348359586929,0.6082685954834585,-1.0304150527709792,-1.0934116786032828,0.9060652634340687,0.0,0.0,1.0,0.0,0.0,2.82
STU-12270,0.47771302261952925,0.610250141133915,-0.1405588275733652,-1.656163763954821,1.0544635222301855,0.39816675809889773,0.1598773968127433,0.0,0.0,0.0,0.0,0.0,4.12
STU-10392,0.6939150573153504,-0.2255096560562404,0.7038152893853185,0.3443163572667261,-0.17104878063723394,0.9882417440470136,2.1040465649237743,0.0,0.0,0.0,0.0,0.0,3.76
STU-13238,0.6939150573153504,-0.7067046908020873,-1.8450529657696793,0.5388074801632649,-1.6586067721669906,-1.503185974400585,1.0284867103016297,0.0,0.0,0.0,1.0,0.0,3.51
STU-12359,1.1263191267069925,0.04294652122302155,0.789433643902107,1.5112630946459613,1.0372331207838952,-0.1345398264375955,-0.16657979483408653,0.0,0.0,1.0,0.0,0.0,5.8
STU-12327,-0.3870951161637552,1.010401801606777,-0.49484167384973493,0.1081485651780714,0.4463739378548459,-1.9293512420297791,1.494854126939958,0.0,0.0,0.0,0.0,1.0,4.67
STU-14718,-0.6032971508595764,-0.2643429395620457,-0.2074789207589011,-0.1419114499746215,-0.690114624206739,1.275083751105125,-1.6414667499527995,1.0,0.0,1.0,0.0,0.0,4.59
STU-14859,1.3425211614028136,1.6891400611430243,0.910480283046534,-0.21137256529481507,1.0544635222301855,0.6768132792410632,-0.20738694378994016,0.0,0.0,0.0,1.0,0.0,4.84
STU-12238,-0.3870951161637552,0.37218522920702224,-0.5243652443727654,0.9416819490203819,-0.11289617575600398,0.4555351595105196,-1.536534081209176,1.0,1.0,0.0,0.0,0.0,4.4
STU-12334,0.04530895322788702,-0.7945016795978208,-1.2319468179080715,0.9138975028923055,0.43129733658934105,0.02117440596537969,-0.9972967557211087,1.0,0.0,0.0,1.0,0.0,4.19
STU-13095,0.04530895322788702,-0.2710965540847943,1.500951693507151,-2.4758049247330924,1.0401048543582763,-0.2984495447565166,-0.21904612920589836,0.0,0.0,0.0,0.0,1.0,3.64
STU-12237,0.04530895322788702,-0.14953149267531704,-0.8727433765445302,0.594376372419419,-0.6858070238451661,-0.011607537698404523,1.623105166515498,0.0,0.0,1.0,0.0,0.0,3.64
STU-11728,-0.17089308146793408,0.6355761955942227,-1.2890257209192642,1.0111430643405754,0.9647218480307551,-0.91311098845247,-0.4638890229410207,0.0,0.0,0.0,0.0,1.0,4.3
STU-14167,0.9101170920111715,-0.22719805968692755,1.4133651009554928,0.3582085803307643,0.2934541250190171,-0.364013432084085,2.576243574270082,1.0,1.0,0.0,0.0,0.0,5.4
STU-10738,0.9101170920111715,0.14087393180287813,0.397754274963232,0.49713081097115025,-0.2895077905804823,-1.117998136351121,0.1307294332728479,0.0,0.0,0.0,0.0,1.0,4.62
STU-14057,0.9101170920111715,-0.620596105637041,-0.8176327115682057,-1.308858187353858,0.18719998276689134,0.3817757862670053,-0.3414675760734595,0.0,0.0,0.0,0.0,0.0,3.37
STU-10165,0.9101170920111715,0.6355761955942227,1.3641591500837746,0.13593301130614785,0.4413484040996773,-0.08536691094191881,-0.017925180780619443,0.0,0.0,0.0,1.0,0.0,4.74
STU-11868,-1.2519032549470397,-0.12420543821500954,-0.1120193760677681,-1.0310137260730874,-0.7145243595889842,1.3734295820964768,1.7280378352591224,0.0,0.0,1.0,0.0,0.0,2.98
STU-14759,-0.8194991855553975,0.9023439692427973,1.500951693507151,0.3721008033948038,0.9783625825090684,-0.6262689813943579,-0.7233058984460908,0.0,0.0,0.0,1.0,0.0,4.26
STU-12834,-1.2519032549470397,-1.2115373763775548,-1.0046153248807337,-1.072690395265202,-1.80362931767327,0.8653094553078226,-0.44348544846309396,1.0,0.0,0.0,0.0,1.0,3.81
STU-13370,0.9101170920111715,-1.213225780008242,0.15369275863950987,0.21928634969037966,0.3860675327928285,1.152151462365934,-0.5455033208527282,0.0,0.0,0.0,0.0,1.0,4.64
STU-10213,0.04530895322788702,0.49206188698581205,-1.347088742947892,-0.07245033465442915,-0.3756597978119356,1.021023687710797,-1.0177003301990355,1.0,0.0,0.0,0.0,1.0,4.14
STU-10060,-0.3870951161637552,-0.024589624004465807,0.6841329090366309,0.3582085803307643,0.47509127359866404,2.6929028145637894,0.8740025035401833,0.0,0.0,0.0,0.0,0.0,4.84
STU-10074,0.04530895322788702,0.8922135474586744,1.500951693507151,0.8722208337001897,1.0544635222301855,-1.380253685661394,0.7340922785486852,1.0,0.0,0.0,0.0,0.0,5.22
STU-11052,1.5587231960986347,-1.2284214126844266,0.6063875066593157,-0.2947259036790456,-1.459021288747458,0.5538809905018722,0.8390249472923089,0.0,0.0,0.0,0.0,1.0,3.44
STU-14681,-0.17089308146793408,-1.9020944613286124,-0.8894733998409146,0.21928634969037966,-1.9658822646258398,-0.11814885460570303,1.7367822243210909,0.0,0.0,0.0,0.0,0.0,3.11
STU-13200,0.6939150573153504,-0.048227274834086155,-0.3777315107750461,0.024795226793840854,-0.3175071929307046,1.2504972933572858,-0.72913549115407,0.0,0.0,1.0,0.0,0.0,2.94
STU-12943,-0.17089308146793408,-0.2643429395620457,0.47746791537541416,-1.4338881949302045,1.0544635222301855,0.20967058203213837,0.2618952692023775,0.0,0.0,1.0,0.0,0.0,3.56
STU-14557,-0.3870951161637552,-0.9430811990982929,0.06659822559656975,0.09425634211403319,-1.5781982320843013,0.12771572287267818,-1.3150095583059698,0.0,0.0,1.0,0.0,0.0,2.21
STU-10242,-0.17089308146793408,1.1336552666469415,0.673307599844853,0.788867495315959,0.7536494303136952,0.8817004271397143,0.05494472806911935,1.0,0.0,0.0,1.0,0.0,5.55
STU-10955,-1.0357012202512186,-0.29642260854510205,0.06610616608785162,0.8583286106361514,0.9927212503809774,0.9554598003832286,0.20651413847657618,0.0,0.0,0.0,0.0,0.0,5.48
STU-14163,-1.2519032549470397,0.471801043417566,0.6890535041238025,0.3721008033948038,1.0544635222301855,-0.7000283546378723,-0.8486421416676415,1.0,1.0,0.0,0.0,0.0,5.41
STU-13386,0.04530895322788702,0.6811630936227766,-0.5371587915994117,-0.9893370568809715,-0.1495107788293709,-0.16732177010137972,0.5475453118933536,1.0,0.0,1.0,0.0,0.0,3.48
STU-13078,0.9101170920111715,-0.564878785824364,0.4528649399395551,-0.4753248035115462,-1.0648758556635596,-1.3146897983338257,-0.9506600140572758,1.0,0.0,0.0,1.0,0.0,3.2
STU-10791,-0.3870951161637552,0.6355761955942227,-0.25373251457831597,0.5388074801632649,-0.5659121471147271,0.15230218062051654,-0.59796965522454,0.0,0.0,0.0,1.0,0.0,4.55
STU-10093,0.04530895322788702,-0.20524881248799406,-0.20157420665429468,-0.10023478078250683,0.00340903400645798,0.4555351595105196,-1.2421396494562311,0.0,0.0,0.0,1.0,0.0,3.39
STU-13501,-0.6032971508595764,0.00917844860927802,1.500951693507151,1.7335386636705779,1.0544635222301855,0.22606155386403082,-0.702902323968164,1.0,0.0,1.0,0.0,0.0,5.61
STU-13899,0.9101170920111715,0.622068966548725,0.06659822559656975,0.42766969565095664,0.7995971675038036,0.1604976665364624,0.08700748796300452,0.0,0.0,1.0,0.0,0.0,4.51
STU-14804,0.9101170920111715,-0.9312623736834825,0.46270613011389955,-0.8781992723686632,-0.3555576627912631,0.2342570397799767,-0.72913549115407,1.0,0.0,0.0,0.0,1.0,4.97
STU-12288,-0.6032971508595764,-0.6003352620687947,-0.4810640076056538,-1.2949659642898186,-0.6470386205910128,-0.24927662926083988,-1.157610555190534,1.0,0.0,0.0,1.0,0.0,2.59
STU-13020,0.26151098792370814,-0.43993691715351246,-0.020496307446371778,0.8166519414440355,0.08740724105712484,-0.23288565742894812,0.11615545150289992,1.0,0.0,0.0,1.0,0.0,3.94
STU-14450,0.47771302261952925,-0.3014878194371635,0.3268977057079567,0.27485524194653377,0.33437632845395676,-0.3476224602521925,1.7455266133830594,0.0,1.0,0.0,0.0,0.0,3.85
STU-11439,1.5587231960986347,0.31309110213297064,0.07594735626219468,-1.0449059491371255,1.0544635222301855,0.930873342635391,-0.8282385671897148,0.0,0.0,0.0,0.0,1.0,4.65
STU-12352,0.47771302261952925,0.26243899321235536,1.500951693507151,0.7332986030598049,1.0544635222301855,-1.175366537762743,-0.16657979483408653,0.0,0.0,0.0,0.0,0.0,4.39
STU-12818,-0.8194991855553975,10.662350598959483,1.500951693507151,0.9694663951484597,0.467911939662709,-0.9868703616959843,-0.10828386775429542,0.0,0.0,0.0,1.0,0.0,5.52
STU-12730,0.04530895322788702,0.34517077111602734,0.7727036206057227,-0.905983718496741,0.8046227012589712,-0.6426599532262504,-0.8661309197915789,1.0,0.0,0.0,0.0,1.0,4.27
STU-12897,-0.6032971508595764,-0.3251254702667841,0.5158485570553543,-0.0029892193342368227,1.0544635222301855,-1.5933363194759917,-0.5600773026226759,0.0,0.0,1.0,0.0,0.0,3.78
STU-14179,0.47771302261952925,1.2602855389484802,0.5040391288461429,0.5249152570992267,-0.10787064200083535,-0.32303600250435416,-1.2712876129961266,0.0,0.0,0.0,1.0,0.0,5.25
STU-12460,0.04530895322788702,1.3548361422669621,1.500951693507151,0.06647189598595551,1.0544635222301855,0.02117440596537969,-0.5221849500208118,0.0,0.0,0.0,0.0,1.0,5.82
STU-12252,-0.6032971508595764,-0.6172192983756667,-1.4809289293189651,-1.0865826183292415,-1.0670296558443462,-1.4785995166527468,0.3580835488840327,0.0,0.0,1.0,0.0,0.0,2.67
STU-11345,-1.2519032549470397,-1.4512906919351347,0.06659822559656975,-1.8367626637873216,-1.9106013933189907,1.4717754130878302,-0.9943819593671192,0.0,1.0,0.0,0.0,0.0,2.27
STU-12287,-1.2519032549470397,-1.1727040928717496,-1.807656443107174,-1.4755648641223191,-0.6154495512728135,-1.126193622267067,0.03745594994518216,1.0,0.0,0.0,0.0,0.0,2.35
STU-11454,-1.2519032549470397,0.8246774022311868,0.06659822559656975,-0.3919714651273156,0.6344724869768521,-0.42957731941165267,-1.0235299229070147,0.0,0.0,0.0,1.0,0.0,4.67
STU-11843,-0.3870951161637552,0.6642790573159045,1.500951693507151,1.094496402724806,1.0544635222301855,0.31621189893943685,0.01413757911326572,1.0,0.0,0.0,1.0,0.0,5.45
STU-13106,-1.2519032549470397,1.8444731951662452,0.8012430721113198,1.789107555926732,1.0027723178913137,-0.5852915518146279,-0.2248757219138776,0.0,0.0,0.0,0.0,0.0,6.92
STU-11582,0.26151098792370814,1.3024956297156596,1.0571140166442534,1.789107555926732,0.1735592482885781,0.8489184834759294,0.6058412389731446,0.0,0.0,0.0,0.0,1.0,5.84
STU-10034,0.26151098792370814,-0.6408569492052871,1.500951693507151,-0.5725703649598162,0.08812517445072064,-0.10175788277381129,-1.0439334973849415,0.0,0.0,0.0,0.0,1.0,3.97
STU-11933,-1.2519032549470397,-1.0528274350929596,-1.4769924532492285,-1.0310137260730874,-0.8652903722440266,-1.4294266011570707,-0.13451703494020134,0.0,0.0,1.0,0.0,0.0,2.87
STU-13948,0.47771302261952925,-0.048227274834086155,0.6752758378797213,0.26096301888249557,-1.2658972058702833,-1.0196523053597686,-0.1578354057721178,0.0,0.0,0.0,0.0,1.0,4.23
STU-10065,0.04530895322788702,1.4882200290912493,0.5542291987352945,1.2612030794932685,0.1735592482885781,0.31621189893943685,0.02579676452922394,0.0,1.0,0.0,0.0,0.0,5.89
STU-14980,0.04530895322788702,-0.5496831531481794,-0.38068386782734925,-1.6839482100828973,-1.4999434921823978,0.48831710317430377,-0.682498749490237,0.0,0.0,1.0,0.0,0.0,3.03
STU-13688,0.26151098792370814,-1.7737757853963865,-0.5824282664013932,-0.19748034223077562,-2.365053231464906,0.4473396735945737,2.013687877950098,0.0,1.0,0.0,0.0,0.0,3.12
STU-12394,-1.0357012202512186,0.610250141133915,0.08480442741910427,0.26096301888249557,1.0544635222301855,0.48012161725835795,0.32602078899014786,0.0,0.0,0.0,0.0,1.0,5.56
STU-10908,0.26151098792370814,-0.056669292987522185,0.39381779889349394,0.024795226793840854,1.0544635222301855,1.578316729995128,-0.02666956984258791,0.0,0.0,0.0,1.0,0.0,5.38
STU-11363,-0.6032971508595764,0.06489576842195505,0.24029523217373328,-0.7253848186642391,0.1735592482885781,-1.503185974400585,2.4275889602166143,0.0,1.0,0.0,0.0,0.0,3.65
STU-14156,2.2073293001860983,-1.620131055003853,-1.2880416019018308,-0.43364813431943033,0.1735592482885781,0.24245252569592257,0.25606567649439854,0.0,0.0,0.0,0.0,1.0,2.25
STU-12884,0.6939150573153504,-0.20018360159593263,-2.1747328366101906,0.13593301130614785,-2.15326288035425,0.7341816806526857,2.867723209669037,1.0,0.0,0.0,1.0,0.0,3.23
STU-10783,-1.2519032549470397,-0.9363275845755441,-1.747625183043678,-0.6003548110878927,-1.063439988876369,-1.0524342490235528,1.3695178837184074,0.0,0.0,0.0,0.0,1.0,3.35
STU-12409,0.26151098792370814,-0.12758224547638383,0.06659822559656975,0.05257967292191729,-1.8983965256278685,-1.831005411038427,0.1627921931667328,0.0,1.0,0.0,0.0,0.0,2.26
STU-12005,0.26151098792370814,-0.8417769812570618,-1.2752480546751832,-2.725864939885786,-1.006005317388734,-0.6180734954784121,-0.819494178127746,0.0,0.0,0.0,1.0,0.0,2.38
STU-11152,-0.3870951161637552,0.20672167339967834,-0.9249016844685515,0.385993026458842,-0.06335877159791761,-0.8885245307046317,-1.6239779718288623,0.0,0.0,1.0,0.0,0.0,3.57
STU-10635,-0.6032971508595764,0.42621414538901187,1.3740003402581178,1.136173071916922,0.1735592482885781,1.0865875750383656,-0.29191603805563715,0.0,0.0,0.0,0.0,1.0,4.99
STU-14176,-1.0357012202512186,-1.9020944613286124,-1.156169653565626,-0.5308936957677003,-1.912755193499777,-0.4131863475797609,1.0838678410274312,0.0,0.0,0.0,0.0,1.0,2.47
STU-14003,0.26151098792370814,-1.4918123790716271,0.6014669115721443,-0.25304923448692973,-1.3786127486647681,-0.8229606433770632,-0.42308187398516706,0.0,0.0,0.0,1.0,0.0,2.31
STU-13534,1.5587231960986347,-0.3048646266985378,0.6054033876418823,-0.7531692647923168,0.9237996445958154,0.03756537779727143,-1.5511080629791236,0.0,0.0,0.0,1.0,0.0,4.59
STU-12160,-0.3870951161637552,0.5410255922757405,1.500951693507151,1.191741964173076,1.0544635222301855,1.275083751105125,-0.38810431773729237,1.0,1.0,0.0,0.0,0.0,5.03
STU-13765,0.47771302261952925,-0.4095456518011433,-0.233066015212195,0.024795226793840854,-1.5537884967020559,2.2339556032708123,-0.8807049015615266,0.0,0.0,0.0,0.0,1.0,3.25
STU-12131,-0.8194991855553975,-0.6172192983756667,1.500951693507151,1.4834786485178848,0.953952847126823,1.815985821557564,-1.347072318199855,1.0,0.0,0.0,0.0,0.0,5.26
STU-10217,1.3425211614028136,-0.9920449043882211,0.2658823266270272,0.09425634211403319,-1.379330682058364,-0.43777280532759927,1.1101010082133371,0.0,0.0,0.0,1.0,0.0,2.63
STU-10565,0.6939150573153504,-0.6644946000349078,-0.04509928288223082,-0.9754448338169333,-0.8897001076262719,1.4307979835080993,0.987679561345776,0.0,1.0,0.0,0.0,0.0,3.21
STU-11385,1.3425211614028136,0.7672716787878225,0.16254982979641946,-0.711492595600201,1.0544635222301855,-0.10995336868975716,-0.0674767187984418,0.0,0.0,0.0,1.0,0.0,4.65
STU-12297,-0.17089308146793408,0.7351920098047665,0.5601339128399009,1.789107555926732,-0.48263187345765607,-0.08536691094191881,-0.16657979483408653,0.0,0.0,0.0,1.0,0.0,4.73
STU-11158,0.04530895322788702,-0.048227274834086155,0.793370119971845,-1.267181518161742,0.5964220171162936,0.32440738485538345,0.002478393697307503,0.0,0.0,1.0,0.0,0.0,3.22
STU-13934,-0.17089308146793408,-0.056669292987522185,-0.34328734516484255,0.385993026458842,-2.0398294041661704,0.7915500820643075,-1.437431005173531,0.0,1.0,0.0,0.0,0.0,3.7
STU-10624,-1.0357012202512186,-0.12420543821500954,-0.5716029572096153,-0.7809537109203932,-0.3246865268666586,0.7013997369889016,-0.11119866410828493,0.0,0.0,0.0,0.0,1.0,3.75
STU-13311,-0.3870951161637552,-0.8907406865469901,0.48632498653232376,1.1639575180449984,-0.36130112994002656,-0.9622839039481459,0.9964239504077445,1.0,0.0,0.0,0.0,0.0,4.5
STU-13341,0.04530895322788702,0.21854049881448864,-0.0313216166381497,-0.669815926408085,1.0544635222301855,-0.7246148123857106,0.7574106493806017,0.0,1.0,0.0,0.0,0.0,4.61
STU-13729,0.47771302261952925,-1.9020944613286124,-1.8106088001594771,-2.170176017324245,-1.8926530584791046,1.2259108356094481,-1.5277896921472072,1.0,0.0,0.0,0.0,1.0,2.69
STU-13131,0.26151098792370814,-0.426429688108015,-1.0183929911248149,-0.25304923448692973,-0.7841638987677421,0.521099046838088,0.2152585275385449,0.0,1.0,0.0,0.0,0.0,2.72
STU-11789,-0.8194991855553975,0.9057207765041716,0.9311467824126549,0.9277897259563437,1.0544635222301855,1.455384441255937,-0.7407946765700282,0.0,0.0,1.0,0.0,0.0,5.37
STU-12361,0.47771302261952925,-1.1541316529341907,-0.37576327274017635,0.9000052798282673,-0.8071377673627967,-2.1670203335922142,0.7690698347965595,0.0,0.0,1.0,0.0,0.0,4.08
STU-11897,-0.17089308146793408,-0.4652629716138203,-1.2821368877972243,-0.6420314802800086,-0.2564828544750924,-1.0196523053597686,1.6260199628694876,0.0,0.0,0.0,0.0,1.0,3.29
STU-11434,-0.17089308146793408,0.8567570712142434,0.5640703889096389,0.024795226793840854,1.0544635222301855,0.4637306454264662,-0.015010384426629693,0.0,0.0,0.0,1.0,0.0,4.65
STU-14823,-0.3870951161637552,0.2168520951838015,-0.46827046037900755,-0.9198759415607791,0.6193958857113473,1.701249018734319,-0.8107497890657774,0.0,0.0,0.0,1.0,0.0,4.58
STU-11611,1.1263191267069925,0.13074351001875495,-0.7871250220277403,0.8027597183799973,-0.18397158172195238,-0.38040440391597674,-0.9419156249953071,0.0,0.0,0.0,0.0,1.0,4.14
STU-12424,0.9101170920111715,0.41101851271282724,-0.4426833659257136,-0.44754035738346976,1.0544635222301855,1.3898205539283686,0.46884581033563594,0.0,0.0,0.0,0.0,1.0,4.94
STU-14674,-1.2519032549470397,-0.184987968919748,-0.9317905175905914,0.5665919262913426,0.31571006022047493,-0.07717142502597295,-0.2511088890997835,0.0,0.0,0.0,0.0,0.0,4.26
STU-14766,-0.17089308146793408,-0.19005317981180944,-1.2841051258320928,-1.1699359567134722,0.22094285226587704,-0.577096065898682,0.27938404732631494,0.0,0.0,0.0,0.0,1.0,3.44
STU-12493,-0.8194991855553975,-0.769175625137513,-0.4918893167974317,-0.10023478078250683,0.3831957992184473,0.9800462581310663,-0.10536907140030594,1.0,0.0,0.0,1.0,0.0,3.67
STU-13977,1.7749252307944559,0.7048007444523973,1.0964787773416285,0.19150190356230198,1.0544635222301855,-0.5689005799827361,-1.2829467984120848,0.0,0.0,0.0,1.0,0.0,4.01
STU-11102,-0.8194991855553975,0.0632073647912679,-0.04214692582992902,0.49713081097115025,-0.5558610796043919,-0.1345398264375955,0.089922284316994,0.0,0.0,1.0,0.0,0.0,3.76
STU-13118,-0.17089308146793408,1.0762495432035772,0.5729274600665472,0.05257967292191729,1.0544635222301855,1.0783920891224197,0.09575187702497324,0.0,0.0,0.0,0.0,1.0,4.73
STU-13174,0.26151098792370814,-0.39772682638633294,0.5266738662471322,0.8305441645080737,-0.9772879816449158,1.0046327158789052,1.5939572029756026,0.0,0.0,0.0,1.0,0.0,4.19
STU-14880,0.9101170920111715,0.28776504767266314,-0.3511602973043173,-0.7948459339844327,1.0544635222301855,-0.44596829124354515,0.1598773968127433,0.0,0.0,0.0,0.0,1.0,4.14
STU-10856,0.26151098792370814,1.721219730126081,0.13401037829082235,1.789107555926732,1.0544635222301855,-1.2245394532584197,0.32310599263615836,1.0,0.0,0.0,0.0,1.0,6.08
STU-11526,0.26151098792370814,-0.8147625231660669,-1.5901661402541791,-1.072690395265202,-0.3835570651414854,-0.5033366926551677,-1.110973813526701,1.0,0.0,0.0,0.0,0.0,2.63
STU-11049,0.47771302261952925,-1.2925807506505396,-1.4395959305867216,-1.4477804179942426,-1.982394732678535,0.17688863836835414,-0.8165793817737566,0.0,0.0,0.0,0.0,1.0,2.38
STU-10568,-0.6032971508595764,0.7183079734978944,0.3888972038063224,-0.5725703649598162,1.0544635222301855,-0.1345398264375955,-0.5221849500208118,1.0,0.0,0.0,0.0,1.0,4.76
STU-14091,1.7749252307944559,-0.3285022775281584,-0.3226208457987216,-0.1835881191667374,-0.6929863577811212,-0.8967200166205775,0.1307294332728479,0.0,0.0,1.0,0.0,0.0,3.61
STU-10308,0.04530895322788702,-0.82489294495019,-2.0113690797160864,0.13593301130614785,-1.5135842266607111,0.02117440596537969,0.7370070749026747,1.0,1.0,0.0,0.0,0.0,2.52
STU-13362,-1.0357012202512186,1.5810822287790445,1.500951693507151,1.789107555926732,1.0544635222301855,0.6358358496613331,-0.8311533635437043,1.0,0.0,0.0,1.0,0.0,5.79
STU-14376,0.04530895322788702,-0.03303164215790154,0.7225135507165711,-2.1284993481321304,0.7514956301329089,-0.364013432084085,-0.4172522812771878,0.0,0.0,0.0,0.0,1.0,3.77
STU-13455,-1.2519032549470397,-0.33356748842022016,-1.0134723960376433,-0.9754448338169333,0.6294469532216835,1.266888265189179,1.4132398290282506,0.0,1.0,0.0,0.0,0.0,3.66
STU-14165,0.26151098792370814,-0.49396583333550237,1.150605323300518,0.6360530416115349,0.8024689010781848,0.39816675809889773,1.0080831358237028,1.0,0.0,0.0,0.0,1.0,4.63
STU-10069,-0.3870951161637552,0.9310468309644797,0.4321984405734341,0.06647189598595551,0.3860675327928285,-0.16732177010137972,-1.0905702390487744,1.0,0.0,1.0,0.0,0.0,4.6
STU-11450,-1.2519032549470397,0.3299751384398427,0.8071477862159262,-1.058798172201164,-0.3261223936538502,-0.37220891800003086,3.0688441580943153,0.0,0.0,1.0,0.0,0.0,4.15
STU-14728,-0.3870951161637552,-0.12420543821500954,-1.2604862694136685,-1.9479004482996296,0.08238170730195621,0.3899712721829519,1.3549439019484595,0.0,0.0,0.0,1.0,0.0,2.95
STU-13008,0.26151098792370814,-0.1883647761811223,0.06659822559656975,-0.4892170265755844,-1.5128662932671162,-0.9786748757800384,-1.0468482937389312,0.0,1.0,0.0,0.0,0.0,3.73
STU-14026,0.47771302261952925,-0.7928132759671336,1.0886058252021535,-0.9893370568809715,-0.8236502354154911,0.02117440596537969,-0.16657979483408653,0.0,1.0,0.0,0.0,0.0,3.78
STU-14248,-0.6032971508595764,-0.6290381237904771,-0.22814542012502206,-0.10023478078250683,-0.1796639813603796,0.02117440596537969,-0.4172522812771878,0.0,0.0,0.0,0.0,1.0,3.77
STU-11655,-0.6032971508595764,0.25230857142823215,-2.573301038671107,0.19150190356230198,0.31427419343328433,-0.5033366926551677,-0.7786870291718923,0.0,0.0,0.0,0.0,1.0,3.59
STU-14706,-0.17089308146793408,0.5883008939349815,0.05626497591350716,1.1639575180449984,1.0544635222301855,0.02117440596537969,-0.16657979483408653,1.0,0.0,0.0,0.0,1.0,5.1
STU-14470,0.47771302261952925,-0.42811809173870213,-1.0420118475432403,-0.5864625880238544,-0.47329873934091565,0.6686177933251173,-0.3152344088875536,0.0,0.0,0.0,0.0,0.0,3.14
STU-13102,-0.6032971508595764,0.3738736328377094,0.793370119971845,0.39988524952288024,0.5899606165739344,1.152151462365934,-1.110973813526701,0.0,1.0,0.0,0.0,0.0,4.23
STU-12229,0.9101170920111715,0.4397213744345093,0.5473403656132546,0.3582085803307643,-0.7798562984061692,0.8898959130556602,0.34350956711408503,0.0,0.0,0.0,0.0,1.0,4.79
STU-11023,0.6939150573153504,-1.6657179530324067,-0.8353468538820235,1.6362931022223077,-1.3061014759116283,2.0536549131199986,-0.7699426401099236,1.0,0.0,0.0,0.0,1.0,4.16
STU-13374,-0.6032971508595764,-0.9160667410072979,-1.2545815553090622,-0.864307049304625,-0.7755486980445964,0.18508412428430074,-0.009180791718650714,0.0,0.0,0.0,1.0,0.0,3.19
STU-10327,-1.0357012202512186,0.11385947371188318,0.06659822559656975,-0.864307049304625,-0.4496069373522662,0.10312926512483986,0.6466483879289984,1.0,0.0,0.0,0.0,1.0,2.49
STU-11780,1.5587231960986347,-1.0021753261723443,-0.5824282664013932,0.13593301130614785,-0.711652626014602,0.07034732146105564,2.4334185529245937,0.0,0.0,0.0,0.0,1.0,4.27
STU-14133,-0.6032971508595764,0.4988155015085609,1.500951693507151,-1.1838281797775103,0.9144665104790739,-0.5279231504030053,0.16862178587471202,0.0,1.0,0.0,0.0,0.0,4.64
STU-14131,-0.6032971508595764,0.12398989549600636,0.06659822559656975,-0.35029479593519974,-0.5838604819546132,-0.25747211517678575,-0.7903462145878505,0.0,0.0,0.0,0.0,1.0,3.99
STU-10064,-0.8194991855553975,-0.9076247228538621,-0.6454118835171924,-1.4061037488021269,-0.3203789265050868,-1.6179227772238294,0.09866667337896273,0.0,0.0,0.0,0.0,1.0,2.94
STU-12418,-0.3870951161637552,-0.4331833026307639,-1.4376276925518534,-0.6003548110878927,0.206584184393968,-0.6098780095624662,-1.3237539473679385,0.0,0.0,0.0,0.0,1.0,2.95
STU-12987,0.6939150573153504,0.2168520951838015,0.06659822559656975,-0.4058636881913539,1.0544635222301855,-1.2737123687540957,0.12198504421087916,0.0,0.0,0.0,0.0,1.0,4.53
STU-12177,0.6939150573153504,-0.12251703458432239,-1.0744877751185742,1.1083886257888442,1.0544635222301855,-0.17551725601732557,0.9585315978058805,1.0,0.0,1.0,0.0,0.0,4.83
STU-13414,-1.0357012202512186,-0.6931974617565898,0.853401380035341,0.1498252343701873,-0.8487779041913323,1.7504219342299956,-0.5425885244987387,0.0,1.0,0.0,0.0,0.0,3.76
STU-12498,-1.2519032549470397,0.0817798047288268,1.500951693507151,0.594376372419419,0.07089477300442938,-0.1345398264375955,0.12781463691885814,0.0,0.0,1.0,0.0,0.0,4.86
STU-11905,0.47771302261952925,1.2366478881188594,0.7431800500826922,1.789107555926732,0.9259534447766008,1.1767379201137715,0.5592044973093117,0.0,0.0,0.0,0.0,0.0,6.9
STU-12605,-1.2519032549470397,-0.029654834896527243,0.7490847641872985,1.789107555926732,-0.09853750788409493,-0.1345398264375955,-0.8078349927117878,0.0,0.0,0.0,0.0,1.0,5.3
STU-14837,-0.8194991855553975,0.35023598200808875,-0.880616328684005,0.024795226793840854,-0.16817704706285275,-0.32303600250435416,1.5123429050638955,0.0,0.0,0.0,0.0,1.0,3.96
STU-11797,1.1263191267069925,0.4127069163435147,0.30327884928953247,-0.19748034223077562,-0.5135030093822606,-0.9868703616959843,-0.16657979483408653,1.0,0.0,0.0,1.0,0.0,4.46
STU-13247,0.6939150573153504,1.3919810221420805,1.500951693507151,0.9833586182124978,0.6043192844458434,1.1029785468702573,-0.16657979483408653,0.0,0.0,0.0,1.0,0.0,4.96
STU-12548,0.04530895322788702,-0.6425453528359742,1.1240341098297906,0.16371745743422553,-0.40868473391732546,0.2670389834437609,-0.48137780106495814,0.0,0.0,0.0,0.0,1.0,4.15
STU-13646,0.04530895322788702,0.04463492485370869,0.8711155223491589,1.789107555926732,0.45929673893956335,0.2752344693597068,-0.16657979483408653,1.0,0.0,0.0,0.0,1.0,5.03
STU-12194,0.6939150573153504,-0.29135739765304064,-1.4366435735344185,-0.9337681646248174,-1.2529744047855658,-0.2984495447565166,-1.449090190589489,1.0,1.0,0.0,0.0,0.0,3.04
STU-10548,2.423531334881919,0.8584454748449308,1.419269815060099,1.789107555926732,0.9553887139140147,0.6276403637453866,-0.9273416432253595,1.0,1.0,0.0,0.0,0.0,5.58
STU-12619,0.9101170920111715,-0.34369791020434304,-0.6149041939767269,-1.2393970720336644,0.1735592482885781,0.07034732146105564,-0.761198251047955,0.0,0.0,0.0,0.0,0.0,4.2
STU-12621,1.1263191267069925,0.5933661048270429,1.1978430361373678,1.386233087069615,0.4772450737794494,0.43914418767862784,-0.02083997713460893,0.0,0.0,1.0,0.0,0.0,4.49
STU-12431,-0.8194991855553975,-0.21200242701074293,0.6418157912869528,0.19150190356230198,1.0544635222301855,0.4473396735945737,-0.3006604271176059,0.0,0.0,0.0,0.0,1.0,4.22
STU-14582,-1.2519032549470397,0.5207647487074941,0.06659822559656975,-1.1838281797775103,1.0544635222301855,0.7095952229048474,0.9497872087439121,0.0,0.0,1.0,0.0,0.0,4.08
STU-10913,-0.3870951161637552,-0.8721682466094313,-0.6965860724237788,0.4832385879071108,-1.7167593770482215,2.3159104624302724,-0.1578354057721178,1.0,0.0,1.0,0.0,0.0,3.39
STU-12555,-0.17089308146793408,0.17801881167799624,-1.4159770741682975,-0.25304923448692973,-0.580988748380232,-0.2984495447565166,-1.1634401478985132,1.0,0.0,1.0,0.0,0.0,3.9
STU-13014,0.04530895322788702,-0.8552842103025593,0.1930575193368835,0.9694663951484597,0.5519101467133759,-1.6343137490557218,-0.3123196125335641,0.0,0.0,1.0,0.0,0.0,4.74
STU-14908,-0.17089308146793408,1.0222206270215874,0.9518132817787773,-0.2947259036790456,1.0544635222301855,-1.257321396922204,-1.0468482937389312,0.0,0.0,1.0,0.0,0.0,5.16
STU-12527,-0.17089308146793408,0.11385947371188318,-1.3687393613314478,-0.5447859188317385,1.0544635222301855,-0.577096065898682,-1.1488661661285653,0.0,0.0,1.0,0.0,0.0,3.95
STU-14886,1.5587231960986347,-0.23732848147105073,1.0167651369294448,0.024795226793840854,1.0544635222301855,1.0456101454586346,1.7746745769229553,0.0,0.0,0.0,1.0,0.0,5.34
STU-12223,-1.0357012202512186,0.8145469804470639,1.500951693507151,0.4415619187149961,1.0544635222301855,-0.2820585729246241,0.9264688379119956,0.0,0.0,0.0,0.0,1.0,4.78
STU-10319,0.47771302261952925,0.2675042041044168,0.06659822559656975,-0.7531692647923168,0.14053431218318718,0.3571893285191677,-0.8836196979155162,1.0,0.0,0.0,1.0,0.0,3.92
STU-12496,-0.3870951161637552,-0.3639587537725894,-0.37281091568787456,-0.767061487856355,-0.5070416088399013,1.7422264483140497,-0.7466242692780072,0.0,0.0,0.0,0.0,0.0,3.94
STU-14806,-0.6032971508595764,1.0711843323115156,-0.5637300050701405,0.7194063799957667,1.0544635222301855,0.7013997369889016,-0.6504359895963522,0.0,0.0,0.0,0.0,0.0,5.41
STU-12718,0.47771302261952925,0.2607505895816682,1.3464450077699568,0.7055141569317273,0.6344724869768521,1.365234096180531,-0.6591803786583206,0.0,0.0,0.0,0.0,1.0,5.54
STU-14983,0.04530895322788702,0.7419456243275151,-0.7024907865283853,1.344556417877499,0.4865782078961909,0.07854280737700152,-0.9652339958272236,1.0,0.0,0.0,0.0,1.0,5.06
STU-14716,0.9101170920111715,-0.9076247228538621,-0.6473801215520607,-0.6142470341519322,-0.2816105232509325,0.25884349752781505,0.5096529592914893,0.0,0.0,0.0,1.0,0.0,2.89
STU-11588,-0.17089308146793408,0.6828514972534635,1.476348718071292,1.0667119565967296,-0.3325837941962084,0.9718507722151204,-0.9506600140572758,0.0,1.0,0.0,0.0,0.0,4.75
STU-12612,-0.17089308146793408,0.09528703377432428,1.500951693507151,-0.1835881191667374,1.0544635222301855,-0.3558179461681384,0.18319576764465975,0.0,0.0,0.0,1.0,0.0,5.2
STU-14727,0.26151098792370814,1.4460099383240699,0.3278818247253915,0.9277897259563437,0.1735592482885781,1.062001117290528,-1.236310056748252,0.0,0.0,0.0,0.0,1.0,6.26
STU-14001,0.9101170920111715,0.7402572206968276,-0.639507169412586,-0.2947259036790456,1.0544635222301855,0.33260287077132933,0.4571866249196777,0.0,0.0,0.0,0.0,1.0,4.38
STU-13556,0.26151098792370814,0.286076644041976,-0.8934098759106511,0.010903003729801398,-0.3770956645991262,0.4145577299307895,1.319966345700585,0.0,0.0,0.0,0.0,1.0,3.62
STU-13309,1.991127265490277,0.898967161981423,1.3749844592755527,1.789107555926732,1.0544635222301855,0.8653094553078226,-0.16657979483408653,0.0,0.0,1.0,0.0,0.0,4.32
STU-14544,1.3425211614028136,-0.0684881184023325,-1.9503537006351552,-1.3644270796100109,0.26042918891362615,0.4145577299307895,1.4569617743380936,0.0,0.0,0.0,0.0,0.0,3.74
STU-13939,-0.17089308146793408,-1.7011744292768378,-1.8115929191769107,-1.6839482100828973,-0.904058775498181,-0.04438948136218873,1.8825220420205684,0.0,0.0,1.0,0.0,0.0,2.45
STU-14683,-1.2519032549470397,-0.12251703458432239,-1.286073363866961,-0.5308936957677003,0.7794950324831311,-1.2409304250903113,-1.0585074791548892,0.0,0.0,1.0,0.0,0.0,3.88
STU-12108,-1.2519032549470397,-0.34707471746571733,-0.8678227814573573,-0.461432580447508,-1.6578888387733952,0.6112493919134948,-1.3849646708017191,0.0,0.0,0.0,0.0,0.0,4.52
STU-14635,-1.0357012202512186,-0.048227274834086155,1.500951693507151,-0.35029479593519974,1.0544635222301855,0.8489184834759294,1.0926122300893997,0.0,0.0,0.0,1.0,0.0,4.28
STU-12098,-1.2519032549470397,0.43296775991176073,-0.6463960025346258,0.9694663951484597,-0.1258189768407214,-0.5607050940667895,-0.9331712359333386,1.0,0.0,0.0,0.0,1.0,3.22
STU-12295,-0.3870951161637552,0.24386655327479645,1.500951693507151,1.094496402724806,0.6517028884231424,0.816136539812146,-0.3152344088875536,1.0,0.0,0.0,0.0,1.0,5.58
STU-13176,-0.17089308146793408,-0.39772682638633294,1.4920946223502414,-0.030773665462313266,0.036433970111847874,1.3078656947689085,0.33767997440610603,1.0,0.0,0.0,0.0,1.0,4.5
STU-10321,0.9101170920111715,-0.49396583333550237,0.573911579083982,-0.05855811159039094,1.0544635222301855,-0.7737877278813873,-1.1838437223764398,0.0,0.0,0.0,0.0,1.0,3.86
STU-13210,-0.3870951161637552,-0.6189077020063539,-0.12284468525954602,-1.114367064457318,0.8204172359180708,0.6112493919134948,-0.23653490732983581,0.0,0.0,1.0,0.0,0.0,4.17
STU-14637,-0.8194991855553975,0.2607505895816682,0.3495324431089474,-0.16969589610269917,0.005562834187244388,0.02117440596537969,0.5358861264773958,0.0,0.0,0.0,1.0,0.0,3.84
STU-13250,0.6939150573153504,-1.279073521605042,-0.7694108797139211,0.42766969565095664,-1.7239387109841762,0.5129035609221422,-0.20155735108196116,0.0,0.0,0.0,1.0,0.0,3.0
STU-12081,-0.3870951161637552,0.6440182137476582,0.5020708908112732,-0.1419114499746215,0.1735592482885781,1.5209483285835053,-0.0674767187984418,0.0,0.0,1.0,0.0,0.0,4.91
STU-12300,0.04530895322788702,-0.9751608680813493,-1.0715354180662708,-0.2391570114228915,-0.7683693641086423,-0.11814885460570303,-0.20155735108196116,0.0,0.0,0.0,1.0,0.0,3.35
STU-13441,1.1263191267069925,-0.12589384184569669,-0.2419230863691032,0.9555741720844214,-0.09853750788409493,-0.6344644673103038,1.3345403274705325,1.0,0.0,0.0,0.0,0.0,5.31
STU-14529,-0.17089308146793408,-0.5952700511767333,-0.664110144848445,-0.4058636881913539,-1.045491654036483,-1.470404030736801,-0.16657979483408653,1.0,0.0,0.0,1.0,0.0,3.13
STU-11808,0.04530895322788702,-0.8687914393480568,0.8986708548373211,0.6638374877396126,-1.1280539942999592,-0.5525096081508436,0.43969784679574025,1.0,0.0,0.0,1.0,0.0,4.08
STU-14714,0.9101170920111715,-0.00432878043621945,1.500951693507151,1.5112630946459613,0.01704976848477122,0.02117440596537969,0.19194015670662848,1.0,0.0,0.0,1.0,0.0,4.9
STU-11268,1.991127265490277,-0.8687914393480568,-0.0017980461151191256,-1.517241533314435,0.62370348607292,1.152151462365934,-0.02083997713460893,1.0,0.0,0.0,0.0,1.0,3.71
STU-13953,-1.0357012202512186,-0.048227274834086155,-1.2358832939778095,-2.2396371326444386,-2.700328126273977,0.02117440596537969,-0.009180791718650714,0.0,0.0,0.0,0.0,0.0,2.25
STU-10950,1.5587231960986347,-0.9582768317744775,-2.5546027773398543,-0.04466588852635272,-1.5509167631276743,0.7997455679802542,1.366603087364418,1.0,0.0,0.0,0.0,1.0,3.99
STU-12366,0.04530895322788702,-0.6999510762793387,-1.4120405980985595,-1.1838281797775103,0.15776471362947847,-0.6918328687219264,-1.4024534489256562,0.0,0.0,0.0,1.0,0.0,2.91
STU-13689,-0.8194991855553975,-0.5378643277333691,-0.7871250220277403,-2.1562837942602067,-0.0210007013757873,0.9226778567194451,0.8944060780181102,0.0,0.0,0.0,1.0,0.0,2.61
STU-11537,0.04530895322788702,-0.4770817970286306,-0.5903012185408679,-0.767061487856355,0.1426881123639736,-0.5197276644870594,-0.16657979483408653,1.0,0.0,1.0,0.0,0.0,3.37
STU-12702,-0.6032971508595764,0.30971429487159635,1.500951693507151,0.3721008033948038,1.0544635222301855,0.7177907088207933,-0.3006604271176059,0.0,0.0,0.0,1.0,0.0,5.56
STU-12736,-0.6032971508595764,0.019308870393401196,-0.24389132440397293,0.06647189598595551,0.8146737687693074,0.2998209271075451,2.039921045136004,1.0,0.0,0.0,1.0,0.0,4.44
STU-12749,-0.6032971508595764,0.48361986883237634,0.20093047147635965,0.4415619187149961,0.6359083537640428,-0.44596829124354515,-0.8253237708357252,1.0,0.0,0.0,1.0,0.0,4.47
STU-14036,1.3425211614028136,0.06827257568332934,-1.35102521901763,-0.15580367303866097,-1.0763627899610875,0.9800462581310663,-0.6504359895963522,0.0,1.0,0.0,0.0,0.0,2.83
STU-10001,0.6939150573153504,-0.07355332929439394,0.1792798530928024,0.6777297108036509,-0.6089881507304543,1.4635799271718828,-0.4726334120029894,0.0,0.0,0.0,1.0,0.0,5.13
STU-11347,-0.6032971508595764,-1.4749283427647553,-0.6650942638658799,-1.572810425570589,-0.04182076979005455,-0.3476224602521925,-0.9098528651014222,0.0,0.0,0.0,0.0,1.0,2.88
STU-14742,-0.6032971508595764,-0.048227274834086155,-2.2072087641855243,-1.1560437336494338,-1.975933332136176,-1.6097272913078835,1.1130158045673266,0.0,1.0,0.0,0.0,0.0,2.83
STU-14455,-1.0357012202512186,-0.5074730623809999,-0.950488778921844,0.3582085803307643,0.17930271543734153,1.7176399905662105,-0.2248757219138776,1.0,0.0,0.0,0.0,1.0,4.21
STU-14487,-1.2519032549470397,0.4211489344969504,-0.7359508331211538,0.39988524952288024,-0.4697090723729387,-0.8311561292930091,1.0401458957175878,0.0,0.0,0.0,0.0,1.0,3.24
STU-10145,-0.6032971508595764,-0.048227274834086155,-0.9563934930264504,-0.905983718496741,-2.1001358092281874,-0.6262689813943579,-0.3094048161795746,0.0,0.0,0.0,0.0,0.0,3.4
STU-14309,-1.2519032549470397,0.26919260773510395,1.3828574114150274,-0.30861812674308386,1.03795105417749,0.7833545961483617,0.6874555368848523,0.0,0.0,0.0,1.0,0.0,4.84
STU-12580,0.04530895322788702,0.2202289024451758,-2.1383204329651186,-1.2393970720336644,-1.8488591214697827,0.02117440596537969,-0.11411346046227441,0.0,0.0,1.0,0.0,0.0,2.45
STU-11085,-0.17089308146793408,0.5173879414461199,0.7648306684662479,1.05281973353269,0.8333400370027894,-1.3720581997454482,-0.05290273702849384,0.0,0.0,0.0,0.0,1.0,5.57
STU-11922,-0.6032971508595764,0.4819314652016889,1.079748754045244,-0.4197559112553921,-0.054743570874773,0.02117440596537969,-1.3120947619519803,0.0,0.0,0.0,0.0,1.0,4.45
STU-12689,0.47771302261952925,-1.0950375258601392,0.06659822559656975,0.691621933867689,-0.7525748294495427,0.6276403637453866,-1.326668743721928,0.0,0.0,0.0,0.0,1.0,3.19
STU-10209,0.26151098792370814,-1.3651821067700884,-1.236867412995243,-1.9756848944277061,-1.7612712474511387,-1.380253685661394,-0.6883283421982163,0.0,0.0,1.0,0.0,0.0,2.17
STU-13789,0.6939150573153504,0.6592138464238434,-0.3049067034849024,-0.5170014727036621,0.8534421720234617,-1.1343891081830129,-1.1896733150844192,0.0,1.0,0.0,0.0,0.0,4.31
STU-13983,0.9101170920111715,-0.6796902327110923,1.500951693507151,0.691621933867689,0.5576536138621393,0.43914418767862784,-1.3966238562176772,0.0,0.0,0.0,0.0,1.0,4.73
STU-12729,-0.3870951161637552,-1.260501081667483,-1.4543577158482377,-3.337122754703481,0.808930301620544,2.0454594272040527,-0.16657979483408653,0.0,1.0,0.0,0.0,0.0,2.89
STU-10283,-0.3870951161637552,-0.6948858653872769,1.366127388118643,-0.2947259036790456,-0.39504399943901225,0.36538481443511356,0.9235540415580056,0.0,0.0,1.0,0.0,0.0,3.9
STU-10287,1.7749252307944559,-0.4551325498296971,0.06659822559656975,-0.30861812674308386,0.7457521629841455,-0.4787502349073294,-0.14909101671014907,0.0,0.0,0.0,0.0,1.0,2.7
STU-12705,0.04530895322788702,0.40933010908214007,-0.9170287323290753,0.09425634211403319,-0.26366218841104644,2.5126021244129775,1.5385760722498014,0.0,0.0,1.0,0.0,0.0,3.22
STU-14223,0.04530895322788702,-0.17992275802768656,-0.9130922562593387,1.789107555926732,0.1735592482885781,-1.0524342490235528,1.0459754884255672,1.0,0.0,1.0,0.0,0.0,3.75
STU-12483,0.26151098792370814,-1.3466096668325294,-0.5499523388260594,0.4832385879071108,-0.026744168524550714,0.8079410538962001,0.8040473910444345,1.0,0.0,0.0,0.0,1.0,3.89
STU-10530,0.47771302261952925,1.4730243964150647,1.500951693507151,1.6918619944784619,0.9819522494770454,-1.339276256081664,-0.35021196513542824,1.0,0.0,1.0,0.0,0.0,6.52
STU-13254,1.3425211614028136,-1.1912765328093087,-0.41808039048985457,-0.4058636881913539,-1.4073300844085863,0.48012161725835795,-1.0264447192610042,0.0,1.0,0.0,0.0,0.0,2.16
STU-14250,-0.8194991855553975,-0.10732140190813748,0.6359110771823463,0.6082685954834585,0.6983685590068465,0.31621189893943685,-1.0293595156149937,1.0,0.0,1.0,0.0,0.0,4.83
STU-14739,-1.0357012202512186,9.171886012602961,-1.0941701554672616,0.024795226793840854,0.3401197956027202,-0.04438948136218873,-0.7990906036498192,1.0,1.0,0.0,0.0,0.0,4.52
STU-10348,1.991127265490277,-0.45682095346038426,-1.6492132813002418,-0.9893370568809715,0.06084370549409315,-0.6426599532262504,-1.3995386525716667,0.0,0.0,1.0,0.0,0.0,3.03
STU-12519,0.47771302261952925,0.0851566119902011,0.0897250225062758,1.789107555926732,0.3035051925293533,0.02117440596537969,0.5300565337694162,0.0,0.0,1.0,0.0,0.0,5.44
STU-14202,0.04530895322788702,-0.09887938375470175,0.39381779889349394,0.4415619187149961,-0.5235540768925968,-1.462208544820855,-0.8777901052075371,1.0,0.0,0.0,0.0,1.0,4.7
STU-11928,1.1263191267069925,-0.1157634200615735,-0.6483642405694956,-0.07245033465442915,0.04074157047342069,0.33260287077132933,-0.618373229702467,0.0,0.0,0.0,1.0,0.0,3.54
STU-10309,0.47771302261952925,-0.9042479155924876,-0.6552530736915354,-0.8226303801125091,-0.3691983972695764,-0.42957731941165267,-0.8603013270835997,0.0,0.0,1.0,0.0,0.0,3.47
STU-12328,0.9101170920111715,-1.0545158387236468,-1.3205175294771645,-1.114367064457318,-1.6808627073684494,-0.8557425870408474,2.238127197207294,1.0,0.0,0.0,0.0,1.0,3.15
STU-12719,0.6939150573153504,0.02268567765477549,0.4961661767066682,-0.4892170265755844,1.0544635222301855,-0.454163777159491,-0.16657979483408653,0.0,0.0,0.0,0.0,0.0,4.68
STU-10136,-0.3870951161637552,0.36374321105358626,0.08775678447140747,1.386233087069615,1.0544635222301855,-1.511381460316531,-0.2277905182678671,0.0,1.0,0.0,0.0,0.0,5.6
STU-14303,-1.2519032549470397,0.43803297080382214,1.4281268862170087,-1.308858187353858,1.0544635222301855,1.4226024975921534,-0.819494178127746,0.0,0.0,0.0,1.0,0.0,3.94
STU-12511,-1.0357012202512186,-0.5615019785629897,-0.13170175641645562,-1.267181518161742,0.3401197956027202,1.3734295820964768,0.623330017097082,0.0,0.0,0.0,0.0,1.0,3.51
STU-11915,0.9101170920111715,-0.07017652203301965,1.500951693507151,-0.5031092496396239,0.1735592482885781,1.3078656947689085,-0.5250997463748013,0.0,0.0,0.0,0.0,0.0,4.93
STU-12958,-0.8194991855553975,1.216387044550613,0.14188333043029708,0.024795226793840854,0.2633009224880084,-1.9457422138616716,-1.274202409350116,1.0,0.0,0.0,0.0,1.0,4.44
STU-11764,1.991127265490277,0.5173879414461199,-0.24290720538653807,1.6640775483503856,0.6610360225398828,-0.3558179461681384,-0.7407946765700282,1.0,0.0,0.0,1.0,0.0,5.11
STU-12279,0.04530895322788702,-0.7185235162168976,-2.094035077180573,0.7332986030598049,0.2769416569663216,0.37358030035105944,-0.44057065210910423,1.0,0.0,0.0,0.0,0.0,3.74
STU-11827,0.6939150573153504,-0.6054004729608564,-1.5606425697311486,-1.5311337563784733,-0.7748307646510016,0.11952023695673232,-0.07622110786041027,0.0,0.0,0.0,0.0,0.0,2.92
STU-13460,0.04530895322788702,-0.1630387217208145,1.179144774806115,1.2473108564292301,-0.24212418660318338,-1.0934116786032828,0.32602078899014786,0.0,0.0,0.0,0.0,1.0,4.62
STU-11145,-0.3870951161637552,0.23373613149067327,1.1132088006380128,1.6362931022223077,1.0322075870287266,-0.15912628418543384,0.777814223858528,1.0,1.0,0.0,0.0,0.0,5.48
STU-12585,-0.6032971508595764,-0.06679971477164535,0.29934237321979584,0.19150190356230198,-0.5443741453068641,0.02117440596537969,1.0751234519654627,0.0,0.0,0.0,1.0,0.0,4.06
STU-12670,0.26151098792370814,0.3789388437297708,1.2007953931896709,0.9000052798282673,0.8010330342909943,2.1601962300272977,1.9641363399322755,1.0,1.0,0.0,0.0,0.0,5.39
STU-12085,-0.8194991855553975,-0.35889354288052766,-1.3638187662442762,-0.3919714651273156,0.11827837698172833,0.8980913989716061,-0.37644513232133414,0.0,1.0,0.0,0.0,0.0,3.53
STU-12640,0.9101170920111715,0.44985179621863247,0.980352733284373,0.3582085803307643,0.5038086093424811,0.7833545961483617,1.3782622727803757,0.0,0.0,1.0,0.0,0.0,5.34
STU-10505,-0.6032971508595764,-0.11238661280019921,-0.7536649754349717,0.31653191113864965,-0.3663266636951952,-0.5852915518146279,-0.3939339104452716,1.0,0.0,0.0,0.0,1.0,4.93
STU-12970,-0.3870951161637552,-0.29979941580647634,0.45778553502672803,0.5665919262913426,0.37314473170811113,0.3899712721829519,0.812791780106403,0.0,0.0,1.0,0.0,0.0,4.19
STU-12826,-1.2519032549470397,-1.1152983694283853,0.8406078328086949,-1.211612625905588,1.0357972539967035,0.5866629341656564,-0.084965496922379,0.0,1.0,0.0,0.0,0.0,3.62
STU-12627,0.6939150573153504,0.12230149186531922,1.3149531992120567,-1.1699359567134722,1.0544635222301855,-0.03619399544624286,1.0139127285316818,1.0,0.0,1.0,0.0,0.0,3.75
STU-10237,-1.2519032549470397,0.25062016779754503,-0.6759195730576578,1.2473108564292301,1.0257461864863673,0.02117440596537969,-0.8020054000038087,1.0,0.0,0.0,0.0,0.0,4.59
STU-10467,0.04530895322788702,-0.5327991168413077,0.5847368882757599,1.789107555926732,-0.01741103440781029,0.1686931524524083,-0.7641130474019445,1.0,0.0,0.0,0.0,0.0,5.47
STU-14155,0.04530895322788702,-0.21200242701074293,-0.5420793866865847,-1.1421515105853957,0.1735592482885781,0.5866629341656564,2.7074094101996113,0.0,1.0,0.0,0.0,0.0,3.18
STU-13372,0.6939150573153504,1.547314156165301,-0.29801787036286254,-0.15580367303866097,0.6079089514138204,-0.6262689813943579,-0.6795839531362475,0.0,0.0,0.0,0.0,1.0,4.86
STU-14440,0.26151098792370814,-0.8029436977512567,-1.0154406340725115,-0.32251034980712207,1.0544635222301855,-2.8882230941954665,-1.0847406463407954,0.0,0.0,0.0,1.0,0.0,3.72
STU-10484,0.04530895322788702,0.8162353840777513,1.260826653253167,0.9972508412765361,0.467911939662709,-1.0688252208554445,1.67557150088731,0.0,1.0,0.0,0.0,0.0,5.01
STU-13766,0.6939150573153504,1.9407122021154146,0.1930575193368835,0.46934636484307257,1.0544635222301855,0.22606155386403082,0.7457514639646431,0.0,0.0,0.0,0.0,1.0,4.68
STU-12688,-0.3870951161637552,0.5815472794122329,-0.8973463519803893,-0.9337681646248174,1.0544635222301855,-1.1835620236786895,-0.0033511990106714763,0.0,1.0,0.0,0.0,0.0,3.94
STU-12513,0.04530895322788702,0.1577579681097499,-0.8756957335968334,-0.5308936957677003,0.5275004113311306,1.701249018734319,-0.023754773488598422,0.0,0.0,0.0,1.0,0.0,3.89
STU-13277,2.423531334881919,-0.019524413112404066,0.8268301665646137,-0.11412700384654506,1.0544635222301855,0.11952023695673232,-1.2042472968543667,1.0,0.0,0.0,0.0,1.0,4.12
STU-14832,0.04530895322788702,1.9677266602064096,0.248168184313208,-0.35029479593519974,1.0544635222301855,-0.38040440391597674,1.0867826373814207,1.0,0.0,0.0,0.0,1.0,5.13
STU-13477,0.47771302261952925,0.4211489344969504,0.8356872377215219,1.386233087069615,0.7593928974624586,0.1604976665364624,0.5125677556454793,0.0,1.0,0.0,0.0,0.0,5.02
STU-10248,-0.6032971508595764,0.8229889986004999,0.4725473202882426,0.8166519414440355,-0.787753565735719,-0.3066450306724624,-0.618373229702467,1.0,0.0,0.0,1.0,0.0,4.73
STU-12290,-1.2519032549470397,-0.048227274834086155,1.4222221721124024,0.9138975028923055,-0.4840677402448477,0.25884349752781505,-0.44931504117107296,1.0,0.0,1.0,0.0,0.0,4.41
STU-12565,0.6939150573153504,-0.9413927954676056,-0.049035758951968884,-0.2391570114228915,-1.5157380268414975,-0.1345398264375955,1.2237780660189297,0.0,0.0,0.0,1.0,0.0,3.14
STU-10868,-1.0357012202512186,2.1737119031502457,0.25013642234807776,-0.6003548110878927,1.0544635222301855,0.6932042510729549,-0.682498749490237,1.0,1.0,0.0,0.0,0.0,5.01
STU-11547,0.47771302261952925,0.4464749889572582,-0.18287594532304205,0.6499452646755731,1.0544635222301855,1.0128282017948511,0.4775901993976044,0.0,0.0,0.0,1.0,0.0,4.78
STU-10472,-0.6032971508595764,-1.287515539758478,-1.184709105071223,0.31653191113864965,-1.1409767953846768,-0.364013432084085,-1.3150095583059698,0.0,0.0,0.0,1.0,0.0,3.79
STU-13955,-1.2519032549470397,-1.0882839113373906,-1.1512490584784545,-1.3783193026740503,-1.6191204355192415,-0.9213064743684158,-0.638776804180394,1.0,0.0,0.0,0.0,0.0,2.52
STU-12516,-0.17089308146793408,0.8263658058618742,1.500951693507151,0.9833586182124978,1.0544635222301855,-0.8721335588727391,-0.4259966703391565,0.0,0.0,1.0,0.0,0.0,4.59
STU-12599,-0.6032971508595764,0.1290551063880678,0.06659822559656975,-0.9754448338169333,0.7766232989087489,1.4226024975921534,0.8740025035401833,0.0,0.0,1.0,0.0,0.0,4.05
STU-14055,-0.8194991855553975,-0.8164509267967542,-2.814410197942526,0.024795226793840854,-1.2407695370944432,0.7095952229048474,0.15113300775077457,0.0,0.0,0.0,1.0,0.0,2.12
STU-11296,0.04530895322788702,-0.33694429568159445,-0.00770276021972552,0.28874746501057197,0.5138596768528173,2.3241059483462183,1.387006661842345,1.0,0.0,1.0,0.0,0.0,3.94
STU-13792,0.47771302261952925,-0.32174866300540983,-1.3401999098258521,-1.1977204028415498,-0.09638370770330852,0.5374900186699805,1.7192934461971534,0.0,0.0,0.0,0.0,1.0,3.98
STU-14117,0.26151098792370814,0.38906926551389404,0.5247056282122639,-0.2391570114228915,1.0544635222301855,0.6768132792410632,-0.3968487067992611,0.0,0.0,0.0,1.0,0.0,7.695334957521515
STU-10186,-1.2519032549470397,0.45154019984931965,0.659529933600772,1.789107555926732,0.39037513315440137,-0.241081143344894,3.3894717570331667,1.0,0.0,0.0,0.0,0.0,5.32
STU-10823,0.04530895322788702,-1.000486922541657,-1.1984867713153042,-0.8504148262405868,-1.020363985260643,-1.0196523053597686,-1.1197182025886698,0.0,0.0,0.0,0.0,1.0,3.58
STU-13039,1.5587231960986347,0.034504503069585815,1.4173015770252309,0.691621933867689,1.0544635222301855,0.012978920049433091,-1.0526778864469102,1.0,0.0,0.0,0.0,1.0,4.63
STU-12398,-1.2519032549470397,-0.4669513752445074,-0.6769036920750913,-0.33640257287116154,-1.2723586064126424,2.889594476546495,1.2033744915410027,0.0,1.0,0.0,0.0,0.0,3.35
STU-12354,-0.8194991855553975,0.14425073906425243,-0.7083955006329916,0.4415619187149961,0.2482243212225035,0.31621189893943685,0.7020295186547998,0.0,0.0,0.0,1.0,0.0,4.08
STU-11103,-0.17089308146793408,0.11723628097325778,-1.2378515320126777,-0.08634255771846738,0.1735592482885781,0.02117440596537969,-0.07330631150642078,0.0,0.0,1.0,0.0,0.0,4.12
STU-12465,-0.3870951161637552,-0.6644946000349078,0.016900215216133524,-2.2952060249005926,-0.7439596287263971,1.5947077018270197,2.614135926871946,1.0,0.0,1.0,0.0,0.0,3.56
STU-12186,1.1263191267069925,-0.6999510762793387,-1.3283904816166392,-0.4892170265755844,0.1735592482885781,1.6110986736589128,0.43969784679574025,0.0,0.0,0.0,0.0,1.0,2.83
STU-14600,-0.3870951161637552,-0.75904520335339,-0.9022669470675607,-1.0865826183292415,0.02925463617589386,0.4145577299307895,-0.28900124170164765,0.0,0.0,0.0,1.0,0.0,3.62
STU-11601,-1.0357012202512186,0.28776504767266314,0.2658823266270272,1.2889875256213448,0.4722195400242818,-1.0934116786032828,-0.5804808771006028,0.0,0.0,1.0,0.0,0.0,4.03
STU-13816,-1.2519032549470397,-0.014459202220342629,-0.6158883129941618,-0.5447859188317385,-0.8868283740518907,0.5292945327540346,-1.0322743119689832,1.0,0.0,0.0,0.0,1.0,4.48
STU-11745,-1.2519032549470397,-0.6408569492052871,1.009876303807405,0.4832385879071108,0.9388762458613192,0.33260287077132933,0.941042819681943,0.0,0.0,0.0,1.0,0.0,4.92
STU-14045,-0.3870951161637552,-0.6915090581259027,0.9990509946156271,0.08036411904999374,0.0737665065788116,0.2834299552756527,0.43095345773377153,0.0,0.0,0.0,1.0,0.0,4.48
STU-13950,-0.17089308146793408,0.0024248340865291344,-0.8018868072892562,0.39988524952288024,1.0544635222301855,-1.7818324955427505,0.17153658222870152,0.0,1.0,0.0,0.0,0.0,3.74
STU-10704,1.5587231960986347,0.7638948715264483,0.7569577163267732,0.1498252343701873,1.0544635222301855,0.02117440596537969,0.022881968175234448,0.0,0.0,0.0,1.0,0.0,4.99
STU-11932,0.6939150573153504,-1.7096164474302735,-0.278335490014175,0.4832385879071108,-2.425359636526923,0.02117440596537969,-0.3706155396133552,1.0,0.0,0.0,0.0,0.0,2.45
STU-13863,-0.8194991855553975,-0.5378643277333691,-0.9878853015843507,-0.30861812674308386,-1.3046656091244375,-0.019803023614350393,0.019967171821244956,0.0,0.0,0.0,0.0,0.0,3.63
STU-14209,-0.3870951161637552,-0.6847554436031538,0.3751195375622413,-0.35029479593519974,-0.3167892595371088,-0.3148405165884083,0.9760203759298179,0.0,0.0,0.0,1.0,0.0,3.31
STU-11229,-0.8194991855553975,-1.25037065988336,-1.230962698890638,-1.8367626637873216,-0.5142209427758554,-0.8311561292930091,-0.6620951750123103,1.0,0.0,0.0,1.0,0.0,3.3
STU-12174,0.6939150573153504,0.9361120418565408,0.24915230333064287,0.08036411904999374,1.0544635222301855,-0.07717142502597295,0.5067381629374998,0.0,0.0,1.0,0.0,0.0,4.27
STU-13749,-1.2519032549470397,0.297895469456786,0.17829573407536892,0.7749752722519196,-0.07340983910825384,1.1193695187021488,-0.19864255472797143,1.0,0.0,0.0,0.0,1.0,4.43
STU-12563,0.26151098792370814,0.09866384103569857,0.3406753719520378,-0.6559237033440468,0.8936464420648067,-0.48694572082327525,-0.5775660807466133,0.0,0.0,0.0,0.0,1.0,3.82
STU-12222,-0.17089308146793408,-0.5733208039778,-0.1986218496019915,-0.1419114499746215,-0.9938004496976113,0.43914418767862784,-0.04998794067450434,0.0,0.0,1.0,0.0,0.0,4.25
STU-14564,-0.3870951161637552,-0.7793060469216361,0.18813692424971198,-1.4894570871863586,0.06443337246207016,0.4473396735945737,-0.2248757219138776,0.0,0.0,0.0,0.0,1.0,4.03
STU-10017,-0.8194991855553975,-0.048227274834086155,0.4203890123642213,1.5112630946459613,-1.8890633915111277,0.8898959130556602,-0.8952788833314744,1.0,0.0,0.0,1.0,0.0,3.38
STU-10443,-0.17089308146793408,0.1324319136494424,0.9429562106218677,-0.35029479593519974,-0.08561470679937648,1.1603469482818798,1.9524771545163178,1.0,0.0,0.0,1.0,0.0,4.96
STU-14641,0.47771302261952925,-0.2896689940223532,-1.1984867713153042,-0.16969589610269917,-1.80362931767327,1.021023687710797,-0.7466242692780072,0.0,0.0,0.0,0.0,1.0,3.05
STU-10356,-0.8194991855553975,-1.268943099820919,0.06659822559656975,0.08036411904999374,0.02925463617589386,-0.6426599532262504,0.9585315978058805,1.0,0.0,1.0,0.0,0.0,3.53
STU-13212,2.2073293001860983,-0.7083930944327744,-2.6982841538852713,-1.8506548868513597,-1.4640468225026257,0.5620764764178188,0.7340922785486852,0.0,0.0,0.0,0.0,1.0,1.62
STU-11380,-0.8194991855553975,0.12736670275738066,-1.0548053947698866,-0.21137256529481507,0.9180561774470509,1.7504219342299956,2.841490042483131,0.0,0.0,0.0,0.0,1.0,3.92
STU-12556,-0.3870951161637552,-0.3166834521133481,-0.08741640063190906,0.8583286106361514,-0.7094988258338156,-2.019501587105186,-0.14909101671014907,0.0,0.0,0.0,0.0,1.0,4.39
STU-11973,0.47771302261952925,-1.0072405370644057,-0.31179553660694365,-1.1282592875213562,-0.8904180410198678,-0.3148405165884083,-0.9215120505173804,0.0,0.0,0.0,0.0,1.0,2.62
STU-10828,1.7749252307944559,0.436344567173135,1.4320633622867454,0.09425634211403319,1.0544635222301855,0.25064801161186845,0.5796080717872386,0.0,1.0,0.0,0.0,0.0,4.87
STU-13496,0.47771302261952925,0.4819314652016889,0.8445443088784315,1.1083886257888442,0.7680080981856043,-0.27386308700867823,0.06077432077709859,1.0,0.0,0.0,0.0,1.0,5.14
STU-12981,0.6939150573153504,0.630510984702161,0.9695274240925951,1.789107555926732,1.0544635222301855,0.13591120878862406,-0.17532418389605525,0.0,0.0,0.0,0.0,1.0,5.86
STU-13228,-0.8194991855553975,-0.6476105637280359,-0.35214441632175214,-1.1421515105853957,-1.2142060015314116,0.7997455679802542,0.4163794759638238,0.0,1.0,0.0,0.0,0.0,3.21
STU-11563,1.1263191267069925,-0.5986468584381075,-0.0687181393006564,0.23317857275441786,-0.1294086438086984,0.49651258909025037,-0.10245427504631645,0.0,0.0,0.0,1.0,0.0,4.63
STU-10736,0.6939150573153504,0.9631264999475357,0.9459085676741709,0.024795226793840854,0.09961210874824748,1.660271589154588,0.1453034150427956,0.0,0.0,0.0,1.0,0.0,5.6
STU-11741,-1.2519032549470397,-0.19680679433455833,-1.14140786830411,-0.8226303801125091,1.0544635222301855,0.5866629341656564,0.3930611051319074,0.0,0.0,0.0,1.0,0.0,3.13
STU-11515,-0.17089308146793408,-1.7653337672429505,-0.5509364578434929,0.16371745743422553,-1.4102018179829676,0.15230218062051654,-1.3878794671557084,0.0,0.0,0.0,0.0,1.0,3.48
STU-10989,-1.2519032549470397,0.5444023995371148,-0.4554769131523599,0.7194063799957667,0.7888281665998715,0.7751591102324158,-0.2452792963918043,1.0,0.0,0.0,0.0,1.0,4.78
STU-12806,-1.2519032549470397,0.19996805887692945,-0.1120193760677681,0.12204078824210964,1.0544635222301855,-0.8639380729567933,-1.0468482937389312,0.0,1.0,0.0,0.0,0.0,3.63
STU-11037,-1.2519032549470397,-0.9599652354051647,0.06659822559656975,-0.25304923448692973,-2.7333530623793676,-1.839200896954373,-0.4172522812771878,0.0,0.0,1.0,0.0,0.0,2.26
STU-12925,-1.2519032549470397,1.5354953307504906,0.4243254884339594,0.9277897259563437,0.5217569441823672,1.0292191736267429,-1.4811529504833743,0.0,0.0,0.0,0.0,1.0,5.68
STU-10027,-1.2519032549470397,-0.9413927954676056,-0.9918217776540874,-0.9893370568809715,-0.5415024117324829,-0.4951412067392211,-0.7087319166761431,1.0,0.0,0.0,0.0,0.0,2.92
STU-14805,-0.17089308146793408,0.22867092059861152,0.44007139271290885,-0.6420314802800086,0.0787920403339792,0.10312926512483986,1.2441816404968566,1.0,0.0,0.0,0.0,1.0,4.4
STU-11139,0.6939150573153504,-0.048227274834086155,1.500951693507151,1.386233087069615,1.0544635222301855,-0.8885245307046317,0.046200339007150884,1.0,0.0,0.0,0.0,1.0,5.53
STU-14733,1.1263191267069925,0.4751778506789403,-1.5340713562604213,0.2470707958184561,0.5899606165739344,0.9390688285513369,0.643733591575009,0.0,0.0,0.0,0.0,0.0,3.87
STU-12538,-0.6032971508595764,-0.674625021819031,-0.8461721630738014,0.8861130567642278,0.09889417535465167,-0.23288565742894812,-0.2569384818077625,1.0,0.0,0.0,0.0,0.0,3.52
STU-11234,0.47771302261952925,1.484843221829875,-0.4466198419954517,-0.05855811159039094,1.0544635222301855,-0.4951412067392211,0.6728815551149043,0.0,0.0,0.0,1.0,0.0,4.47
STU-13325,-1.0357012202512186,0.610250141133915,0.06659822559656975,1.3584486409415384,0.7392907624417863,1.1849334060297174,0.5708636827252701,1.0,0.0,0.0,0.0,0.0,6.22
STU-13430,1.3425211614028136,-0.048227274834086155,-0.2301136581598918,0.7610830491878814,0.6646256895078598,-1.2655168828381498,0.6408187952210195,0.0,0.0,0.0,1.0,0.0,4.48
STU-13736,0.04530895322788702,-0.043162063942024716,-1.6098485206028668,0.23317857275441786,0.021357368846344035,1.275083751105125,-0.4726334120029894,1.0,0.0,1.0,0.0,0.0,4.28
STU-11241,0.04530895322788702,-0.12927064910707098,-0.39544565308886387,0.024795226793840854,0.6007296174778665,0.7833545961483617,-0.009180791718650714,0.0,0.0,0.0,0.0,1.0,4.47
STU-12610,-1.0357012202512186,-0.3892848082328969,-0.6021106467500807,1.789107555926732,-0.8100095009371779,0.14410669470456994,0.44261264314972976,0.0,0.0,0.0,0.0,1.0,5.11
STU-12312,0.6939150573153504,-0.41629926632389186,-0.2074789207589011,-1.4894570871863586,-0.4546324711074338,1.2996702088529626,-1.44326059788151,0.0,0.0,0.0,1.0,0.0,2.88
STU-13127,-0.6032971508595764,-0.15121989630600446,-0.38166798684478276,-0.5725703649598162,-0.002334433142305435,0.045760863713217304,-0.23653490732983581,1.0,0.0,1.0,0.0,0.0,4.86
STU-10211,0.6939150573153504,0.5055691160313095,0.5434038895435166,-1.4755648641223191,-1.092875258013782,0.22606155386403082,0.16570698952072255,0.0,0.0,0.0,0.0,1.0,2.8
STU-13319,0.47771302261952925,-0.5733208039778,1.500951693507151,-0.3919714651273156,0.8649291063209886,0.3571893285191677,1.9116700055604638,0.0,0.0,0.0,1.0,0.0,4.71
STU-11950,-0.3870951161637552,-0.00432878043621945,1.500951693507151,-0.8920914954327015,1.0544635222301855,-1.0606297349394986,1.0226571175936507,0.0,0.0,0.0,0.0,1.0,4.52
STU-11763,0.6939150573153504,-0.546306345886805,-3.4235798697343958,-0.6559237033440468,-1.255846138359948,-0.4131863475797609,-0.29191603805563715,0.0,0.0,0.0,1.0,0.0,2.31
STU-10263,0.04530895322788702,0.23373613149067327,0.7717195015882893,-0.30861812674308386,0.9876957166258088,0.8325275116440376,-0.9798079775971714,0.0,0.0,0.0,1.0,0.0,4.91
STU-14538,-1.2519032549470397,1.4493867455854448,0.9065438069767958,1.1083886257888442,1.0544635222301855,-1.6507047208876136,0.7107739077167687,0.0,0.0,1.0,0.0,0.0,5.68
STU-11138,0.04530895322788702,-0.048227274834086155,0.7608941923965113,1.3584486409415384,1.0544635222301855,0.11132475104078572,0.38140191971594917,1.0,0.0,0.0,0.0,1.0,5.82
STU-14365,0.26151098792370814,-0.94476960272898,0.8455284278958664,1.3723408640055768,-0.4510428041394568,0.6030539059975489,-0.12577264587823261,0.0,0.0,0.0,0.0,1.0,4.26
STU-13391,-0.3870951161637552,1.2484667135336698,1.500951693507151,0.6360530416115349,1.0544635222301855,-0.577096065898682,-0.169494591188076,0.0,0.0,0.0,0.0,1.0,5.15
STU-13101,0.6939150573153504,0.4397213744345093,-0.678871930109961,1.094496402724806,1.0544635222301855,1.0128282017948511,0.786558612920497,0.0,0.0,0.0,0.0,0.0,5.28
STU-13731,-1.2519032549470397,-1.0984143331215137,-0.830426258794852,-0.5308936957677003,-0.9212891769444712,0.19327961020024662,-1.215906482270325,0.0,0.0,1.0,0.0,0.0,3.38
STU-14465,1.991127265490277,-0.048227274834086155,-0.0805275675098678,-1.7534093254030896,-1.7555277803023754,0.9636552862991745,-1.3937090598636879,0.0,0.0,0.0,0.0,0.0,3.52
STU-13473,0.04530895322788702,0.16113477537112447,1.500951693507151,-0.9198759415607791,-0.12007550969195799,-1.0360432771916601,-1.300435576536022,0.0,0.0,0.0,0.0,0.0,3.82
STU-13203,1.7749252307944559,0.10541745555844746,0.3200088725859168,-0.8226303801125091,-0.5486817456684369,-1.257321396922204,-0.8428125489596625,1.0,0.0,0.0,0.0,1.0,3.49
STU-11814,1.1263191267069925,0.26243899321235536,0.4194048933467879,1.038927510468652,1.0544635222301855,1.1685424341978257,0.09283708067098376,0.0,1.0,0.0,0.0,0.0,5.25
STU-11374,1.5587231960986347,0.09022182288226284,-0.17500299318356732,1.789107555926732,0.8728263736505384,-0.91311098845247,1.6027015920375711,0.0,1.0,0.0,0.0,0.0,4.42
STU-14525,-0.8194991855553975,1.121836441232131,1.500951693507151,1.094496402724806,1.0544635222301855,-3.10950121392601,0.8098769837524135,0.0,0.0,1.0,0.0,0.0,4.82
STU-13031,0.6939150573153504,0.4127069163435147,0.06659822559656975,0.5110230340351885,1.0544635222301855,1.4635799271718828,-0.10245427504631645,1.0,0.0,0.0,0.0,0.0,4.24
STU-11061,0.26151098792370814,-0.20187200522661977,0.46861084421850596,-0.1835881191667374,-0.8760593731479587,1.1849334060297174,-0.26859766722372075,0.0,0.0,0.0,1.0,0.0,3.29
STU-14224,-0.8194991855553975,-1.0410086096781495,-1.3559458141048015,-0.8920914954327015,0.1735592482885781,1.2832792370210708,0.031626357237203175,1.0,0.0,1.0,0.0,0.0,3.72
STU-10498,0.26151098792370814,0.2489317641668579,-0.31573201267668033,-0.7531692647923168,0.1333549782472332,2.012677483540269,0.3289355853441373,0.0,0.0,1.0,0.0,0.0,4.65
STU-13356,0.6939150573153504,-1.073088278661206,-0.664110144848445,-1.822870440723282,1.0544635222301855,1.1603469482818798,-1.0526778864469102,0.0,1.0,0.0,0.0,0.0,2.29
STU-13306,-0.8194991855553975,0.09697543740501142,-0.7615379275744464,-0.4197559112553921,1.0544635222301855,-0.32303600250435416,0.5883524608492076,0.0,0.0,0.0,0.0,0.0,4.69
STU-10658,0.6939150573153504,1.5405605416425523,-0.3324620359730647,1.038927510468652,1.0544635222301855,1.143955976449988,-1.3762202817397504,0.0,0.0,0.0,0.0,1.0,4.79
STU-14526,-0.3870951161637552,0.34517077111602734,-0.4663022223441378,1.427909756261731,1.0544635222301855,-1.839200896954373,-0.8923640869774848,0.0,0.0,0.0,0.0,0.0,4.45
STU-13320,0.04530895322788702,0.863510685736992,1.2519695820962573,0.9555741720844214,1.0544635222301855,-1.5687498617281534,-1.632722360890831,0.0,1.0,0.0,0.0,0.0,4.83
STU-14226,-0.6032971508595764,0.9681917108395975,0.2944217781326229,0.6499452646755731,1.0544635222301855,-0.09356239685786541,0.617500424389103,0.0,0.0,1.0,0.0,0.0,4.87
STU-10705,0.26151098792370814,-0.703327883540713,-1.0429959665606738,-2.4758049247330924,-0.46109387164979304,0.5702719623337646,-0.7233058984460908,0.0,0.0,1.0,0.0,0.0,2.65
STU-11312,1.1263191267069925,-0.21200242701074293,-0.589317099523433,-0.7948459339844327,0.409759334781478,0.02117440596537969,0.06368911713108807,0.0,0.0,0.0,0.0,1.0,3.0
STU-14758,-0.6032971508595764,-1.1372476166273187,-0.2557007526131843,-1.4894570871863586,-1.9587029306898853,-0.10175788277381129,-0.8428125489596625,0.0,0.0,0.0,0.0,0.0,3.49
STU-13384,-0.17089308146793408,0.17126519715524735,-0.9091557801896006,0.08036411904999374,-0.36560873030159935,0.6686177933251173,-0.6650099713662998,1.0,0.0,0.0,0.0,1.0,3.79
STU-11334,0.6939150573153504,0.9783221326237204,0.21569225673787423,0.12204078824210964,-0.3325837941962084,-0.3558179461681384,0.01413757911326572,1.0,0.0,0.0,0.0,0.0,4.81
STU-12021,-0.6032971508595764,-1.2436170453606112,-0.7940138551497802,-0.15580367303866097,-1.143848528959059,0.02117440596537969,1.3432847165325015,1.0,0.0,1.0,0.0,0.0,2.79
STU-13258,1.1263191267069925,0.4245257417583247,0.17829573407536892,0.5526997032273043,0.8929285086712109,-2.552208171641679,0.06951870983906731,0.0,1.0,0.0,0.0,0.0,5.01
STU-11997,0.6939150573153504,-1.5222036444239964,-1.4297547404123787,-0.711492595600201,-1.4145094183445404,-0.4787502349073294,1.6347643519314565,0.0,0.0,0.0,1.0,0.0,2.28
STU-13190,-0.6032971508595764,-1.787283014441884,0.06659822559656975,-1.9756848944277061,-0.8660083056376224,-0.8885245307046317,-0.5396737281447492,1.0,0.0,1.0,0.0,0.0,3.02
STU-10438,8.909592375756553,-1.1642620747183137,-1.9355919153736407,0.024795226793840854,-0.03679523603488694,-0.5689005799827361,-0.8865344942695057,0.0,0.0,0.0,1.0,0.0,2.99
STU-13021,-1.0357012202512186,0.6980471299296481,0.00017019191974920644,1.789107555926732,1.0544635222301855,1.2504972933572858,1.0605494701955147,0.0,1.0,0.0,0.0,0.0,6.13
STU-11893,-0.3870951161637552,-0.048227274834086155,1.0492410645047785,-0.2947259036790456,1.0544635222301855,1.143955976449988,1.48028014517001,1.0,0.0,1.0,0.0,0.0,4.61
STU-14315,-0.17089308146793408,0.7993513477708792,-1.081376608240614,1.0250352874046138,0.04433123744139872,0.21786606794808422,-0.4085078922152193,1.0,0.0,0.0,0.0,0.0,4.3
STU-10437,-0.3870951161637552,0.5173879414461199,0.18813692424971198,0.6221608185474967,1.0544635222301855,-0.23288565742894812,0.9643611905138595,0.0,0.0,0.0,0.0,1.0,4.97
STU-13783,-1.2519032549470397,-0.5581251713016151,-0.9229334464336818,0.08036411904999374,-1.0476454542172695,0.816136539812146,0.7136887040707582,0.0,1.0,0.0,0.0,0.0,4.13
STU-14636,0.47771302261952925,-1.2841387324971036,-1.0065835629156032,1.1639575180449984,-0.5989370832201181,-0.9049155025365234,0.3580835488840327,1.0,0.0,0.0,0.0,0.0,4.59
STU-14927,-0.3870951161637552,0.48530827246306346,-0.9435999457998041,0.46934636484307257,0.1735592482885781,2.2995194905983807,-1.0031263484290878,1.0,0.0,1.0,0.0,0.0,5.85
STU-14748,0.04530895322788702,1.1235248448628186,0.8593060941399475,1.191741964173076,1.0544635222301855,-0.6098780095624662,0.005393190051296993,1.0,0.0,0.0,0.0,1.0,5.6
STU-10096,1.1263191267069925,-0.4112340554318304,1.500951693507151,0.9972508412765361,0.3788881988568745,0.8407229975599835,1.197544898833024,1.0,0.0,1.0,0.0,0.0,4.19
STU-13590,0.04530895322788702,-0.45344414619900997,0.11334387892470138,-1.1838281797775103,-0.010949633865451067,-1.7818324955427505,-0.7437094729240178,0.0,0.0,0.0,1.0,0.0,3.31
STU-14243,0.6939150573153504,2.9571311877890984,1.500951693507151,1.6918619944784619,1.0544635222301855,0.02117440596537969,0.643733591575009,0.0,0.0,0.0,0.0,1.0,6.18
STU-12510,0.47771302261952925,-0.08368375107851712,0.16353394881385294,1.094496402724806,0.18576411597970074,-0.9458929321162541,-0.1549206094181283,0.0,0.0,0.0,1.0,0.0,3.68
STU-10948,2.6397333695777405,-0.14953149267531704,0.060201451983245224,-1.3366426334819344,-1.495635891820825,-0.2820585729246241,-0.1578354057721178,0.0,0.0,0.0,0.0,1.0,3.53
STU-10984,-0.3870951161637552,-1.289203943389165,-0.10906701901546491,-1.253289295097704,-0.6333978861126995,-0.8885245307046317,-0.5105257646048535,1.0,1.0,0.0,0.0,0.0,3.45
STU-12808,0.9101170920111715,-0.500719447858251,0.5601339128399009,-0.19748034223077562,-0.9952363164848018,-0.6098780095624662,-1.0060411447830773,0.0,0.0,0.0,1.0,0.0,3.9
STU-11088,-0.6032971508595764,-0.048227274834086155,-0.5263334824076338,-0.25304923448692973,0.1735592482885781,1.1275650046180963,1.279159196744731,0.0,0.0,0.0,1.0,0.0,5.14
STU-11267,0.26151098792370814,-0.3285022775281584,-2.778981913314889,-0.7809537109203932,-0.250739387326329,0.31621189893943685,-0.7087319166761431,0.0,0.0,0.0,0.0,1.0,3.1
STU-14950,-0.6032971508595764,1.001959783453341,-0.45055631806518837,0.8166519414440355,1.0544635222301855,0.930873342635391,0.18611056399864923,1.0,0.0,0.0,1.0,0.0,4.84
STU-12052,-1.0357012202512186,0.5798588757815455,1.500951693507151,1.789107555926732,1.0544635222301855,-0.6098780095624662,0.28812843638828367,0.0,0.0,0.0,1.0,0.0,6.29
STU-13835,-1.2519032549470397,0.26243899321235536,1.3789209353452907,1.6779697714144237,0.1735592482885781,-0.33942697433624663,-0.16657979483408653,0.0,0.0,0.0,0.0,0.0,4.51
STU-10471,3.504541508361025,-1.3753125285542114,-0.7713791177487909,-1.7811937715311674,-0.5307334108285509,-2.1998022772559986,-0.2511088890997835,0.0,0.0,0.0,0.0,1.0,2.28
STU-10788,-1.0357012202512186,0.34517077111602734,-0.9524570169567137,0.6499452646755731,-0.46468353861777006,0.02936989188132556,0.5941820535571866,1.0,0.0,0.0,0.0,1.0,3.86
STU-11414,0.04530895322788702,0.3198447166557195,-0.018528069411503444,0.9138975028923055,0.5569356804685435,-0.4787502349073294,-1.4024534489256562,0.0,1.0,0.0,0.0,0.0,4.15
STU-13761,-0.3870951161637552,0.1661999862631859,-1.0990907505544332,0.8861130567642278,-0.6290902857511268,-0.5525096081508436,-0.05581753338248358,1.0,0.0,0.0,0.0,0.0,4.66
STU-12303,0.9101170920111715,-0.9278855664221083,0.1389309733779939,-0.6003548110878927,-2.880529408066433,0.20967058203213837,0.21234373118455516,0.0,0.0,1.0,0.0,0.0,2.77
STU-14335,-0.17089308146793408,-0.6020236656994821,-0.2123995158460726,-2.962032731974441,-1.3807665488455547,-0.27386308700867823,0.20359934212258668,0.0,0.0,0.0,1.0,0.0,2.72
STU-11810,1.7749252307944559,0.7622064678957614,-0.022464545481241507,-1.0865826183292415,0.6122165517753932,0.3817757862670053,-0.16657979483408653,1.0,0.0,0.0,1.0,0.0,4.68
STU-12057,-1.2519032549470397,-0.7202119198475848,-1.0351230144211991,-0.5725703649598162,-0.37063426405676697,0.11132475104078572,0.7953030019824655,0.0,1.0,0.0,0.0,0.0,3.17
STU-11196,-0.3870951161637552,0.2793230295192271,1.500951693507151,-0.1280192269105833,-0.19761231620026562,0.0539563496291639,0.6728815551149043,0.0,0.0,0.0,0.0,1.0,3.61
STU-11386,0.47771302261952925,1.1927493937209925,0.021820810303305054,-0.10023478078250683,1.0544635222301855,-0.38040440391597674,-0.03832875525854613,1.0,0.0,0.0,0.0,1.0,5.58
STU-11339,-0.17089308146793408,-1.9020944613286124,-2.1383204329651186,-0.6976003725361627,0.1735592482885781,-0.21649468559705567,-0.11119866410828493,1.0,1.0,0.0,0.0,0.0,2.42
STU-12175,1.1263191267069925,11.422377743213262,-0.6965860724237788,-1.7395171023390514,1.0544635222301855,-0.6180734954784121,-0.5105257646048535,0.0,0.0,0.0,0.0,1.0,3.8
STU-11083,-0.8194991855553975,-0.12927064910707098,-2.4512702805092457,0.1081485651780714,-1.6047617676473325,-1.2327349391743654,-0.9827227739511609,0.0,0.0,0.0,0.0,0.0,3.55
STU-11733,1.7749252307944559,-0.7826828541830105,-0.7261096429468094,-1.4061037488021269,-0.7051912254722438,-1.0770207067713904,-1.137206980712607,1.0,0.0,0.0,0.0,1.0,3.39
STU-10839,0.47771302261952925,1.1724885501527467,-0.3915091770191272,1.2195264103011525,0.6610360225398828,-0.9540884180322,0.5650340900172911,1.0,0.0,1.0,0.0,0.0,5.26
STU-13480,1.1263191267069925,-1.539087680730868,0.06659822559656975,-2.8092182782700172,-0.5142209427758554,0.308016413023491,-0.006265995364661225,0.0,0.0,0.0,0.0,1.0,2.15
STU-10833,0.6939150573153504,-0.048227274834086155,1.500951693507151,-2.114607125068091,1.0544635222301855,-0.454163777159491,-0.16657979483408653,0.0,0.0,0.0,0.0,1.0,3.49
STU-14499,1.1263191267069925,-0.2846037831302917,-0.8255056637076804,-1.1838281797775103,0.11181697643937012,-0.577096065898682,0.18611056399864923,0.0,1.0,0.0,0.0,0.0,2.97
STU-12344,0.6939150573153504,-0.6712482145576566,0.06659822559656975,-0.5308936957677003,-1.3017938755500553,-0.3066450306724624,0.38431671606993895,0.0,0.0,0.0,0.0,0.0,3.53
STU-14164,-0.6032971508595764,-1.2807619252357294,-0.7074113816155567,0.1498252343701873,-0.6800635566964027,0.4145577299307895,-0.344382372427449,0.0,0.0,1.0,0.0,0.0,3.29
STU-12472,0.47771302261952925,0.4464749889572582,0.6054033876418823,0.7194063799957667,0.045049170834993504,0.8325275116440376,-0.7437094729240178,1.0,0.0,0.0,1.0,0.0,4.9
STU-10552,0.04530895322788702,-0.3639587537725894,0.658545814583337,0.46934636484307257,-0.628372352357531,-1.0606297349394986,0.005393190051296993,0.0,0.0,1.0,0.0,0.0,4.67
STU-10672,-0.8194991855553975,-0.09550257649332745,-0.07855932947499947,1.789107555926732,-0.012385500652641667,0.5292945327540346,-0.05581753338248358,1.0,1.0,0.0,0.0,0.0,4.75
STU-10863,-1.2519032549470397,0.8162353840777513,-0.23798661029936652,0.6499452646755731,0.5784736822764075,-0.8557425870408474,0.8098769837524135,1.0,1.0,0.0,0.0,0.0,3.87
STU-13586,1.5587231960986347,0.14762754632562702,-0.96525056418336,0.024795226793840854,-1.1029263255241182,0.5948584200816031,-1.51030091402327,0.0,0.0,0.0,1.0,0.0,3.6
STU-13229,0.04530895322788702,0.5427139959064277,0.9173691161685738,-0.1835881191667374,1.0544635222301855,1.4307979835080993,-0.06456192244445205,0.0,0.0,0.0,0.0,0.0,5.48
STU-13139,0.6939150573153504,-0.35889354288052766,-0.41611215245498623,-1.4894570871863586,0.1735592482885781,0.02117440596537969,-0.017925180780619443,0.0,0.0,1.0,0.0,0.0,3.19
STU-14336,0.26151098792370814,0.4430981816958839,0.5365150564214767,0.5526997032273043,0.5210390107887714,0.9718507722151204,0.967275986867849,0.0,1.0,0.0,0.0,0.0,4.78
STU-14640,-0.17089308146793408,0.6271341774407867,0.4440078687826469,0.788867495315959,1.0544635222301855,-0.7737877278813873,-0.6504359895963522,1.0,0.0,1.0,0.0,0.0,5.01
STU-12647,-0.17089308146793408,0.4768662543096274,0.36527834738789683,-0.10023478078250683,1.0544635222301855,1.1357604905340422,0.8477693363542773,1.0,0.0,0.0,0.0,1.0,4.39
STU-13777,-0.6032971508595764,0.23711293875204756,-0.23995484833423486,1.5251553177099995,0.3307866614859798,-0.33123148842030076,-1.041018701030952,1.0,0.0,0.0,0.0,1.0,4.48
STU-13116,-0.8194991855553975,-0.048227274834086155,-0.7261096429468094,-2.364667140220785,-1.6959393086339538,0.8489184834759294,-0.9914671630131295,0.0,0.0,0.0,0.0,0.0,2.3
STU-11365,1.5587231960986347,0.4684242361561914,1.4832375511933318,1.4973708715819232,1.0544635222301855,-0.8311561292930091,0.7544958530266122,1.0,0.0,0.0,0.0,0.0,5.41
STU-11288,1.5587231960986347,0.12230149186531922,1.500951693507151,0.2470707958184561,-0.35842939636564536,0.8571139693918767,-0.2773420562856895,1.0,1.0,0.0,0.0,0.0,5.54
STU-11128,0.9101170920111715,-1.019059362479216,0.009027263076658798,0.20539412662634143,-1.480559290555321,-0.5852915518146279,-1.2071620932083562,1.0,0.0,1.0,0.0,0.0,3.02
STU-13478,0.04530895322788702,-1.177769303763811,-0.8028709263066898,0.4554541417790343,-0.8186247016603235,0.48012161725835795,-0.7349650838620491,0.0,0.0,0.0,0.0,1.0,3.0
STU-14812,0.47771302261952925,-1.3128415942187857,-0.9947741347063905,-0.4197559112553921,-1.920652460829327,-1.0770207067713904,0.25023608378641954,0.0,0.0,1.0,0.0,0.0,2.04
STU-14402,-0.17089308146793408,-1.0241245733712776,-1.311660458320255,-0.6976003725361627,-1.6255818360616001,-1.8473963828703188,0.7078591113627792,0.0,0.0,0.0,0.0,0.0,2.48
STU-14990,-0.6032971508595764,-1.1068563512749494,-0.29506551331055936,-0.669815926408085,-3.090165958996302,0.12771572287267818,-0.9914671630131295,0.0,0.0,0.0,0.0,1.0,2.64
STU-14513,-0.3870951161637552,0.5173879414461199,-0.22912953914245693,-0.5447859188317385,0.4987830755873135,0.06215183554510977,0.4163794759638238,0.0,0.0,0.0,1.0,0.0,4.48
STU-14682,-1.0357012202512186,-0.26096613230067106,0.2255334469122187,-0.5725703649598162,-0.1215113764791486,-0.9295019602843617,-0.72913549115407,0.0,0.0,0.0,1.0,0.0,4.4
STU-14711,0.26151098792370814,-0.7185235162168976,0.3603577523007253,-0.7531692647923168,0.3688371313465383,0.02117440596537969,0.022881968175234448,1.0,0.0,1.0,0.0,0.0,4.76
STU-11281,1.3425211614028136,0.36712001831496055,1.500951693507151,0.03868744985787907,0.7751874321215584,0.15230218062051654,-0.47554820835697886,1.0,0.0,0.0,0.0,0.0,5.0
STU-12091,-1.2519032549470397,0.4549170071106942,0.13401037829082235,-0.7531692647923168,1.0544635222301855,0.2834299552756527,0.5562897009553222,1.0,0.0,0.0,1.0,0.0,4.89
STU-13417,0.26151098792370814,-0.6729366181883437,0.16943866291845933,-0.1280192269105833,-0.512067142595069,0.02117440596537969,-0.48137780106495814,0.0,0.0,1.0,0.0,0.0,3.93
STU-14203,-0.6032971508595764,-1.483370360918191,0.047407904756598965,-1.4061037488021269,-1.1826169322132123,-0.8557425870408474,-0.6679247677202893,0.0,0.0,0.0,0.0,1.0,2.78
STU-10556,-0.6032971508595764,-0.7117699016941488,0.07693147527962954,-0.6559237033440468,-1.3764589484839818,-0.8885245307046317,-0.2569384818077625,1.0,0.0,0.0,1.0,0.0,3.38
STU-10131,-0.17089308146793408,0.03112769580821122,-0.6483642405694956,0.3582085803307643,1.0544635222301855,-1.6015318053919376,0.41054988325584485,1.0,0.0,0.0,0.0,1.0,3.66
STU-10778,-1.2519032549470397,-1.2520590635140472,-0.9987106107761287,-2.3924515863488613,-1.401586617259822,0.1604976665364624,-0.676669156782258,1.0,1.0,0.0,0.0,0.0,2.21
STU-11724,0.9101170920111715,1.3565245458976496,0.8337189996866535,0.31653191113864965,1.0544635222301855,-0.23288565742894812,-0.4318262630471358,0.0,0.0,1.0,0.0,0.0,4.28
STU-14771,-0.17089308146793408,-0.3487631210964048,0.9695274240925951,-0.04466588852635272,-0.35627559618485893,0.5292945327540346,-1.0701666645708474,0.0,0.0,0.0,0.0,1.0,4.85
STU-14033,-0.3870951161637552,-0.2508357105165482,1.436983957373917,-0.5308936957677003,-0.49699054132956516,-0.241081143344894,-0.169494591188076,0.0,1.0,0.0,0.0,0.0,4.79
STU-12263,0.47771302261952925,-0.9380159882062312,0.6664187667228118,0.1081485651780714,-0.17248464742442557,-0.7082238405538188,-0.8981936796854639,0.0,0.0,1.0,0.0,0.0,3.89
STU-14065,0.26151098792370814,0.22529411333723723,0.1733751389881974,1.2889875256213448,1.0544635222301855,0.18508412428430074,2.4538221274025203,1.0,0.0,1.0,0.0,0.0,5.76
STU-10045,-0.17089308146793408,-1.9020944613286124,0.06659822559656975,0.6221608185474967,-2.548844180225339,-0.02799850953029699,-0.17823898025004473,0.0,0.0,0.0,0.0,1.0,2.46
STU-11068,-0.3870951161637552,-1.1254287912125085,-1.4051517649765197,0.6777297108036509,-0.1574080461589207,0.02117440596537969,-0.26568287086973125,0.0,0.0,1.0,0.0,0.0,3.22
STU-10241,-1.2519032549470397,0.5477792067984891,1.3001914139505406,0.8027597183799973,0.5748840153084295,-0.21649468559705567,-1.4840677468373638,0.0,1.0,0.0,0.0,0.0,4.55
STU-10740,-1.2519032549470397,0.10541745555844746,1.1063199675159714,0.7055141569317273,0.1369446452152102,0.2342570397799767,0.8506841327082668,0.0,0.0,0.0,1.0,0.0,4.76
STU-13629,0.04530895322788702,-1.9020944613286124,-1.120741368937989,-2.3090982479646307,-1.2651792724766886,-0.8721335588727391,-0.16657979483408653,0.0,0.0,0.0,0.0,1.0,2.33
STU-12759,0.47771302261952925,0.7858441187253821,1.500951693507151,1.7752153328626936,0.1735592482885781,-0.06897593911002707,-0.16075020212610727,0.0,0.0,1.0,0.0,0.0,5.15
STU-10126,-0.6032971508595764,0.6440182137476582,-0.9258858034859849,1.5668319869021154,0.3523246632938428,0.5456855045859264,-0.7582834546939654,0.0,1.0,0.0,0.0,0.0,4.68
STU-12254,0.9101170920111715,-0.048227274834086155,-1.9119730589552166,-1.0310137260730874,-1.426714286035663,-0.02799850953029699,1.3811770691343652,0.0,0.0,0.0,0.0,1.0,2.46
STU-14342,-0.3870951161637552,1.7195313264953935,0.29343765911518943,1.3306641948134608,1.0544635222301855,1.24230180744134,0.1598773968127433,0.0,0.0,0.0,0.0,1.0,5.02
STU-10558,-1.2519032549470397,-0.9126899337459234,0.06659822559656975,0.49713081097115025,-0.7791383650125744,0.19327961020024662,0.6699667587609148,0.0,0.0,0.0,1.0,0.0,3.58
STU-10720,0.04530895322788702,1.435879516539947,1.1889859649804582,0.024795226793840854,1.0544635222301855,0.15230218062051654,0.6000116462651656,0.0,0.0,1.0,0.0,0.0,4.63
STU-14239,0.6939150573153504,-0.8198277340581285,0.4607378920790312,0.788867495315959,-0.3878646655030582,-0.2984495447565166,-0.6562655823043311,0.0,0.0,0.0,0.0,1.0,3.69
STU-10675,-1.0357012202512186,0.47011263978687884,-0.13957470855593035,1.038927510468652,0.23027598638261745,0.06215183554510977,-1.0818258499868056,0.0,0.0,1.0,0.0,0.0,4.74
STU-11670,-0.17089308146793408,0.05476534663783187,0.06659822559656975,0.7194063799957667,0.2080200511811586,0.8489184834759294,0.18028097129067025,0.0,0.0,0.0,0.0,1.0,4.59
STU-12321,-1.2519032549470397,-0.5750092076084872,-1.2673751025357085,-0.6559237033440468,-1.6894779080915945,-0.04438948136218873,0.5825228681412281,0.0,0.0,0.0,1.0,0.0,2.63
STU-12761,1.1263191267069925,-1.613377440481104,-0.24487544342140638,-2.072930455875976,-1.176155531670853,-0.9376974462003076,-0.904023272393443,0.0,0.0,0.0,0.0,0.0,2.82
STU-14311,0.26151098792370814,1.150539302953813,-0.36789032060070165,0.16371745743422553,0.5892426831803386,1.2832792370210708,1.1013566191513686,0.0,0.0,1.0,0.0,0.0,4.51
STU-11562,-1.0357012202512186,1.6655024103134035,1.331683222508441,0.49713081097115025,1.0544635222301855,1.570121244079182,1.0663790629034937,1.0,1.0,0.0,0.0,0.0,5.06
STU-13743,-0.17089308146793408,-0.012770798589655482,-1.4199135502380356,0.12204078824210964,0.9094409767239063,0.4473396735945737,0.4892493848135629,1.0,0.0,0.0,0.0,0.0,4.71
STU-12517,1.3425211614028136,0.6642790573159045,0.9380356155346962,-1.5450259794425127,1.0544635222301855,0.3817757862670053,-0.5688216916846446,0.0,0.0,0.0,1.0,0.0,3.9
STU-12340,0.47771302261952925,-0.07524173292508109,-0.35312853533918703,-0.05855811159039094,0.18504618258610495,1.275083751105125,-0.6620951750123103,0.0,1.0,0.0,0.0,0.0,3.57
STU-12402,-1.2519032549470397,0.436344567173135,0.6614981716356403,1.344556417877499,-0.8538034379464998,-0.44596829124354515,-0.2977456307636164,1.0,0.0,0.0,1.0,0.0,4.81
STU-14020,1.3425211614028136,-0.6628061964042206,-0.44760396101288513,0.6638374877396126,-0.3325837941962084,-0.0607804531940812,0.4805049957515939,1.0,0.0,0.0,0.0,0.0,5.01
STU-14222,-0.8194991855553975,-0.4551325498296971,-1.4336912164821154,-0.5170014727036621,-2.0441370045277427,-2.5358171998097867,1.3811770691343652,0.0,0.0,0.0,0.0,1.0,2.94
STU-14591,-1.2519032549470397,0.18646082983143197,1.0118445418422732,0.5110230340351885,0.05294643816454333,-0.7164193264697647,1.87086285660461,0.0,0.0,0.0,0.0,1.0,5.85
STU-14723,-0.3870951161637552,1.4021114439262035,1.3936827206068052,0.23317857275441786,1.0544635222301855,0.02117440596537969,-0.8807049015615266,0.0,0.0,1.0,0.0,0.0,5.09
STU-10496,-0.6032971508595764,-0.6425453528359742,-0.3600173684612269,-0.43364813431943033,0.4068876012070968,0.6768132792410632,-0.8253237708357252,0.0,0.0,0.0,1.0,0.0,3.53
STU-11101,-0.17089308146793408,-0.8671030357173697,-0.1897647784450833,1.7752153328626936,-0.9105201760405403,-1.9047647842819415,-0.7553686583399759,1.0,0.0,1.0,0.0,0.0,4.42
STU-14135,-0.17089308146793408,1.0745611395728898,1.1683194656143372,-0.5447859188317385,1.0544635222301855,-1.470404030736801,-0.45222983752506246,0.0,0.0,1.0,0.0,0.0,4.53
STU-13060,0.04530895322788702,-0.17654595076631197,0.019852572268436723,-0.6976003725361627,0.1103811096521785,-0.08536691094191881,-1.294605983828043,1.0,0.0,1.0,0.0,0.0,4.23
STU-13686,2.2073293001860983,-0.12082863095363494,0.1477880445349035,-1.961792671363668,-0.7956508330652688,0.07034732146105564,0.06077432077709859,0.0,0.0,1.0,0.0,0.0,3.19
STU-10615,0.6939150573153504,-0.24914730688586106,-0.9563934930264504,0.3304241342026879,1.0544635222301855,-0.42957731941165267,-0.8748753088535475,0.0,0.0,0.0,0.0,1.0,4.55
STU-10252,-0.8194991855553975,0.934423638225854,1.500951693507151,1.038927510468652,-0.8947256413814406,-0.4705547489913835,-0.5600773026226759,0.0,0.0,1.0,0.0,0.0,4.59
STU-13592,-0.8194991855553975,-0.750603185199954,-1.5458807844696327,0.4554541417790343,-0.09710164109690433,0.18508412428430074,-0.19281296201999243,1.0,0.0,0.0,0.0,1.0,4.21
STU-13273,1.1263191267069925,0.6254457738100996,0.428261964503696,-0.33640257287116154,1.0544635222301855,1.7750083919778332,-0.9360860322873281,1.0,0.0,0.0,0.0,0.0,5.16
STU-14153,-0.6032971508595764,-0.019524413112404066,1.500951693507151,-2.5174815939252086,0.3860675327928285,1.0292191736267429,-1.5015565249613012,0.0,0.0,0.0,0.0,1.0,3.6
STU-11256,-0.8194991855553975,-1.0325665915247133,0.3180406345510485,-1.0865826183292415,-0.23279105248644294,-1.6179227772238294,-1.0934850354027639,0.0,1.0,0.0,0.0,0.0,2.89
STU-13110,-1.2519032549470397,0.297895469456786,-0.4554769131523599,0.05257967292191729,-0.8028301670012239,1.4307979835080993,-0.3356379833654805,0.0,0.0,0.0,0.0,1.0,4.57
STU-13369,0.26151098792370814,1.6975820792964602,0.9262261873254833,0.7332986030598049,1.0544635222301855,0.02117440596537969,-0.7932610109418401,1.0,0.0,0.0,0.0,1.0,5.77
STU-13318,0.04530895322788702,-0.7387843597851438,-0.583412385418828,-0.5170014727036621,-0.16243357991408933,-0.6180734954784121,0.611670831681124,0.0,0.0,1.0,0.0,0.0,2.63
STU-10641,0.04530895322788702,1.1387204775390032,0.8317507616517853,0.3304241342026879,1.0544635222301855,-1.5933363194759917,-0.3006604271176059,0.0,0.0,0.0,0.0,0.0,4.58
STU-13608,-1.2519032549470397,-1.0545158387236468,-1.4937224765456127,-0.767061487856355,-2.021163135932689,0.25884349752781505,-1.274202409350116,0.0,1.0,0.0,0.0,0.0,2.48
STU-12104,-1.0357012202512186,-0.00939399132828089,-0.8323944968297203,-0.5170014727036621,1.0544635222301855,-1.4376220870730165,-0.16657979483408653,1.0,0.0,0.0,0.0,1.0,4.04
STU-13392,0.6939150573153504,0.5849240866736072,-1.2565497933439305,0.2470707958184561,0.35017086311305645,0.8980913989716061,0.8856616889561417,0.0,0.0,0.0,0.0,1.0,4.13
STU-14573,1.5587231960986347,0.3114026985022835,0.41350017924218146,-0.3780792420632762,0.6538566886039288,1.357038610264585,0.6029264426191551,0.0,0.0,0.0,0.0,0.0,4.3
STU-14808,0.04530895322788702,-0.08199534744782998,-1.851941798891719,0.594376372419419,-1.3017938755500553,0.5620764764178188,0.6612223696989464,1.0,0.0,1.0,0.0,0.0,3.24
STU-11494,0.47771302261952925,1.1927493937209925,1.500951693507151,0.8583286106361514,1.0544635222301855,-0.44596829124354515,0.6058412389731446,1.0,0.0,1.0,0.0,0.0,5.04
STU-10882,-0.3870951161637552,-0.9920449043882211,1.500951693507151,1.2612030794932685,-0.6987298249298846,-1.7080731222992362,0.32602078899014786,0.0,0.0,1.0,0.0,0.0,2.97
STU-13868,0.04530895322788702,-0.048227274834086155,-1.8184817522989518,-0.9754448338169333,-2.0391114707725753,-2.2489751927516752,-1.5307044885011967,1.0,0.0,0.0,0.0,0.0,2.6
STU-13236,-0.8194991855553975,0.38738086188320686,0.32099299160335165,1.2056341872371144,1.0544635222301855,-1.5359679180643693,-1.542363673917155,0.0,0.0,1.0,0.0,0.0,4.91
STU-10710,-1.2519032549470397,-0.03640844941927583,-0.6562371927089703,0.4415619187149961,-0.36417286351440875,0.5047080750061963,-0.06456192244445205,1.0,0.0,0.0,0.0,0.0,4.19
STU-12241,0.26151098792370814,-0.6256613165291025,-1.5596584507137137,-2.225744909580399,-0.9141098430085172,1.1193695187021488,-1.0002115520750983,0.0,0.0,0.0,0.0,1.0,1.81
STU-10405,0.47771302261952925,1.0441698742205205,0.729402383838611,-1.0032292799450098,0.5734481485212389,0.22606155386403082,-0.9594044031192445,0.0,0.0,0.0,0.0,0.0,5.2
STU-14969,-0.3870951161637552,0.2050332697689912,1.0571140166442534,1.0667119565967296,0.04576710422858932,-0.7410057842176031,-1.6239779718288623,0.0,0.0,1.0,0.0,0.0,4.72
STU-11693,0.9101170920111715,1.390292618511393,1.500951693507151,1.6501853252863472,1.0544635222301855,-0.839351615208955,-0.05581753338248358,1.0,0.0,0.0,0.0,1.0,5.56
STU-11156,-0.8194991855553975,-0.82489294495019,-3.05453523819651,-1.9062237791075138,-0.36991633066317214,1.8241813074735098,-0.7699426401099236,0.0,0.0,0.0,0.0,0.0,2.89
STU-11753,1.3425211614028136,0.37218522920702224,0.07988383233193273,-0.21137256529481507,-0.04325663657724617,1.5619257581632362,0.3027024181582314,0.0,0.0,0.0,0.0,0.0,5.15
STU-12837,0.47771302261952925,0.23035932422929897,0.06659822559656975,0.6221608185474967,0.5583715472557351,0.43094870176268196,0.9847647649917864,1.0,0.0,0.0,0.0,0.0,4.3
STU-13276,-1.0357012202512186,-0.8367117703650004,0.12908978320365083,-2.4480204786050157,-0.6082702173368585,-0.03619399544624286,-0.16657979483408653,0.0,0.0,1.0,0.0,0.0,3.07
STU-10320,-0.17089308146793408,1.1910609900903055,0.8878455456455432,0.1081485651780714,1.0544635222301855,0.9964372299629595,-0.47554820835697886,0.0,0.0,0.0,0.0,0.0,4.9
STU-11817,1.3425211614028136,-0.6290381237904771,0.8622584511922506,-0.1280192269105833,1.0544635222301855,-0.3476224602521925,-0.7495390656319969,0.0,0.0,1.0,0.0,0.0,4.81
STU-11971,-0.17089308146793408,0.8939019510893612,1.500951693507151,1.6085086560942314,1.0544635222301855,-0.43777280532759927,-0.4959517828349058,1.0,0.0,0.0,1.0,0.0,5.63
STU-11750,-1.2519032549470397,-1.3938849684917705,-0.9180128513465102,-1.6839482100828973,-3.1318060958248384,0.8571139693918767,-1.061422275508879,0.0,0.0,0.0,0.0,0.0,2.99
STU-10140,-0.17089308146793408,-0.03134323852721439,0.06659822559656975,-0.05855811159039094,1.0544635222301855,0.43094870176268196,1.6988898717192265,0.0,0.0,0.0,0.0,0.0,4.97
STU-13537,-1.2519032549470397,1.7718718390466965,0.34362772900434096,1.6224008791582696,1.0544635222301855,-0.14273531235354137,2.7773645226953607,0.0,0.0,0.0,1.0,0.0,5.8
STU-11754,0.47771302261952925,-0.9565884281437903,-0.4643339843092695,0.6499452646755731,-0.17176671403082974,0.6194448778294407,-1.0089559411370668,0.0,1.0,0.0,0.0,0.0,4.29
STU-10436,0.26151098792370814,-1.2993343651732883,-0.14744766069540508,-0.4058636881913539,-1.3068194093052241,-2.05228353076897,-1.4257718197575726,0.0,0.0,0.0,0.0,1.0,2.79
STU-13080,-0.3870951161637552,-0.7286539380010206,-0.32655732186845826,0.3721008033948038,0.7306755617186406,2.152000744111352,1.0984418227973791,1.0,0.0,0.0,0.0,1.0,5.0
STU-11492,-0.3870951161637552,-0.048227274834086155,1.500951693507151,-1.3783193026740503,0.515295543640008,0.24245252569592257,0.25315088014040904,0.0,0.0,0.0,0.0,0.0,4.92
STU-11509,-1.0357012202512186,1.1167712303400694,1.500951693507151,1.789107555926732,0.8627753061402021,1.4963618708356679,-1.0526778864469102,0.0,1.0,0.0,0.0,0.0,5.3
STU-14260,-1.2519032549470397,-0.20524881248799406,0.9370514965172613,-0.16969589610269917,0.282685124115085,-2.1998022772559986,1.9174995982684429,0.0,0.0,0.0,1.0,0.0,4.24
STU-12618,-0.3870951161637552,0.9850757471464695,1.3021596519854104,1.7057542175425013,1.0544635222301855,-1.339276256081664,-1.6881034916166324,1.0,0.0,0.0,0.0,1.0,5.46
STU-14725,-1.2519032549470397,-0.3656471574032765,0.6467363863741242,1.789107555926732,0.7859564330254903,0.6030539059975489,1.9087552092064743,1.0,0.0,0.0,0.0,1.0,5.09
STU-10220,-0.3870951161637552,0.15100435358700132,0.48042027242771734,-0.5725703649598162,-0.07484570589544547,-0.7410057842176031,-0.2744272599317,0.0,0.0,0.0,0.0,1.0,4.53
STU-13855,0.04530895322788702,-0.4146108626932047,-0.21633599191581068,-1.4894570871863586,0.7593928974624586,-1.257321396922204,0.5009085702295208,0.0,0.0,0.0,0.0,0.0,3.44
STU-10696,0.47771302261952925,0.5832356830429201,-0.28030372804904335,1.5668319869021154,0.6804202241669605,0.3817757862670053,0.6145856280351135,1.0,0.0,0.0,0.0,1.0,5.38
STU-10779,0.04530895322788702,0.11554787734257033,-0.7005225484935169,-0.3919714651273156,-0.06982017214027683,1.7340309623981023,-1.1401217770665968,0.0,0.0,0.0,0.0,1.0,4.63
STU-13631,0.9101170920111715,0.7824673114640072,-0.8432198060214983,-0.32251034980712207,1.0544635222301855,0.49651258909025037,-0.72913549115407,0.0,1.0,0.0,0.0,0.0,4.35
STU-12416,-0.3870951161637552,-1.9020944613286124,-1.52718252313838,-1.3644270796100109,-1.237897803520062,0.48831710317430377,-0.7466242692780072,0.0,0.0,1.0,0.0,0.0,2.29
STU-11071,1.1263191267069925,0.4751778506789403,1.2411442729044795,-0.4058636881913539,0.7866743664190852,1.5947077018270197,-0.7903462145878505,0.0,0.0,0.0,0.0,0.0,4.86
STU-13842,0.9101170920111715,-0.7151467089555233,-0.7152843337550314,0.13593301130614785,-0.8028301670012239,0.12771572287267818,0.15404780410476432,1.0,0.0,0.0,0.0,0.0,3.31
STU-12461,0.04530895322788702,-0.048227274834086155,-0.6916654773366073,-1.4755648641223191,-2.292541958711766,0.24245252569592257,-0.4959517828349058,0.0,0.0,0.0,0.0,0.0,2.63
STU-14726,0.9101170920111715,-0.703327883540713,-0.05100399698683722,0.6499452646755731,-0.13587004435105765,-0.577096065898682,0.6291596098050609,0.0,0.0,0.0,0.0,1.0,4.32
STU-12201,0.26151098792370814,0.622068966548725,-0.2123995158460726,0.49713081097115025,1.0544635222301855,0.6522268214932249,2.1681720847115447,0.0,0.0,1.0,0.0,0.0,4.87
STU-14078,-1.0357012202512186,0.760518064265074,0.1871528052322785,1.6501853252863472,0.21232765154273142,0.7505726524845775,0.16862178587471202,0.0,1.0,0.0,0.0,0.0,5.25
STU-10782,0.04530895322788702,-0.034720045788588685,-0.8894733998409146,-1.1560437336494338,-0.32396859347306384,0.1686931524524083,-0.612543636994488,0.0,0.0,0.0,0.0,1.0,2.93
STU-13610,1.991127265490277,-0.20524881248799406,-0.4741751744836125,-0.2947259036790456,-0.23279105248644294,1.3078656947689085,0.6058412389731446,0.0,0.0,1.0,0.0,0.0,5.01
STU-10198,0.04530895322788702,-0.38421959734083544,-0.5529046958783626,0.26096301888249557,-0.9011870419237987,-1.3228852842497723,-0.16657979483408653,0.0,0.0,0.0,0.0,0.0,4.29
STU-13453,-1.0357012202512186,-1.056204242354334,0.48042027242771734,-0.2252647883588533,-0.711652626014602,1.2013243778616105,0.5096529592914893,0.0,0.0,1.0,0.0,0.0,3.51
STU-13956,-1.0357012202512186,-0.048227274834086155,0.045439666721729235,-1.517241533314435,-1.6499915714438456,0.07854280737700152,-1.2042472968543667,0.0,0.0,0.0,1.0,0.0,3.55
STU-12392,0.47771302261952925,0.1577579681097499,0.8750519984188969,-1.0032292799450098,1.0544635222301855,1.0128282017948511,2.555839999792155,0.0,1.0,0.0,0.0,0.0,4.2
STU-14643,-0.6032971508595764,-0.048227274834086155,1.500951693507151,-0.5725703649598162,1.0544635222301855,0.02936989188132556,-0.9710635885352027,0.0,0.0,0.0,0.0,1.0,4.37
STU-13923,-0.3870951161637552,-0.19680679433455833,-0.5971900516629077,0.5526997032273043,-1.1208746603640043,1.6110986736589128,-0.3298083906575013,0.0,0.0,0.0,1.0,0.0,3.71
STU-10282,0.9101170920111715,-0.6341033346825385,-0.6975701914412137,-0.9337681646248174,0.21735318529790004,1.275083751105125,2.0661542123219103,0.0,0.0,0.0,0.0,1.0,3.19
STU-13841,1.5587231960986347,-1.3179068051108473,-0.9062034231372974,-0.558678141895778,0.1735592482885781,0.7833545961483617,-0.9419156249953071,0.0,0.0,0.0,0.0,0.0,3.58
STU-13495,1.3425211614028136,0.027750888546836928,0.8160048573728358,1.386233087069615,0.37314473170811113,2.8240305892189266,0.27938404732631494,0.0,0.0,0.0,1.0,0.0,5.84
STU-10583,0.47771302261952925,-0.9717840608199749,-1.0026470868458652,0.7749752722519196,-0.5515534792428192,-0.364013432084085,-0.9535748104112654,1.0,0.0,0.0,1.0,0.0,3.6
STU-10125,0.6939150573153504,1.288988400670162,0.8356872377215219,1.789107555926732,1.0544635222301855,1.7668129060618873,0.6000116462651656,0.0,0.0,0.0,0.0,0.0,5.99
STU-11850,-1.2519032549470397,0.08346820835951395,0.08578854643653913,0.5110230340351885,1.0544635222301855,0.48012161725835795,1.5327464795418224,1.0,1.0,0.0,0.0,0.0,4.45
STU-12744,0.26151098792370814,1.2704159607326029,-0.13662235150362714,1.441801979325769,0.874262240437729,0.02117440596537969,3.232072753917731,1.0,0.0,0.0,1.0,0.0,5.05
STU-14558,-1.2519032549470397,-0.3926616154942715,0.9714956621274647,-0.21137256529481507,0.4930396084385501,-1.0524342490235528,-0.3706155396133552,0.0,0.0,0.0,1.0,0.0,4.5
STU-14086,1.3425211614028136,-0.6425453528359742,1.2667313673577734,0.010903003729801398,1.0544635222301855,-1.5933363194759917,-1.1605253515445235,0.0,0.0,0.0,1.0,0.0,3.73
STU-10853,-1.2519032549470397,0.010866852239965166,1.500951693507151,1.0667119565967296,0.9008257760007607,-0.15912628418543384,0.002478393697307503,0.0,0.0,0.0,1.0,0.0,4.52
STU-10993,-0.6032971508595764,-0.6948858653872769,0.729402383838611,-1.1699359567134722,-0.4101206007045171,0.39816675809889773,0.11032585879492095,1.0,0.0,0.0,0.0,1.0,4.45
STU-11354,-0.17089308146793408,-0.5294223095799331,0.6841329090366309,-0.9893370568809715,-0.8832387070839127,0.02117440596537969,2.0253470633660564,0.0,0.0,0.0,0.0,0.0,4.25
STU-14539,-0.3870951161637552,-0.21706763790280437,-0.32065260776385324,0.8861130567642278,-0.7956508330652688,-0.9049155025365234,0.4047202905478656,1.0,0.0,0.0,0.0,1.0,3.74
STU-12589,-0.8194991855553975,0.5359603813836787,0.5561974367701642,1.3167719717494226,0.5375514788414668,-0.24927662926083988,-1.3499871145538445,0.0,0.0,0.0,0.0,1.0,5.01
STU-13658,-0.17089308146793408,0.5815472794122329,0.06659822559656975,0.7332986030598049,0.6732408902310054,0.6276403637453866,2.736557373739507,0.0,0.0,0.0,0.0,1.0,4.53
STU-10303,-0.3870951161637552,0.45322860348000676,0.2944217781326229,-0.25304923448692973,0.780212965876727,-1.7408550659630204,-0.3706155396133552,0.0,0.0,1.0,0.0,0.0,4.0
STU-12210,-0.6032971508595764,-1.9020944613286124,-0.7822044269405688,-0.32251034980712207,-4.305627194353386,0.2998209271075451,-0.16657979483408653,0.0,0.0,0.0,0.0,1.0,2.44
STU-13518,-0.6032971508595764,-0.20356040885730692,1.500951693507151,0.7055141569317273,1.0544635222301855,0.9554598003832286,-0.9331712359333386,1.0,0.0,0.0,1.0,0.0,4.7
STU-10614,-0.6032971508595764,-0.7489147815692668,-1.2073438424722125,-0.04466588852635272,0.5009368757680999,-1.1507800800149053,-0.22196092555988786,0.0,0.0,0.0,0.0,1.0,3.35
STU-13538,-1.0357012202512186,-0.26096613230067106,0.167470424883591,0.024795226793840854,0.13048324467285097,1.0701966032064738,-1.341242725491876,1.0,0.0,0.0,1.0,0.0,4.27
STU-13652,0.47771302261952925,-0.03134323852721439,1.500951693507151,0.5665919262913426,0.18791791616048714,-1.7162686082151821,0.008307986405286742,1.0,1.0,0.0,0.0,0.0,4.55
STU-12810,0.6939150573153504,-0.0684881184023325,-0.055924592074008746,1.747430886734616,-0.6484744873782035,0.8079410538962001,1.2762444003907416,1.0,0.0,0.0,0.0,0.0,4.84
STU-11372,0.04530895322788702,-1.056204242354334,-1.4838812863712683,-0.8781992723686632,-0.2586366546558788,-0.09356239685786541,-0.4988665791888953,0.0,0.0,0.0,0.0,1.0,3.17
STU-11757,0.47771302261952925,1.1539161102151878,1.500951693507151,0.23317857275441786,1.0544635222301855,1.152151462365934,-0.6591803786583206,0.0,0.0,0.0,0.0,1.0,5.93
STU-10630,1.1263191267069925,0.5494676104291762,0.057249094930942025,-0.364187018999238,0.5677046813724755,-0.6344644673103038,0.028711560883213427,0.0,0.0,0.0,0.0,1.0,5.01
STU-11761,-0.17089308146793408,-0.12251703458432239,0.6713393618099833,-0.5308936957677003,0.06371543906847536,0.22606155386403082,2.52086244354428,0.0,1.0,0.0,0.0,0.0,4.67
STU-11360,0.04530895322788702,1.3295100878066546,0.5483244846306881,1.789107555926732,1.0544635222301855,-1.126193622267067,-0.21904612920589836,0.0,0.0,0.0,0.0,0.0,5.43
STU-10384,0.26151098792370814,0.5849240866736072,0.36724658542276656,-0.08634255771846738,1.0544635222301855,-0.5525096081508436,0.08700748796300452,0.0,0.0,0.0,1.0,0.0,4.91
STU-10861,1.1263191267069925,-0.8181393304274414,-0.7162684527724663,-2.4063438094129004,-0.7317547610352745,0.6604223074091707,-0.21613133285190889,0.0,0.0,0.0,0.0,0.0,2.87
STU-10550,1.991127265490277,-1.3195952087415344,-1.7013715892242631,0.1081485651780714,-1.5451732959789108,-1.1999529955105812,-0.7058171203221535,0.0,0.0,0.0,0.0,1.0,3.21
STU-11546,-0.3870951161637552,-0.500719447858251,-1.1965185332804344,-0.3780792420632762,-1.4769696235873442,-0.019803023614350393,1.509428108709906,0.0,0.0,0.0,1.0,0.0,3.69
STU-11949,0.47771302261952925,-0.22719805968692755,1.500951693507151,-2.1840682403882843,-0.9471347791139071,-2.339125537827081,0.6408187952210195,0.0,0.0,0.0,0.0,1.0,3.24
STU-11675,0.26151098792370814,-1.1271171948431957,-1.5202936900163402,-1.4755648641223191,-2.1855698830660453,-1.085216192687337,1.142163768107222,0.0,0.0,1.0,0.0,0.0,2.33
STU-14144,-0.8194991855553975,-0.21031402338005578,1.444856909513393,-0.030773665462313266,0.6150882853497744,1.2095198637775564,-0.9244268468713699,0.0,1.0,0.0,0.0,0.0,3.23
STU-10059,1.5587231960986347,0.5579096285826123,0.2048669475460963,1.2612030794932685,0.950363180158846,-2.2981481082473514,-0.7990906036498192,1.0,0.0,0.0,0.0,0.0,4.94
STU-12440,0.47771302261952925,1.1826189719368696,0.46664260618363623,1.1639575180449984,0.9740549821474955,0.8653094553078226,-0.9390008286413177,0.0,0.0,1.0,0.0,0.0,5.66
STU-14013,0.47771302261952925,0.3704968255763351,-0.32065260776385324,1.038927510468652,0.6588822223590963,0.2752344693597068,0.5883524608492076,0.0,0.0,0.0,0.0,1.0,5.01
STU-13329,0.04530895322788702,-0.0718649256637068,-0.2566848716306192,-0.05855811159039094,-1.3341008782618504,-0.91311098845247,-0.13451703494020134,0.0,0.0,0.0,1.0,0.0,2.56
STU-11860,0.04530895322788702,0.08684501562088824,-0.8737274955619637,0.9694663951484597,-0.37350599763114917,-0.9540884180322,-0.05581753338248358,0.0,1.0,0.0,0.0,0.0,3.68
STU-13826,0.47771302261952925,0.4785546579403146,-0.43087393771650084,0.024795226793840854,0.8965181756391879,0.39816675809889773,0.38140191971594917,0.0,0.0,0.0,0.0,1.0,4.38
STU-10302,0.26151098792370814,-0.029654834896527243,0.6526411004787307,0.3443163572667261,-0.08202503983139947,-2.05228353076897,1.6085311847455506,1.0,0.0,0.0,1.0,0.0,5.07
STU-14492,1.7749252307944559,0.22191730607586294,-1.791910538828223,0.9833586182124978,-1.0986187251625454,0.48012161725835795,-1.352901910907834,0.0,0.0,0.0,1.0,0.0,3.81
STU-12567,1.991127265490277,-0.26771974682342,1.500951693507151,1.3028797486853843,1.0544635222301855,-1.6507047208876136,-1.0555926828008997,1.0,0.0,1.0,0.0,0.0,5.14
STU-13997,-1.0357012202512186,0.3620548074228991,0.18813692424971198,-0.2947259036790456,0.460732605726755,-0.2984495447565166,2.293508327933095,0.0,0.0,1.0,0.0,0.0,4.76
STU-13603,0.47771302261952925,-0.2710965540847943,-0.3826521058622176,-1.308858187353858,0.34729912953867526,0.0539563496291639,-0.8807049015615266,0.0,0.0,0.0,0.0,1.0,3.37
STU-10153,0.6939150573153504,0.07840299746745251,-0.2694784188572654,-0.8920914954327015,1.0544635222301855,-0.9049155025365234,0.955616801451891,0.0,0.0,0.0,0.0,1.0,4.07
STU-12839,-0.17089308146793408,0.17801881167799624,-0.20255832567172954,-0.016881442398275045,-0.3928901992582258,-1.5605543758122076,2.156512899295586,1.0,0.0,0.0,0.0,1.0,3.45
STU-14484,2.2073293001860983,-0.048227274834086155,-0.8186168305856392,-0.4058636881913539,-1.4748158234065578,0.11132475104078572,0.6583075733449569,1.0,1.0,0.0,0.0,0.0,3.48
STU-10770,-1.2519032549470397,1.530430119858429,1.500951693507151,1.789107555926732,1.0544635222301855,-0.3558179461681384,-1.3033503728900115,0.0,0.0,0.0,0.0,1.0,6.41
STU-13571,1.3425211614028136,-0.12420543821500954,1.500951693507151,0.5249152570992267,0.6689332898694326,-0.4787502349073294,-0.42308187398516706,0.0,0.0,0.0,1.0,0.0,3.93
STU-13908,1.1263191267069925,0.3232215239170938,-1.202423247385041,-1.114367064457318,0.4772450737794494,-0.3558179461681384,-1.3791350780937401,0.0,0.0,0.0,0.0,1.0,4.16
STU-13317,1.1263191267069925,-0.07861854018645538,0.9429562106218677,0.2470707958184561,0.0716127063980252,-1.0934116786032828,-0.13451703494020134,0.0,0.0,0.0,0.0,1.0,4.45
STU-13382,-0.17089308146793408,-0.04653887120339901,-1.0321706573688958,0.4554541417790343,0.48729614128978566,0.2670389834437609,-1.294605983828043,0.0,1.0,0.0,0.0,0.0,3.82
STU-14292,-0.17089308146793408,-0.6020236656994821,0.4961661767066682,-0.1835881191667374,0.3846316660056379,1.6438806173226963,-0.4580594302330417,1.0,0.0,0.0,0.0,0.0,4.91
STU-13653,-0.17089308146793408,-0.12420543821500954,0.49518205768923335,-1.0310137260730874,0.1742771816821729,-1.290103340585988,-0.3152344088875536,0.0,0.0,0.0,0.0,1.0,4.23
STU-10402,0.47771302261952925,-0.21031402338005578,-0.16122532693948619,-0.016881442398275045,0.7170348272403273,-0.7737877278813873,-0.3706155396133552,0.0,0.0,1.0,0.0,0.0,4.11
STU-10572,0.47771302261952925,-0.9565884281437903,-1.0370912524560687,-1.267181518161742,-0.21340685085936528,1.3898205539283686,-0.7816018255258819,0.0,0.0,1.0,0.0,0.0,3.54
STU-11333,-1.2519032549470397,0.2995838730874732,0.06659822559656975,0.6082685954834585,0.59857581729708,-1.4949904884846392,1.2325224550808982,1.0,0.0,0.0,0.0,1.0,4.84
STU-13891,-1.2519032549470397,0.2810114331499143,0.2511205413655112,-0.04466588852635272,0.5533460135005664,-1.4949904884846392,-0.6795839531362475,1.0,0.0,0.0,0.0,1.0,4.63
STU-13315,1.1263191267069925,0.3215331202864067,0.4125160602247466,0.09425634211403319,1.0544635222301855,-0.5852915518146279,-0.13451703494020134,1.0,0.0,1.0,0.0,0.0,5.42
STU-13327,0.6939150573153504,-0.048227274834086155,1.415333338990361,-0.0029892193342368227,0.24966018800969514,-1.257321396922204,-0.16657979483408653,1.0,0.0,0.0,1.0,0.0,4.9
STU-13030,0.6939150573153504,1.2822347861474133,0.48927734358462693,-0.2947259036790456,1.0544635222301855,-0.5689005799827361,-0.9623191994732341,0.0,0.0,1.0,0.0,0.0,4.45
STU-12032,-0.6032971508595764,-0.22044444516417866,-2.0782891729016226,0.6360530416115349,0.1735592482885781,0.02117440596537969,2.1331945284636697,1.0,0.0,1.0,0.0,0.0,4.41
STU-11607,-1.2519032549470397,1.7465457845863883,0.4646743681487679,1.789107555926732,0.9532349137332283,-0.02799850953029699,-1.5890004155809878,0.0,0.0,1.0,0.0,0.0,5.62
STU-10798,-1.2519032549470397,-0.048227274834086155,0.06659822559656975,-0.8781992723686632,-0.46109387164979304,-1.6589002068035594,0.06660391348507756,0.0,0.0,0.0,0.0,1.0,3.14
STU-10532,-0.3870951161637552,-0.18329956528906086,-1.7869899437410515,0.06647189598595551,-1.8718329900648367,0.02117440596537969,0.2997876218042419,0.0,1.0,0.0,0.0,0.0,3.85
STU-13805,-0.17089308146793408,-1.9020944613286124,-0.21535187289837582,-1.6700559870188592,-1.9587029306898853,-1.896569298365995,-0.7349650838620491,0.0,0.0,0.0,0.0,1.0,1.12
STU-11918,-0.17089308146793408,-0.21031402338005578,0.3190247535684819,-1.0310137260730874,0.9273893115637925,0.02117440596537969,0.33767997440610603,0.0,0.0,0.0,0.0,1.0,4.07
STU-12240,-0.6032971508595764,0.8094817695550022,1.500951693507151,-0.5170014727036621,-0.051871837300390786,0.06215183554510977,1.0838678410274312,0.0,0.0,0.0,0.0,1.0,4.61
STU-12492,-1.2519032549470397,0.49206188698581205,0.4125160602247466,1.1500652949809602,0.2920182582318255,-1.3228852842497723,-0.16657979483408653,0.0,1.0,0.0,0.0,0.0,4.44
STU-13811,0.04530895322788702,0.004113237717216281,0.7471165261524302,1.191741964173076,-0.6384234198678672,0.5538809905018722,0.41054988325584485,1.0,0.0,1.0,0.0,0.0,5.25
STU-11583,0.26151098792370814,-0.35720513924984054,0.5798162931885884,-0.961552610752895,-1.4023045506534177,0.6358358496613331,0.5679488863712806,0.0,0.0,0.0,1.0,0.0,7.394150224970773
STU-12145,0.04530895322788702,0.15606956447906276,-0.33049379793819633,0.6360530416115349,1.0544635222301855,-0.07717142502597295,1.669741908179331,0.0,0.0,1.0,0.0,0.0,5.38
STU-11524,0.47771302261952925,-1.4242762338441397,-1.2988669110936086,-0.8226303801125091,-1.7397332456432757,0.5538809905018722,-0.819494178127746,0.0,0.0,0.0,0.0,1.0,2.72
STU-11398,0.26151098792370814,-1.4918123790716271,-2.188510502854272,-1.7256248792750133,-2.743404129889704,1.1685424341978257,0.2356621020164716,0.0,0.0,0.0,0.0,0.0,1.97
STU-13887,-1.0357012202512186,-0.3082414339599124,0.029693762442779784,1.3584486409415384,-1.2716406730190477,1.455384441255937,-0.5250997463748013,1.0,0.0,0.0,1.0,0.0,4.48
STU-10527,0.26151098792370814,-1.3685589140314627,0.06659822559656975,0.6360530416115349,-0.8911359744134625,-0.6918328687219264,-0.22196092555988786,0.0,0.0,1.0,0.0,0.0,4.1
STU-13715,-0.6032971508595764,-0.4314948990000764,-0.16811416006152605,-0.5864625880238544,-1.8538846552249508,-0.27386308700867823,-0.3706155396133552,0.0,0.0,1.0,0.0,0.0,4.16
STU-13927,-0.17089308146793408,0.44816339258794535,-0.4712228174313107,0.5249152570992267,0.1735592482885781,1.0701966032064738,1.4307286071521876,1.0,0.0,0.0,1.0,0.0,4.73
STU-11539,-0.6032971508595764,0.6980471299296481,0.06659822559656975,0.5804841493553808,-0.5106312758078784,-0.44596829124354515,1.2092040842489817,0.0,0.0,0.0,0.0,1.0,4.33
STU-13756,1.3425211614028136,-0.19849519796524548,1.500951693507151,-0.5308936957677003,-0.7159602263761748,-0.8229606433770632,-1.0118707374910565,0.0,0.0,0.0,0.0,1.0,3.84
STU-14035,0.9101170920111715,0.890525143827987,0.3091835633941389,0.6360530416115349,0.09961210874824748,0.6112493919134948,-0.16657979483408653,0.0,0.0,1.0,0.0,0.0,4.76
STU-11484,-1.0357012202512186,-1.464797920980632,0.6359110771823463,-0.5447859188317385,-1.5789161654778965,0.4637306454264662,0.10158146973295222,0.0,0.0,0.0,0.0,1.0,3.32
STU-10773,-0.8194991855553975,-0.25758932503929677,0.38004013264941283,1.2195264103011525,1.0544635222301855,0.08673829329294812,-1.1401217770665968,0.0,0.0,0.0,0.0,0.0,4.46
STU-10088,-1.2519032549470397,0.08853341925157539,1.500951693507151,-1.4061037488021269,1.0544635222301855,-1.1589755659308512,0.946872412389922,0.0,0.0,0.0,0.0,1.0,5.11
STU-12536,-1.2519032549470397,0.3772504400990837,-2.3420330695740317,0.3026396880746102,-1.2292826027969164,0.2014750961161925,-0.819494178127746,1.0,0.0,1.0,0.0,0.0,2.77
STU-12882,1.991127265490277,-1.0680230677691442,-1.2703274595880116,-1.4894570871863586,-1.1022083921305235,-0.667246410974088,0.46884581033563594,0.0,0.0,0.0,0.0,1.0,2.38
STU-10661,0.04530895322788702,0.19152604072349372,0.01591609619869866,0.12204078824210964,0.8118020351949262,-1.4294266011570707,-0.9652339958272236,1.0,0.0,1.0,0.0,0.0,5.04
STU-11519,-0.3870951161637552,0.5595980322132994,0.6270540060254381,0.4554541417790343,1.0544635222301855,-0.9950658476119302,0.8011325946904445,0.0,0.0,0.0,0.0,0.0,5.61
STU-13896,0.47771302261952925,0.12230149186531922,-0.4712228174313107,1.789107555926732,0.4140669351430508,-0.0034120517824586514,1.637679148285446,0.0,0.0,0.0,0.0,1.0,3.75
STU-14271,-1.2519032549470397,-0.7151467089555233,-0.4111915573678147,-0.364187018999238,-1.408048017802181,1.1685424341978257,-1.0993146281107429,0.0,0.0,0.0,1.0,0.0,3.71
STU-14775,0.26151098792370814,-0.048227274834086155,0.7992748340764515,1.191741964173076,0.7579570306752681,-0.2820585729246241,-0.7349650838620491,0.0,0.0,0.0,0.0,1.0,5.07
STU-13412,-0.3870951161637552,-0.3048646266985378,0.9833050903366762,0.7055141569317273,0.4413484040996773,-0.1345398264375955,-0.39101911409128187,0.0,0.0,0.0,1.0,0.0,4.42
STU-13807,-1.2519032549470397,-0.4669513752445074,-1.2437562461172842,-0.558678141895778,-0.6097060841240501,-1.675291178635452,-0.5804808771006028,0.0,0.0,1.0,0.0,0.0,2.83
STU-13112,-1.2519032549470397,-1.0511390314622724,-0.7162684527724663,-1.5033493102503968,0.1735592482885781,0.6194448778294407,-0.2802568526396789,0.0,0.0,1.0,0.0,0.0,3.0
STU-10545,0.04530895322788702,0.9513076745327255,0.2767076358188051,-0.10023478078250683,1.0544635222301855,0.24245252569592257,-1.2188212786243147,1.0,0.0,0.0,0.0,1.0,4.84
STU-11835,1.1263191267069925,1.1961262009823674,1.500951693507151,-0.10023478078250683,1.0544635222301855,-1.044238763107606,0.780729020212518,1.0,0.0,0.0,1.0,0.0,5.24
STU-13685,-1.2519032549470397,-1.3043995760653497,0.050360261808902164,-0.2391570114228915,0.1735592482885781,-0.15093079826948724,1.2645852149747836,0.0,0.0,0.0,0.0,1.0,2.7
STU-13241,0.6939150573153504,-0.5209802914264973,-0.9869011825669158,-0.43364813431943033,-0.1265369102343172,-1.339276256081664,-0.8573865307296101,0.0,0.0,0.0,0.0,0.0,3.82
STU-13919,-0.8194991855553975,1.4915968363526242,0.9616544719531204,1.386233087069615,1.0544635222301855,-0.9458929321162541,-0.5659068953306551,1.0,0.0,0.0,0.0,1.0,5.51
STU-14421,-0.6032971508595764,-1.67584837481653,-1.9188618920772564,-0.864307049304625,-1.789270649801361,1.6356851314067504,-0.061647126090462565,0.0,1.0,0.0,0.0,0.0,2.19
STU-13099,-0.17089308146793408,0.07502619020607822,1.475364599053857,0.26096301888249557,0.8541601054170566,2.2339556032708123,3.3894717570331667,0.0,0.0,0.0,0.0,0.0,5.47
STU-10184,-0.6032971508595764,0.8077933659243153,1.500951693507151,0.024795226793840854,0.7751874321215584,0.045760863713217304,0.7195182967787372,1.0,0.0,0.0,0.0,1.0,5.45
STU-10680,0.26151098792370814,1.1117060194480082,-1.31067633930282,0.024795226793840854,0.7708798317599855,0.24245252569592257,-1.3179243546599595,0.0,0.0,0.0,0.0,1.0,4.12
STU-11076,-0.17089308146793408,0.5325835741223045,0.337723014899736,0.3721008033948038,1.0544635222301855,0.4145577299307895,-0.17823898025004473,0.0,0.0,0.0,1.0,0.0,4.51
STU-12932,0.04530895322788702,-0.5125382732730612,-1.6196897107772097,-0.30861812674308386,-0.384992931928676,1.5373393004153986,-0.4930369864809163,1.0,1.0,0.0,0.0,0.0,3.52
STU-10147,0.26151098792370814,-0.3892848082328969,-0.5814441473839583,1.1778497411090367,-1.25225647139197,-0.5525096081508436,0.448442235857709,0.0,0.0,0.0,0.0,1.0,3.57
STU-11066,-1.2519032549470397,0.7115543589751459,1.500951693507151,1.05281973353269,0.5648329477980943,-0.11814885460570303,-1.2829467984120848,1.0,0.0,0.0,1.0,0.0,5.65
STU-11172,-0.8194991855553975,-0.6492989673587232,-0.2507801575260128,0.5249152570992267,-0.41945373482125753,0.9062868848875519,1.197544898833024,0.0,0.0,0.0,1.0,0.0,3.77
STU-11540,-0.17089308146793408,0.36880842194564767,0.15369275863950987,0.42766969565095664,1.0494379884750178,-0.7492012701335489,-1.5656820447490714,0.0,1.0,0.0,0.0,0.0,4.77
STU-13591,0.6939150573153504,1.3278216841759671,1.090574063237022,0.9694663951484597,1.0544635222301855,1.9225271384648617,0.6524779806369774,0.0,0.0,1.0,0.0,0.0,4.98
STU-12422,0.6939150573153504,-0.07861854018645538,-0.29506551331055936,0.024795226793840854,0.5791916156700023,0.6030539059975489,0.8390249472923089,1.0,0.0,0.0,1.0,0.0,4.17
STU-11276,0.47771302261952925,0.1661999862631859,1.0147968988945766,-0.030773665462313266,1.0544635222301855,0.4145577299307895,0.1482182113967851,1.0,0.0,0.0,1.0,0.0,4.51
STU-11193,1.1263191267069925,-0.3251254702667841,0.10448680776779179,-1.0865826183292415,0.9431838462228921,1.062001117290528,-0.5163553573128328,0.0,0.0,0.0,1.0,0.0,3.97
STU-14503,-0.3870951161637552,0.8010397514015667,1.500951693507151,-0.3919714651273156,1.0544635222301855,2.1601962300272977,-0.19281296201999243,0.0,0.0,0.0,0.0,1.0,4.79
STU-12127,-1.2519032549470397,-0.4044804409090818,-0.9130922562593387,-1.7117326562109738,-1.2508206046047794,1.2996702088529626,2.3838670149067713,0.0,0.0,0.0,1.0,0.0,2.99
STU-11368,-0.8194991855553975,0.08346820835951395,-0.0716704963529596,0.4415619187149961,-1.0139025847182837,1.701249018734319,1.2529260295588251,1.0,1.0,0.0,0.0,0.0,4.7
STU-11903,0.04530895322788702,-0.6172192983756667,0.4243254884339594,-0.767061487856355,-0.1904329822643116,0.02936989188132556,-0.43765585575511473,1.0,0.0,0.0,0.0,1.0,3.88
STU-13032,0.26151098792370814,-0.5766976112391743,-0.4111915573678147,0.024795226793840854,0.02566496920791685,-0.011607537698404523,0.5766932754332491,1.0,0.0,0.0,0.0,0.0,4.22
STU-13797,-1.0357012202512186,0.06489576842195505,1.0630187307488597,0.26096301888249557,0.1735592482885781,-0.7819832137973332,2.340145069596928,0.0,0.0,0.0,0.0,0.0,4.07
STU-12445,0.04530895322788702,-0.20356040885730692,-0.32950967892076144,-0.1419114499746215,0.1735592482885781,-0.08536691094191881,0.43095345773377153,1.0,0.0,0.0,0.0,0.0,3.88
STU-14984,0.9101170920111715,-0.45344414619900997,-2.0527020784483296,-0.7392770417282786,-1.0555427215468192,1.1029785468702573,-1.44326059788151,1.0,0.0,0.0,0.0,1.0,3.12
STU-14549,0.04530895322788702,0.194902847984868,-0.9367111126777629,0.5665919262913426,0.1369446452152102,0.8817004271397143,3.293283477351512,1.0,0.0,0.0,1.0,0.0,4.9
STU-14546,-1.0357012202512186,-0.4872122188127535,-1.3490569809827602,0.9972508412765361,-1.7849630494397883,0.9718507722151204,0.5300565337694162,1.0,0.0,0.0,1.0,0.0,2.88
STU-10764,-0.8194991855553975,-0.44331372441488676,0.3888972038063224,-0.905983718496741,-0.5422203451260776,-1.3474717419976099,0.6262448134510715,0.0,0.0,0.0,1.0,0.0,3.57
STU-10501,-0.8194991855553975,1.4493867455854448,1.3051120090377135,1.386233087069615,1.0544635222301855,0.02117440596537969,-1.2129916859163354,1.0,0.0,0.0,1.0,0.0,7.0
STU-12367,0.6939150573153504,-1.149066442042129,-2.357778973852982,0.49713081097115025,-2.5646387148844383,0.8653094553078226,0.3872315124239284,0.0,0.0,0.0,0.0,1.0,2.57
STU-12735,0.04530895322788702,-0.17992275802768656,0.06659822559656975,0.024795226793840854,0.25468572176486276,0.6030539059975489,-1.0847406463407954,1.0,0.0,1.0,0.0,0.0,4.76
STU-11026,1.1263191267069925,-0.048227274834086155,-1.1984867713153042,-1.419995971866165,0.1735592482885781,1.1603469482818798,-0.5513329135607071,0.0,0.0,0.0,1.0,0.0,3.84
STU-13313,-0.17089308146793408,-1.351674877724591,-1.9316554393039027,-0.11412700384654506,-2.7915056672605982,-0.5689005799827361,2.0049434888881295,1.0,0.0,1.0,0.0,0.0,2.66
STU-12266,-1.2519032549470397,0.3772504400990837,-0.29900198938029743,1.539047540774039,1.0544635222301855,0.644031335577279,-0.16657979483408653,0.0,0.0,0.0,0.0,1.0,4.67
STU-12815,0.26151098792370814,0.21854049881448864,0.26391408859215887,-0.6003548110878927,-1.3068194093052241,0.11952023695673232,-0.9798079775971714,0.0,1.0,0.0,0.0,0.0,3.4
STU-10219,-1.2519032549470397,0.8685758966290538,0.7854971678323703,-0.2252647883588533,1.0544635222301855,-1.3966446574932865,-0.48137780106495814,0.0,1.0,0.0,0.0,0.0,4.73
STU-11406,-0.6032971508595764,0.02606248491614978,1.500951693507151,0.42766969565095664,1.0544635222301855,0.48012161725835795,-0.5600773026226759,0.0,0.0,0.0,0.0,1.0,4.84
STU-12953,-0.8194991855553975,0.7638948715264483,0.6044192686244474,1.5668319869021154,1.0544635222301855,-0.536118636318952,0.11615545150289992,1.0,1.0,0.0,0.0,0.0,5.73
STU-11927,0.04530895322788702,0.6338877919635353,0.9321309014300898,-0.0029892193342368227,1.0544635222301855,0.02117440596537969,-0.9156824578094013,0.0,0.0,1.0,0.0,0.0,5.0
STU-14301,-0.6032971508595764,-1.5762325606059862,-1.2585180313788003,-0.5447859188317385,-1.8000396507052927,0.17688863836835414,0.4601014212736672,0.0,0.0,0.0,0.0,0.0,3.45
STU-13334,-0.17089308146793408,7.546663237892767,-1.7801011106190117,-1.0449059491371255,-0.446735203777884,0.10312926512483986,1.2470964368508461,0.0,1.0,0.0,0.0,0.0,3.31
STU-14074,1.3425211614028136,-1.0798418931839546,0.11826447401187291,0.39988524952288024,0.5052444761296717,-0.3066450306724624,-1.151780962482555,0.0,1.0,0.0,0.0,0.0,3.74
STU-14595,0.47771302261952925,-1.103479544013575,-0.6828084061796977,-0.6976003725361627,-1.3197422103899414,0.02117440596537969,-0.09370988598434772,1.0,0.0,0.0,1.0,0.0,3.48
STU-13654,0.47771302261952925,0.6440182137476582,-0.28620844215364977,-0.30861812674308386,1.0544635222301855,-0.3476224602521925,-1.347072318199855,0.0,0.0,0.0,0.0,1.0,4.07
STU-11263,1.1263191267069925,-1.213225780008242,-0.6276977412033732,-1.9756848944277061,-2.0879309415370653,0.02117440596537969,0.5592044973093117,0.0,0.0,0.0,0.0,1.0,2.48
STU-11844,1.5587231960986347,-1.1710156892410624,-0.639507169412586,-0.3919714651273156,-1.2544102715727565,0.25884349752781505,-1.0759962572788266,0.0,0.0,0.0,0.0,1.0,2.86
STU-11423,-0.6032971508595764,-1.5205152407933091,0.6191810538859635,-0.5725703649598162,-0.6240647519959581,0.8407229975599835,-0.44931504117107296,0.0,0.0,0.0,0.0,0.0,3.88
STU-10598,0.6939150573153504,-0.048227274834086155,0.2767076358188051,1.5112630946459613,1.0544635222301855,-0.8967200166205775,2.305167513349053,0.0,1.0,0.0,0.0,0.0,4.91
STU-12598,0.26151098792370814,-0.1157634200615735,1.0886058252021535,0.8722208337001897,-1.1381050618102955,0.02117440596537969,-0.2452792963918043,0.0,0.0,0.0,1.0,0.0,3.85
STU-10685,0.47771302261952925,-0.048227274834086155,-0.9563934930264504,-0.5447859188317385,0.594986150329102,1.5537302722472903,-0.16657979483408653,0.0,0.0,0.0,0.0,1.0,3.54
STU-12838,0.6939150573153504,0.44478658532657106,1.2234301305906616,1.6085086560942314,1.0544635222301855,0.8325275116440376,-0.16657979483408653,0.0,0.0,0.0,0.0,0.0,4.81
STU-10513,-0.8194991855553975,-0.1562851071980659,0.06659822559656975,-0.16969589610269917,-0.7274471606737016,-0.33942697433624663,1.3228811420545745,1.0,0.0,0.0,0.0,1.0,4.83
STU-10132,-1.2519032549470397,-0.048227274834086155,0.24423170824347135,1.3584486409415384,1.0544635222301855,-0.454163777159491,-0.12577264587823261,0.0,1.0,0.0,0.0,0.0,4.44
STU-11988,-0.17089308146793408,0.23711293875204756,-0.49582579286716977,-0.8504148262405868,0.4636043393011362,1.2177153496935023,-0.6096288406404983,0.0,1.0,0.0,0.0,0.0,3.89
STU-13122,-0.3870951161637552,0.1324319136494424,0.06659822559656975,0.5110230340351885,-0.1868433152963346,0.9636552862991745,-0.16657979483408653,0.0,0.0,1.0,0.0,0.0,3.98
STU-11270,0.47771302261952925,-0.3301906811588456,-1.9552742957223281,0.9138975028923055,-0.9033408421045852,0.308016413023491,-0.2977456307636164,1.0,0.0,0.0,0.0,0.0,4.28
STU-11261,0.6939150573153504,0.5410255922757405,0.8661949272619873,1.2056341872371144,0.8074944348333535,-0.03619399544624286,-0.5513329135607071,1.0,0.0,0.0,0.0,0.0,5.88
STU-11701,1.1263191267069925,1.083003157726326,-0.38462034389708594,1.6085086560942314,1.0544635222301855,-0.4623592630754369,-1.618148379120883,1.0,0.0,0.0,1.0,0.0,4.95
STU-11364,-0.3870951161637552,-0.9903565007575339,-0.8756957335968334,-1.517241533314435,-0.9830314487936792,-0.04438948136218873,0.6787111478228833,1.0,0.0,0.0,0.0,1.0,3.04
STU-10664,-0.17089308146793408,0.1695767935245602,-1.8332435375604665,-0.461432580447508,-2.004650667879994,0.15230218062051654,3.264135513811616,0.0,0.0,0.0,1.0,0.0,2.72
STU-14329,0.26151098792370814,0.7335036061740791,-0.18484418335791036,0.6638374877396126,0.47509127359866404,0.6522268214932249,-0.761198251047955,1.0,0.0,0.0,1.0,0.0,4.59
STU-13904,-0.17089308146793408,-0.26096613230067106,0.06659822559656975,0.03868744985787907,-0.2873539903996959,-0.5689005799827361,-0.20155735108196116,0.0,0.0,0.0,1.0,0.0,3.77
STU-12795,-1.0357012202512186,-1.2098489727468678,-1.0262659432642909,-0.1419114499746215,-2.6227913197656694,0.4473396735945737,-0.3414675760734595,0.0,0.0,0.0,0.0,0.0,2.95
STU-13640,-0.17089308146793408,0.21009848066105263,1.126002347864659,0.6499452646755731,1.0544635222301855,1.143955976449988,1.15673774987717,1.0,0.0,0.0,0.0,1.0,5.46
STU-11907,0.9101170920111715,0.9378004454872283,-0.0313216166381497,0.26096301888249557,1.0544635222301855,0.7587681384005234,0.16862178587471202,1.0,0.0,0.0,0.0,1.0,5.32
STU-11642,0.6939150573153504,0.12736670275738066,0.3701989424750698,0.9138975028923055,-0.01741103440781029,-0.9950658476119302,0.28812843638828367,1.0,0.0,0.0,0.0,0.0,4.28
STU-12698,-1.2519032549470397,0.7031123408217098,-0.7064272625981233,0.024795226793840854,-0.09781957449049912,1.0701966032064738,1.454046977984104,0.0,0.0,0.0,0.0,1.0,4.9
STU-14914,-0.6032971508595764,1.493285239983311,1.1427323711610433,-0.7809537109203932,1.0544635222301855,0.42275321584673536,-0.2569384818077625,0.0,0.0,0.0,0.0,1.0,5.83
STU-10051,0.9101170920111715,1.1927493937209925,0.39086544184119076,0.6499452646755731,1.0544635222301855,0.9800462581310663,0.13655902598082686,0.0,0.0,0.0,0.0,1.0,5.31
STU-10099,-1.2519032549470397,-0.34707471746571733,0.34756420507407904,-0.5725703649598162,0.9144665104790739,-2.822659206867898,0.8681729108322043,1.0,0.0,0.0,0.0,1.0,4.7
STU-11990,0.47771302261952925,-1.019059362479216,0.10055033169805372,0.594376372419419,-0.7181140265569612,0.20967058203213837,-0.017925180780619443,1.0,0.0,0.0,0.0,0.0,4.2
STU-10014,0.04530895322788702,1.510169276290183,0.6703552427925499,-0.05855811159039094,0.8979540424263786,-0.5197276644870594,1.2325224550808982,0.0,0.0,1.0,0.0,0.0,4.87
STU-13508,0.47771302261952925,-0.006017184066906597,-0.19370125451481995,0.8305441645080737,-0.5515534792428192,1.6274896454908045,-0.6329472114724147,1.0,0.0,0.0,1.0,0.0,4.6
STU-10724,0.04530895322788702,-1.4850587645488782,-2.1147015765466946,-2.434128255540977,-2.6637135232006095,-1.085216192687337,0.35516875253004326,0.0,0.0,0.0,0.0,1.0,2.32
STU-11771,-0.6032971508595764,-0.048227274834086155,-0.9327746366080262,0.024795226793840854,0.7529314969200994,0.12771572287267818,-0.6446063968883728,0.0,0.0,1.0,0.0,0.0,4.88
STU-11212,-1.2519032549470397,0.7081775517137716,0.9370514965172613,0.39988524952288024,1.0544635222301855,-0.07717142502597295,1.0109979321776923,0.0,0.0,1.0,0.0,0.0,4.95
STU-11379,0.47771302261952925,0.03112769580821122,-1.0823607272580489,0.8305441645080737,0.25324985497767216,0.9226778567194451,0.13655902598082686,0.0,0.0,0.0,0.0,1.0,4.13
STU-11587,-0.17089308146793408,0.14256233543356528,1.500951693507151,1.2750953025573066,-0.5379127447645059,1.8323767933894557,0.15696260045875382,0.0,0.0,1.0,0.0,0.0,3.67
STU-14016,0.47771302261952925,0.6828514972534635,1.2657472483403385,1.789107555926732,1.0544635222301855,0.13591120878862406,-0.38518952138330287,0.0,0.0,0.0,1.0,0.0,5.54
STU-13808,0.26151098792370814,-0.8451537885184363,-0.11890820918980796,-0.6142470341519322,0.1735592482885781,-0.6426599532262504,3.3894717570331667,0.0,0.0,0.0,0.0,1.0,2.99
STU-13147,-0.3870951161637552,-0.9700956571892878,0.5975304355024061,0.41377747258691844,-0.4582221380754108,-0.38040440391597674,-0.09079508963035823,0.0,0.0,0.0,0.0,1.0,3.87
STU-12740,0.04530895322788702,-1.1355592129966317,-0.8894733998409146,0.010903003729801398,-0.2177144512209381,0.8407229975599835,3.1213104924661272,1.0,0.0,0.0,1.0,0.0,3.55
STU-13407,-0.17089308146793408,0.2641273968430425,-0.22716130110758861,-0.5170014727036621,0.9123127102982875,0.5702719623337646,0.12781463691885814,0.0,0.0,0.0,0.0,1.0,3.6
STU-10195,0.04530895322788702,0.7672716787878225,0.5768639361362852,0.6638374877396126,0.15417504666150042,0.5538809905018722,1.7426118170290699,0.0,0.0,0.0,1.0,0.0,4.8
STU-12821,-0.17089308146793408,0.7284383952820174,0.2452158272609048,1.789107555926732,0.1735592482885781,-0.5852915518146279,0.9643611905138595,1.0,0.0,0.0,0.0,1.0,5.21
STU-11688,1.1263191267069925,-1.2166025872696165,0.20880342361583437,-0.7253848186642391,-0.9715445144961524,-1.3966446574932865,-0.7087319166761431,1.0,0.0,0.0,0.0,0.0,3.65
STU-14051,12.15262289619387,-0.14277787815256845,-0.028369259585847902,0.024795226793840854,0.2396091204993589,0.25884349752781505,0.1453034150427956,1.0,1.0,0.0,0.0,0.0,4.0
STU-14032,-0.6032971508595764,-1.7416961164133302,0.5542291987352945,-1.1838281797775103,-1.5444553625853155,0.9472643144672828,-0.2802568526396789,0.0,0.0,0.0,0.0,1.0,2.79
STU-11356,0.26151098792370814,1.0509234887432692,-0.41020743835037987,1.0111430643405754,0.33006872809238397,-0.577096065898682,-0.5863104698085818,0.0,1.0,0.0,0.0,0.0,5.0
STU-14587,0.6939150573153504,-0.8384001739956876,-2.493587398258924,-0.32251034980712207,0.1735592482885781,-0.4623592630754369,-0.7582834546939654,0.0,1.0,0.0,0.0,0.0,2.53
STU-10254,-0.17089308146793408,-0.6931974617565898,0.6349269581649128,-0.711492595600201,0.019203568665557627,-0.6262689813943579,0.16862178587471202,0.0,0.0,0.0,1.0,0.0,4.3
STU-11916,0.26151098792370814,0.1729536007859345,0.7727036206057227,-0.016881442398275045,0.7464700963777402,-0.18371274193327145,-0.5221849500208118,0.0,0.0,0.0,0.0,0.0,4.55
STU-11900,0.26151098792370814,-1.1372476166273187,0.3957860369283623,-0.4892170265755844,-0.8236502354154911,-0.9049155025365234,0.993509154053755,0.0,0.0,0.0,0.0,1.0,3.73
STU-11486,-0.6032971508595764,0.5173879414461199,0.3200088725859168,-0.5864625880238544,0.3666833311657519,0.2834299552756527,0.9118948561420477,0.0,0.0,0.0,0.0,1.0,3.56
STU-10995,0.6939150573153504,-0.12589384184569669,0.05823321394837689,1.2195264103011525,0.5045265427360769,0.1686931524524083,0.3988906978398866,1.0,0.0,0.0,1.0,0.0,4.52
STU-14171,0.47771302261952925,1.3447057204828392,1.500951693507151,1.1500652949809602,1.0544635222301855,1.0865875750383656,-1.1459513697745758,0.0,0.0,0.0,1.0,0.0,6.53
STU-11205,0.26151098792370814,0.27763462588854,1.500951693507151,-0.33640257287116154,0.19078964973486834,-2.421080396986542,-0.5600773026226759,0.0,0.0,1.0,0.0,0.0,3.74
STU-13347,0.47771302261952925,1.2602855389484802,0.8612743321748159,-0.1835881191667374,0.1735592482885781,0.07034732146105564,1.1013566191513686,1.0,0.0,0.0,0.0,1.0,5.6
STU-11968,-1.2519032549470397,-1.2706315034516062,-2.649078203013553,-0.8920914954327015,-2.421769969558946,-1.7080731222992362,-0.3414675760734595,1.0,1.0,0.0,0.0,0.0,2.05
STU-11163,0.04530895322788702,0.26919260773510395,0.1822322101451056,0.8166519414440355,0.5957040837226978,-0.4213818334957068,-0.8544717343756206,1.0,0.0,1.0,0.0,0.0,5.33
STU-11222,-1.0357012202512186,0.1256782991266935,-3.1588518540445523,-0.6976003725361627,-0.5939115494649494,-0.7328102983016564,-0.16657979483408653,0.0,0.0,1.0,0.0,0.0,3.14
STU-13219,0.6939150573153504,-0.5699439967164255,0.549308603648123,0.5249152570992267,-0.1495107788293709,-2.552208171641679,-1.1750993333144715,0.0,0.0,0.0,1.0,0.0,3.91
STU-10884,-0.8194991855553975,0.7301267989127048,0.7116882415247933,-0.15580367303866097,0.16853371453340948,0.5948584200816031,-1.4782381541293848,0.0,0.0,0.0,0.0,0.0,4.04
STU-12296,0.04530895322788702,1.5270533125970547,1.3179055562643598,1.1500652949809602,1.0544635222301855,1.3734295820964768,-1.1488661661285653,1.0,0.0,0.0,0.0,0.0,5.44
STU-13716,0.26151098792370814,-0.6763134254497181,-1.1197572499205541,-0.9893370568809715,-2.6507907221158917,0.9390688285513369,0.24732128743242981,1.0,1.0,0.0,0.0,0.0,3.59
STU-14675,0.6939150573153504,0.5883008939349815,0.6851170280540645,-1.4894570871863586,0.8354938371835757,1.0865875750383656,-0.3822747250293134,1.0,0.0,1.0,0.0,0.0,5.23
STU-10048,1.991127265490277,-0.0026403768055323043,-0.9376952316951978,0.6777297108036509,0.1347908450344238,1.3898205539283686,-1.4986417286073115,1.0,0.0,0.0,1.0,0.0,4.19
STU-10439,1.5587231960986347,1.130278459385567,-0.8422356870040647,0.5249152570992267,1.0544635222301855,-1.1098026504351746,-1.137206980712607,1.0,1.0,0.0,0.0,0.0,4.94
STU-14021,0.26151098792370814,-0.5209802914264973,-0.233066015212195,1.789107555926732,0.4277076696213641,-0.667246410974088,0.9847647649917864,1.0,0.0,0.0,1.0,0.0,4.84
STU-13090,-0.8194991855553975,0.26919260773510395,0.10448680776779179,-0.4058636881913539,1.0544635222301855,0.48831710317430377,-1.5685968411030609,0.0,0.0,0.0,0.0,1.0,4.97
STU-10135,-0.8194991855553975,0.6119385447646021,-0.6985543104586471,0.7055141569317273,-0.7942149662780783,-0.4705547489913835,0.5562897009553222,0.0,0.0,0.0,0.0,1.0,4.57
STU-13507,2.2073293001860983,-0.17316914350493767,0.7185770746468331,-1.1282592875213562,0.8577497723850346,-0.6426599532262504,0.5883524608492076,0.0,0.0,0.0,0.0,1.0,4.89
STU-13661,-0.17089308146793408,0.6879167081455252,0.2599776125224208,-0.08634255771846738,1.0544635222301855,-0.8475471011249015,-1.3295835400759175,1.0,0.0,1.0,0.0,0.0,4.72
STU-12119,0.6939150573153504,-0.37746598281808685,0.15074040158720667,0.13593301130614785,-0.36560873030159935,0.3817757862670053,0.8973208743720997,0.0,0.0,0.0,1.0,0.0,4.22
STU-13485,-1.2519032549470397,1.3295100878066546,1.1004152534113665,1.038927510468652,0.5361156120542762,0.48012161725835795,-0.6475211932423623,1.0,0.0,0.0,0.0,1.0,6.04
STU-14851,1.3425211614028136,-0.6070888765915435,-0.2074789207589011,0.16371745743422553,-1.281691740529384,2.7502712159754124,-0.16657979483408653,1.0,0.0,0.0,1.0,0.0,4.04
STU-12413,1.1263191267069925,0.7216847807592688,1.500951693507151,1.3723408640055768,1.0544635222301855,-0.5115321785711135,-0.6620951750123103,0.0,0.0,0.0,1.0,0.0,5.6
STU-10191,1.991127265490277,-0.5902048402846718,1.500951693507151,0.20539412662634143,0.8319041702155987,0.39816675809889773,-0.9419156249953071,0.0,1.0,0.0,0.0,0.0,4.58
STU-10854,1.7749252307944559,0.21516369155311407,1.500951693507151,-0.2252647883588533,0.39181099994159196,0.6194448778294407,0.5388009228313853,0.0,0.0,0.0,1.0,0.0,4.7
STU-14620,-0.8194991855553975,-1.017370958848529,-0.2743990139444384,-0.461432580447508,-0.4790422064896791,0.7177907088207933,-0.0674767187984418,0.0,1.0,0.0,0.0,0.0,3.5
STU-10116,-1.0357012202512186,0.2793230295192271,-0.19173301647995164,0.4415619187149961,1.0544635222301855,-1.4376220870730165,2.139024121171649,0.0,1.0,0.0,0.0,0.0,4.18
STU-11629,0.6939150573153504,-0.7539799924613284,-1.9916866993673987,-0.5447859188317385,-1.3341008782618504,0.6112493919134948,0.6262448134510715,0.0,0.0,1.0,0.0,0.0,2.83
STU-14273,1.1263191267069925,0.1577579681097499,0.3820083706842812,-0.5031092496396239,1.0099516518272675,0.43094870176268196,-0.592140062516561,0.0,0.0,0.0,1.0,0.0,4.75
STU-10774,0.47771302261952925,-0.5378643277333691,1.3001914139505406,-0.808738157048471,-0.6326799527191037,0.4145577299307895,0.06077432077709859,0.0,0.0,1.0,0.0,0.0,3.76
STU-10018,-0.6032971508595764,1.363278160420398,0.06118557100068009,-0.21137256529481507,1.0544635222301855,1.3406476384326933,-1.3354131327838967,0.0,0.0,1.0,0.0,0.0,5.02
STU-14707,0.9101170920111715,-0.8839870720242414,0.573911579083982,0.21928634969037966,-0.8803669735095315,0.39816675809889773,0.6961999259468208,0.0,0.0,0.0,1.0,0.0,3.66
STU-12372,-0.8194991855553975,-0.048227274834086155,-0.09627347178881865,0.17760968049826376,1.0544635222301855,1.3160611806848543,-1.1955029077923984,0.0,0.0,0.0,0.0,1.0,5.08
STU-10662,0.04530895322788702,-1.3364792450484064,0.7028311703678837,-1.5311337563784733,-0.7705231642894288,-0.5115321785711135,-0.7466242692780072,0.0,0.0,0.0,0.0,1.0,3.3
STU-14379,0.26151098792370814,1.0627423141580794,0.4735314393056775,1.344556417877499,-0.14735697864858446,-0.8065696715451715,-1.4724085614214055,1.0,0.0,1.0,0.0,0.0,5.74
STU-11880,1.5587231960986347,-0.3740891755567123,0.019852572268436723,-0.4058636881913539,1.0544635222301855,-2.806268235036006,-1.0497630900929207,0.0,0.0,0.0,0.0,1.0,4.26
STU-11015,-0.8194991855553975,-0.5361759241026819,-1.2388356510301126,0.41377747258691844,-0.21053511728498409,1.578316729995128,0.5446305155393643,1.0,0.0,0.0,0.0,0.0,4.61
STU-12421,-0.8194991855553975,0.5967429120884176,0.1930575193368835,-0.35029479593519974,0.32863286130519337,0.12771572287267818,0.4251238650257925,0.0,0.0,0.0,0.0,1.0,4.97
STU-10050,-0.8194991855553975,-0.6982626726486513,-0.9317905175905914,1.080604179660768,1.0544635222301855,1.24230180744134,-1.192588111438409,1.0,0.0,1.0,0.0,0.0,4.37
STU-10010,0.47771302261952925,-1.4664863246113193,-0.3649379635483984,-0.32251034980712207,-0.9291864442740211,-0.3476224602521925,1.0896974337354102,1.0,0.0,0.0,0.0,0.0,3.37
STU-11890,-1.0357012202512186,-0.048227274834086155,-0.433826294768804,-0.2669414575509692,0.1735592482885781,-0.4213818334957068,0.17736617493668075,0.0,0.0,0.0,0.0,1.0,3.86
STU-13410,0.47771302261952925,-0.08706055833989142,1.3051120090377135,1.1083886257888442,-0.37278806423755334,1.1193695187021488,0.1598773968127433,1.0,0.0,0.0,0.0,1.0,4.84
STU-12425,-1.0357012202512186,-1.9020944613286124,-0.558809409982969,-0.961552610752895,-1.6507095048374407,-0.48694572082327525,-0.8661309197915789,0.0,0.0,0.0,1.0,0.0,2.61
STU-11895,-0.8194991855553975,0.665967460946592,0.3328024198125631,-1.0865826183292415,0.34370946257069723,-0.6016825236465203,-0.10245427504631645,1.0,0.0,0.0,0.0,1.0,4.78
STU-13088,-1.2519032549470397,-0.048227274834086155,-1.0784242511883109,0.594376372419419,0.09099690802510184,0.0539563496291639,-0.9914671630131295,0.0,0.0,0.0,1.0,0.0,3.75
STU-13879,-0.17089308146793408,0.03112769580821122,0.3111518014290072,-0.3919714651273156,-0.13802384453184405,-0.3967953757478692,-0.6795839531362475,0.0,1.0,0.0,0.0,0.0,4.05
STU-14552,0.04530895322788702,1.3615897567897106,1.500951693507151,1.789107555926732,1.0544635222301855,-1.3638627138295023,-0.00043640265668198663,1.0,0.0,0.0,0.0,1.0,6.45
STU-14624,1.3425211614028136,0.2742578186271657,0.8199413334425725,0.6499452646755731,-0.005206166716687653,-0.4213818334957068,-0.16657979483408653,0.0,0.0,0.0,0.0,0.0,5.38
STU-10019,0.6939150573153504,0.18477242620074483,-1.530134880190683,0.09425634211403319,-0.2873539903996959,-1.9539376997776174,0.7020295186547998,1.0,0.0,1.0,0.0,0.0,3.53
STU-13260,1.3425211614028136,-0.17654595076631197,-1.130582559112332,0.1498252343701873,0.006280767580840198,-0.23288565742894812,0.10158146973295222,1.0,0.0,0.0,0.0,1.0,4.1
STU-13561,-0.8194991855553975,1.3531477386362751,0.06659822559656975,0.5526997032273043,0.1735592482885781,1.0046327158789052,0.28812843638828367,0.0,0.0,0.0,1.0,0.0,5.75
STU-13035,-0.17089308146793408,-0.08537215470920427,0.6496887434264275,0.6082685954834585,-0.10787064200083535,-0.22469017151300152,-0.7349650838620491,1.0,0.0,0.0,1.0,0.0,4.89
STU-13204,-0.6032971508595764,0.1256782991266935,-0.7556332134698414,0.19150190356230198,0.41765660211102784,-0.7164193264697647,-0.254023685453773,1.0,0.0,1.0,0.0,0.0,4.06
STU-10448,-0.3870951161637552,1.0745611395728898,0.768767144535986,0.06647189598595551,1.0544635222301855,0.18508412428430074,-0.6533507859503416,0.0,0.0,0.0,0.0,0.0,5.08
STU-10836,0.26151098792370814,1.3092492442384083,1.1358435380390033,-0.4058636881913539,1.0544635222301855,0.31621189893943685,-0.624202822410446,0.0,1.0,0.0,0.0,0.0,5.36
STU-13290,0.47771302261952925,-0.6037120693301693,-0.4879528407276937,-1.2949659642898186,-0.7798562984061692,0.37358030035105944,-0.16657979483408653,0.0,1.0,0.0,0.0,0.0,2.94
STU-14389,-1.2519032549470397,1.6165387050234754,0.463690249131333,0.594376372419419,0.1735592482885781,0.7423771665686316,0.14238861868880612,1.0,1.0,0.0,0.0,0.0,5.94
STU-13985,0.9101170920111715,-0.4669513752445074,0.26981880269676384,-0.9198759415607791,0.0464850376221841,-1.3556672279135564,1.5327464795418224,1.0,1.0,0.0,0.0,0.0,3.35
STU-10381,0.47771302261952925,0.2843882404112886,-1.2289944608557681,0.5249152570992267,-0.0044882333230918435,0.4063622440148436,2.313911902411022,0.0,0.0,0.0,1.0,0.0,3.92
STU-13234,-0.3870951161637552,0.5731052612587969,0.3888972038063224,-0.8226303801125091,-0.6879608240259525,-0.454163777159491,0.38431671606993895,0.0,0.0,1.0,0.0,0.0,3.86
STU-12124,-0.3870951161637552,-0.23732848147105073,0.10940740285496331,-0.32251034980712207,-1.756963647089566,-0.6508554391421962,-0.4580594302330417,0.0,0.0,0.0,1.0,0.0,3.88
STU-12801,0.04530895322788702,-0.048227274834086155,-1.5350554752778547,-1.822870440723282,-0.7432416953328023,0.6686177933251173,-0.16657979483408653,0.0,0.0,0.0,0.0,1.0,2.33
STU-12376,0.6939150573153504,-0.6915090581259027,-1.6994033511893933,-0.10023478078250683,-0.3246865268666586,1.3980160398443158,0.43095345773377153,0.0,0.0,0.0,0.0,1.0,4.27
STU-11495,0.6939150573153504,-0.4095456518011433,-0.8146803545159025,-0.0029892193342368227,-0.39001846568384463,0.37358030035105944,-1.2450544458102206,1.0,0.0,0.0,0.0,0.0,3.88
STU-12378,1.3425211614028136,0.9361120418565408,-0.0687181393006564,1.6224008791582696,1.0544635222301855,-0.6016825236465203,0.1627921931667328,1.0,1.0,0.0,0.0,0.0,5.79
STU-12620,0.6939150573153504,-0.21706763790280437,-1.4868336434235714,-1.0310137260730874,-0.3663266636951952,-1.339276256081664,-0.5688216916846446,0.0,0.0,1.0,0.0,0.0,2.69
STU-14988,-0.17089308146793408,0.48361986883237634,0.019852572268436723,0.5804841493553808,0.3056589927101387,0.7505726524845775,-0.16657979483408653,0.0,0.0,0.0,0.0,1.0,4.47
STU-14452,1.5587231960986347,0.2759462222578528,-0.037226330742756095,0.8166519414440355,0.5633970810109027,-0.4951412067392211,1.541490868603791,0.0,0.0,0.0,0.0,1.0,4.94
STU-11273,-0.3870951161637552,-1.9020944613286124,-1.3342951957212457,-1.3922115257380885,-2.111622743525715,0.20967058203213837,0.18319576764465975,0.0,0.0,0.0,0.0,0.0,1.31
STU-13135,-0.17089308146793408,0.5156995378154327,0.11826447401187291,0.13593301130614785,0.15130331308711922,0.9882417440470136,-0.4697186156489999,0.0,0.0,0.0,1.0,0.0,4.71
STU-12641,-0.6032971508595764,0.1543811608483756,-1.3707075993663176,0.31653191113864965,0.18289238240531852,0.02117440596537969,-0.4114226885692088,1.0,0.0,0.0,0.0,1.0,3.97
STU-12551,0.26151098792370814,1.4037998475568902,1.500951693507151,-0.05855811159039094,1.0544635222301855,-0.2820585729246241,-1.2771172057041056,0.0,1.0,0.0,0.0,0.0,5.85
STU-10645,0.9101170920111715,0.16451158263249877,-0.006718641202290656,0.2470707958184561,0.7579570306752681,0.22606155386403082,0.5708636827252701,1.0,0.0,0.0,0.0,1.0,4.92
STU-10382,-1.2519032549470397,0.6507718282704074,0.3544530381961189,1.136173071916922,0.8577497723850346,0.02117440596537969,-0.16657979483408653,1.0,0.0,0.0,0.0,1.0,5.8
STU-14286,0.6939150573153504,0.5714168576281097,0.7736877396231575,0.1498252343701873,1.0544635222301855,1.0538056313745805,-0.5746512843926236,0.0,0.0,0.0,1.0,0.0,5.32
STU-12342,0.47771302261952925,-1.1912765328093087,-0.7448079042780621,0.21928634969037966,0.08238170730195621,-0.3148405165884083,0.16570698952072255,0.0,0.0,0.0,0.0,1.0,2.89
STU-13924,-0.8194991855553975,0.1543811608483756,1.500951693507151,0.024795226793840854,1.0544635222301855,1.0456101454586346,-0.18989816566600295,0.0,0.0,0.0,0.0,0.0,5.8
STU-12218,0.6939150573153504,0.21516369155311407,-0.7900773790800435,-0.8781992723686632,0.4664760728755184,0.06215183554510977,-0.8894492906234953,0.0,0.0,0.0,1.0,0.0,4.2
STU-14810,0.6939150573153504,0.23035932422929897,-2.2583829530921116,-0.6976003725361627,-1.0663117224507512,0.07854280737700152,-0.6679247677202893,1.0,0.0,1.0,0.0,0.0,3.85
STU-13711,0.47771302261952925,1.0509234887432692,-0.7064272625981233,1.789107555926732,-0.1904329822643116,-0.06897593911002707,-1.2013325005003772,1.0,0.0,0.0,0.0,1.0,4.67
STU-12121,1.5587231960986347,0.31309110213297064,0.22159697084248062,-0.4197559112553921,1.0544635222301855,1.9471135962127009,-0.507610968250864,0.0,1.0,0.0,0.0,0.0,4.05
STU-14531,0.04530895322788702,-1.3482980704632166,-2.0989556722677443,-0.1835881191667374,0.2518139881904805,-0.43777280532759927,0.19194015670662848,0.0,0.0,1.0,0.0,0.0,2.4
STU-13683,-1.2519032549470397,-0.46019776072175883,-0.678871930109961,-0.6420314802800086,-0.07699950607623188,0.5456855045859264,0.0578595244231091,1.0,0.0,0.0,0.0,1.0,4.09
STU-13270,-0.6032971508595764,0.21854049881448864,-0.3068749415197721,0.1498252343701873,0.6933430252516779,1.3160611806848543,0.23857689837046134,0.0,0.0,1.0,0.0,0.0,3.82
STU-12999,0.9101170920111715,-0.43824851352282534,1.2263824876429634,-0.11412700384654506,0.32863286130519337,-1.2245394532584197,0.8885764853101312,0.0,0.0,0.0,0.0,0.0,4.42
STU-11481,-0.8194991855553975,0.23035932422929897,1.2982231759156722,-0.7809537109203932,1.0544635222301855,-0.6426599532262504,3.258305921103637,0.0,0.0,0.0,0.0,1.0,4.05
STU-12484,0.04530895322788702,1.4071766548182651,1.118129395725184,0.3304241342026879,1.0544635222301855,-0.241081143344894,-0.8777901052075371,1.0,0.0,0.0,0.0,1.0,5.38
STU-11799,-0.17089308146793408,-0.4585093570910714,-1.6009914494459572,-0.30861812674308386,-0.2880719237932917,1.0538056313745805,-1.2450544458102206,0.0,1.0,0.0,0.0,0.0,3.68
STU-12247,0.47771302261952925,1.878241267779989,0.6300063630777414,1.789107555926732,1.0544635222301855,0.20967058203213837,1.2645852149747836,1.0,0.0,0.0,0.0,1.0,6.4
STU-14009,-0.17089308146793408,0.1982796552462423,-0.4781116505533506,0.7749752722519196,-0.29955885809081856,-0.03619399544624286,1.617275573807519,0.0,0.0,0.0,1.0,0.0,4.54
STU-12233,-0.3870951161637552,-0.6155308947449796,-0.22912953914245693,-1.2393970720336644,1.0422586545390626,1.1193695187021488,0.5154825519994688,0.0,0.0,1.0,0.0,0.0,3.61
STU-12518,0.47771302261952925,0.09022182288226284,1.500951693507151,0.7749752722519196,0.4155028019302414,-0.42957731941165267,-1.4782381541293848,0.0,0.0,0.0,0.0,1.0,4.39
STU-14769,-0.3870951161637552,-1.6083122295890426,0.009027263076658798,-0.1280192269105833,-3.3191867115532485,0.9636552862991745,-1.3878794671557084,1.0,0.0,0.0,0.0,1.0,3.78
STU-11979,0.6939150573153504,-1.008928940695093,1.0088921847899701,-1.3505348565459727,-1.4066121510149905,-0.42957731941165267,0.7136887040707582,0.0,0.0,0.0,1.0,0.0,3.86
STU-11274,-0.3870951161637552,0.5781704721508583,0.06659822559656975,0.9000052798282673,1.0544635222301855,-0.7000283546378723,0.6087560353271345,0.0,0.0,0.0,0.0,1.0,5.69
STU-13643,0.9101170920111715,0.034504503069585815,0.9114644020639687,1.427909756261731,-1.5128662932671162,0.9718507722151204,-0.07913590421440002,0.0,0.0,1.0,0.0,0.0,4.89
STU-10618,-0.8194991855553975,0.36036640379221196,-0.5952218136280394,0.27485524194653377,0.12186804394970635,0.5948584200816031,0.5854376644952181,0.0,0.0,0.0,0.0,1.0,4.08
STU-12709,-0.17089308146793408,1.2940536115622236,0.4203890123642213,1.789107555926732,1.0207206527311996,0.24245252569592257,-1.5831708228730088,0.0,0.0,0.0,0.0,1.0,5.68
STU-11516,-0.6032971508595764,-0.20356040885730692,-0.09824170982368698,-0.7809537109203932,0.17786684865015093,-0.7328102983016564,-0.2452792963918043,1.0,0.0,0.0,1.0,0.0,4.16
STU-10850,0.04530895322788702,-0.49734264059687666,0.3337865388299979,1.191741964173076,-0.8085736341499873,-1.4867950025686927,0.19776974941460745,1.0,1.0,0.0,0.0,0.0,4.25
STU-13623,-0.6032971508595764,0.3232215239170938,-0.07068637733552474,-0.21137256529481507,0.5978578839034842,-2.183411305424107,0.3988906978398866,1.0,0.0,0.0,1.0,0.0,4.03
STU-14034,1.1263191267069925,0.08009140109813966,-0.5115716971461193,-1.4338881949302045,0.02422910242072625,0.7013997369889016,1.0109979321776923,0.0,0.0,0.0,0.0,0.0,3.37
STU-11549,0.6939150573153504,0.9648149035782232,0.1733751389881974,1.7057542175425013,1.0544635222301855,0.5866629341656564,0.25315088014040904,1.0,0.0,1.0,0.0,0.0,5.24
STU-10744,-0.3870951161637552,0.6254457738100996,-0.17008239809639578,0.691621933867689,0.16709784774621889,-1.724464094131128,1.0576346738415252,0.0,1.0,0.0,0.0,0.0,4.01
STU-11325,-0.17089308146793408,1.5439373489039268,0.09759797464575053,1.2195264103011525,1.0544635222301855,0.5784674482497105,-0.23362011097584606,0.0,0.0,0.0,0.0,1.0,6.01
STU-14186,0.04530895322788702,-0.28122697586891743,0.06659822559656975,1.344556417877499,0.5827812826379803,0.36538481443511356,-0.254023685453773,0.0,1.0,0.0,0.0,0.0,4.92
STU-12272,0.04530895322788702,-0.9836028862347851,-0.9042351851024291,-1.4061037488021269,-0.12294724326634021,-0.9295019602843617,0.46593101398164616,0.0,0.0,0.0,0.0,1.0,3.4
STU-10698,-0.17089308146793408,-0.061734503879583624,0.3692148234576349,-1.6005948716986669,1.0544635222301855,0.33260287077132933,0.4775901993976044,0.0,1.0,0.0,0.0,0.0,4.21
STU-10810,0.47771302261952925,-0.33525589205090733,0.06659822559656975,-0.2252647883588533,0.5942682169355071,-0.9295019602843617,-1.0177003301990355,0.0,0.0,0.0,0.0,1.0,3.13
STU-11214,-0.8194991855553975,-0.7067046908020873,0.9301626633952215,0.9833586182124978,0.1735592482885781,0.3571893285191677,-0.9943819593671192,0.0,0.0,0.0,1.0,0.0,4.04
STU-14367,-0.8194991855553975,-0.048227274834086155,1.05416165959195,0.28874746501057197,1.008515785040077,0.3407983566872752,0.07826309890103579,1.0,0.0,0.0,0.0,1.0,5.32
STU-10728,-1.0357012202512186,1.2670391534712286,-0.11693997115493963,1.080604179660768,1.0544635222301855,-0.7492012701335489,-0.4114226885692088,0.0,0.0,1.0,0.0,0.0,4.68
STU-13578,-1.2519032549470397,-1.1186751766897598,-2.7041888679898767,0.21928634969037966,0.18504618258610495,-0.16732177010137972,0.37557232700797016,1.0,0.0,0.0,0.0,0.0,3.78
STU-14845,0.6939150573153504,-0.029654834896527243,-0.664110144848445,-1.8784393329794362,-0.9736983146769388,0.02117440596537969,-0.9331712359333386,1.0,0.0,0.0,1.0,0.0,3.04
STU-14405,0.47771302261952925,-0.048227274834086155,0.5817845312234567,1.080604179660768,-1.4453805542691438,-0.8475471011249015,-0.3094048161795746,0.0,0.0,0.0,1.0,0.0,3.96
STU-10802,0.26151098792370814,2.025132383649774,0.11039152187239819,0.024795226793840854,1.0544635222301855,0.2670389834437609,-0.9972967557211087,0.0,1.0,0.0,0.0,0.0,5.56
STU-14473,-0.6032971508595764,-0.9836028862347851,-0.2743990139444384,-1.1282592875213562,1.0544635222301855,-0.4131863475797609,0.0724335061930568,0.0,0.0,0.0,0.0,1.0,3.52
STU-12741,-0.17089308146793408,-0.8029436977512567,0.5010867717938398,-0.16969589610269917,-0.9442630455395259,-0.5525096081508436,0.49507897752154184,0.0,0.0,1.0,0.0,0.0,3.66
STU-10476,0.47771302261952925,-0.048227274834086155,-0.7192208098247695,0.16371745743422553,-1.2020011338402898,0.42275321584673536,-0.7437094729240178,1.0,0.0,0.0,1.0,0.0,2.93
STU-12140,1.1263191267069925,0.40088809092870437,0.0041066679894872695,0.8583286106361514,0.6258572862537065,-0.03619399544624286,-1.2508840385181996,1.0,0.0,1.0,0.0,0.0,4.9
STU-11307,-0.17089308146793408,-0.21200242701074293,-0.03821044976019096,1.1639575180449984,0.594986150329102,0.7751591102324158,1.2820739930987206,1.0,0.0,0.0,0.0,0.0,5.13
STU-13930,-0.8194991855553975,-0.19342998707318404,0.8563537370876443,0.2470707958184561,1.0544635222301855,-0.11814885460570303,0.780729020212518,0.0,0.0,0.0,0.0,0.0,5.12
STU-10806,-1.2519032549470397,-0.4585093570910714,0.11531211695956971,-1.4061037488021269,-0.9607755135922204,0.18508412428430074,2.561669592500134,0.0,0.0,0.0,0.0,1.0,3.57
STU-10144,-0.8194991855553975,0.7993513477708792,1.0718758019057693,-0.05855811159039094,1.0544635222301855,0.0539563496291639,1.2616704186207937,1.0,0.0,0.0,0.0,0.0,5.57
STU-11389,0.26151098792370814,0.2168520951838015,0.7471165261524302,-0.04466588852635272,1.0544635222301855,0.07034732146105564,-1.125547795296649,0.0,0.0,0.0,1.0,0.0,4.93
STU-10596,-0.8194991855553975,-0.31837185574403526,-0.7507126183826685,-1.072690395265202,-1.4712261564385807,0.36538481443511356,-0.25985327816175197,0.0,0.0,0.0,0.0,0.0,2.82
STU-13721,0.04530895322788702,-0.5530599604095536,1.2686996053926416,-0.4753248035115462,-0.20407371674262487,0.6030539059975489,-0.14909101671014907,0.0,0.0,1.0,0.0,0.0,3.73
STU-10167,1.991127265490277,0.43296775991176073,0.6546093385136004,-0.461432580447508,1.0544635222301855,-0.12634434052164964,-0.4930369864809163,0.0,0.0,0.0,1.0,0.0,5.31
STU-12512,-0.8194991855553975,-0.5311107132106205,-0.07855932947499947,-1.1282592875213562,0.5002189423745041,1.6520761032386422,-0.16657979483408653,0.0,0.0,0.0,1.0,0.0,3.87
STU-14104,-0.6032971508595764,0.5207647487074941,0.10350268875035692,0.05257967292191729,1.0544635222301855,0.7095952229048474,-0.9914671630131295,0.0,0.0,0.0,0.0,1.0,5.11
STU-10943,0.26151098792370814,0.20334486613830405,-0.5105875781286844,0.1081485651780714,-0.18109984814757019,1.578316729995128,-0.16657979483408653,0.0,0.0,0.0,0.0,1.0,4.4
STU-13117,0.6939150573153504,-0.048227274834086155,-0.8658545434224889,-1.0449059491371255,-0.0870505735865681,-0.241081143344894,-0.44057065210910423,0.0,1.0,0.0,0.0,0.0,3.81
STU-12180,0.26151098792370814,-0.1816111616583737,0.33575477686486627,-0.5170014727036621,0.6933430252516779,0.2752344693597068,-0.16657979483408653,0.0,0.0,0.0,0.0,1.0,4.23
STU-10269,0.6939150573153504,0.5376487850143659,0.06659822559656975,-0.33640257287116154,1.0544635222301855,-0.5934870377305738,-0.032499162550567146,0.0,0.0,0.0,1.0,0.0,4.71
STU-11608,-0.6032971508595764,-1.3195952087415344,0.24029523217373328,-0.558678141895778,-0.5687838806891093,-0.3066450306724624,2.7686201336333918,0.0,0.0,1.0,0.0,0.0,3.28
STU-14067,-0.3870951161637552,-0.2643429395620457,0.5808004122060233,-0.558678141895778,0.18361031579891435,0.9390688285513369,-0.45222983752506246,1.0,1.0,0.0,0.0,0.0,5.3
STU-10350,-0.8194991855553975,0.6068733338725404,0.7057835274201868,0.5665919262913426,0.718470694027518,-0.48694572082327525,-0.43765585575511473,0.0,0.0,0.0,1.0,0.0,4.64
STU-13521,1.3425211614028136,0.00917844860927802,0.9232738302731802,-0.016881442398275045,-0.395761932832608,-0.27386308700867823,-0.032499162550567146,0.0,0.0,0.0,0.0,1.0,4.37
STU-12051,-0.6032971508595764,-0.048227274834086155,1.500951693507151,0.39988524952288024,1.0544635222301855,-1.3474717419976099,0.6349892025130405,0.0,0.0,0.0,0.0,1.0,5.8
STU-13915,1.3425211614028136,0.39244607277526833,0.30131061125466413,-2.1840682403882843,0.42698973622776926,-0.4705547489913835,-1.2246508713322937,0.0,0.0,0.0,1.0,0.0,3.05
STU-14949,-1.2519032549470397,0.9580612890554746,0.13105802123851917,0.3443163572667261,1.0544635222301855,-1.117998136351121,0.5242269410614373,0.0,0.0,0.0,1.0,0.0,5.02
STU-13146,-0.3870951161637552,-0.03303164215790154,-0.5273176014250687,0.3304241342026879,1.0515917886558033,0.8735049412237684,0.0724335061930568,0.0,0.0,0.0,0.0,1.0,4.56
STU-11181,0.04530895322788702,0.8736411075211155,1.500951693507151,1.6640775483503856,0.8139558353757127,-1.0114568194438227,0.8361101509383194,0.0,0.0,1.0,0.0,0.0,5.63
STU-14896,-1.2519032549470397,0.07671459383676536,0.6231175299557001,1.789107555926732,-0.5077595422334972,-0.5934870377305738,0.4163794759638238,1.0,0.0,1.0,0.0,0.0,4.49
STU-10084,-0.3870951161637552,0.07840299746745251,-0.37281091568787456,-0.2391570114228915,-0.43022273572518954,0.12771572287267818,-0.3035752234715954,1.0,0.0,0.0,1.0,0.0,3.87
STU-13691,-0.8194991855553975,0.09866384103569857,-0.31179553660694365,-0.905983718496741,0.6050372178394382,0.19327961020024662,-1.300435576536022,0.0,0.0,0.0,1.0,0.0,4.64
STU-12781,0.26151098792370814,1.305872436977034,-0.0805275675098678,0.024795226793840854,1.0544635222301855,1.3734295820964768,-1.2508840385181996,0.0,0.0,0.0,1.0,0.0,4.62
STU-11548,0.04530895322788702,-0.8130741195353798,-0.6946178343889104,-0.5864625880238544,-1.0720551895995147,1.5209483285835053,-0.4959517828349058,0.0,0.0,0.0,0.0,0.0,3.71
STU-11329,-0.8194991855553975,0.6153153520259764,1.3828574114150274,0.06647189598595551,1.0544635222301855,-2.5358171998097867,-0.6154584333484775,1.0,0.0,0.0,1.0,0.0,4.73
STU-14232,0.47771302261952925,-1.295957557911914,0.06659822559656975,0.8722208337001897,1.0544635222301855,0.7997455679802542,1.2266928623729192,1.0,0.0,0.0,0.0,1.0,5.48
STU-11203,-0.3870951161637552,1.0441698742205205,0.050360261808902164,0.9277897259563437,1.0544635222301855,-0.6836373828059805,-1.3616462999698027,0.0,0.0,1.0,0.0,0.0,4.82
STU-11012,1.5587231960986347,-0.05498088935683504,-0.42693746164676416,-0.364187018999238,1.0544635222301855,1.1193695187021488,-0.6475211932423623,0.0,0.0,1.0,0.0,0.0,3.73
STU-12593,0.47771302261952925,1.2113218336585518,-0.7625220465918813,0.2470707958184561,1.0544635222301855,0.49651258909025037,-0.6737543604282685,0.0,0.0,0.0,1.0,0.0,5.22
STU-10540,1.1263191267069925,0.48699667609375064,1.416317458007796,1.4695864254538455,1.0544635222301855,0.6030539059975489,-0.3123196125335641,1.0,0.0,0.0,0.0,1.0,5.89
STU-10053,0.9101170920111715,0.15269275721768846,-0.7576014515047097,0.6221608185474967,-0.6807814900899986,0.2752344693597068,-0.4318262630471358,1.0,0.0,0.0,0.0,1.0,3.83
STU-14713,-0.6032971508595764,-1.0021753261723443,-0.7172525717899012,-1.308858187353858,-0.37278806423755334,1.2914747229370167,1.3957510509043132,0.0,0.0,0.0,0.0,0.0,3.09
STU-14770,0.6939150573153504,0.2168520951838015,0.7254659077688743,1.3723408640055768,0.9546707805204189,-1.085216192687337,-0.871960512499558,0.0,0.0,0.0,1.0,0.0,4.94
STU-14795,0.26151098792370814,0.18308402257005768,0.4233413694165245,1.789107555926732,0.22453251923385406,0.5456855045859264,-0.9827227739511609,1.0,1.0,0.0,0.0,0.0,4.93
STU-11812,-0.17089308146793408,-0.2643429395620457,0.06659822559656975,-1.7395171023390514,-0.7217036935249382,1.701249018734319,-0.5192701536668223,1.0,0.0,0.0,0.0,1.0,3.86
STU-14720,-0.17089308146793408,-0.5952700511767333,-0.19763773058455802,-0.33640257287116154,-1.2048728674146711,1.0292191736267429,-0.8282385671897148,1.0,0.0,0.0,1.0,0.0,3.5
STU-12547,0.47771302261952925,-0.8282697522115644,-0.3167161316941152,-0.7809537109203932,-1.2285646694033205,0.07854280737700152,-0.1520058130641388,0.0,0.0,0.0,0.0,1.0,3.23
STU-12309,-0.8194991855553975,-0.1562851071980659,-1.983813747227924,-1.0032292799450098,-1.2242570690417478,0.7751591102324158,-0.31814920524154305,1.0,0.0,1.0,0.0,0.0,3.67
STU-11391,0.04530895322788702,0.1256782991266935,1.210636583364014,1.789107555926732,0.5892426831803386,1.5455347863313444,-0.9448304213492968,0.0,0.0,0.0,0.0,0.0,5.35
STU-12840,-1.2519032549470397,1.1522277065845004,1.500951693507151,0.23317857275441786,1.0544635222301855,0.06215183554510977,-0.061647126090462565,1.0,0.0,0.0,1.0,0.0,5.32
STU-14628,1.7749252307944559,-0.048227274834086155,0.5906416023803663,-0.461432580447508,1.0544635222301855,0.521099046838088,3.3894717570331667,0.0,0.0,0.0,0.0,0.0,4.54
STU-12954,-0.17089308146793408,1.2704159607326029,1.500951693507151,0.024795226793840854,1.0544635222301855,-0.790178699713279,-0.16657979483408653,1.0,0.0,1.0,0.0,0.0,5.43
STU-11751,0.47771302261952925,0.6355761955942227,0.5119120809856177,-0.5031092496396239,0.6667794896886462,2.561775039908654,-0.9972967557211087,0.0,0.0,1.0,0.0,0.0,4.51
STU-10961,-0.8194991855553975,0.8820831256745509,0.33969125293460434,1.789107555926732,0.25683952194564913,-0.241081143344894,1.15673774987717,0.0,0.0,0.0,0.0,1.0,6.02
STU-12181,-0.6032971508595764,0.5055691160313095,0.5227373901773956,-0.364187018999238,1.0544635222301855,-1.7162686082151821,-0.2773420562856895,0.0,0.0,1.0,0.0,0.0,3.51
STU-13149,-1.2519032549470397,-0.2761617649768557,0.6536252194961655,1.6085086560942314,0.6804202241669605,0.8489184834759294,0.2968728254502522,0.0,0.0,1.0,0.0,0.0,4.64
STU-12557,0.26151098792370814,-0.6796902327110923,-0.21633599191581068,0.3304241342026879,-1.9055758595638226,1.5619257581632362,-0.6096288406404983,0.0,0.0,0.0,1.0,0.0,3.26
STU-13569,-1.2519032549470397,-0.8586610175639338,0.7825448107800671,0.39988524952288024,-1.3341008782618504,-0.0034120517824586514,-0.35312676148941774,1.0,0.0,1.0,0.0,0.0,4.02
STU-14169,0.47771302261952925,-1.2098489727468678,-0.12186056624211115,-1.3227504104178962,0.29130032483823065,-1.896569298365995,2.0778133977378683,0.0,0.0,0.0,0.0,0.0,3.62
STU-10141,0.47771302261952925,0.26243899321235536,1.500951693507151,0.3026396880746102,0.5626791476173079,0.9472643144672828,2.0049434888881295,0.0,0.0,1.0,0.0,0.0,4.49
STU-10889,1.7749252307944559,-0.5682555930857383,-0.558809409982969,-0.4753248035115462,0.11181697643937012,0.6112493919134948,-0.9943819593671192,0.0,0.0,1.0,0.0,0.0,3.42
